election_year,election_date,country,election_type,post_id,post_type,post_date,modified,days_from_election,title,url,categories,source,gate,match_score,match_reasons
2023,25/02/2023,Nigeria,Presidential,14237,post,23/03/2023,23/03/2023,26,nigeria 2023 census: all you need to know and why it matters,https://dubawa.org/nigeria-2023-census-all-you-need-to-know-and-why-it-matters/,120|1572|1574,window,window|country_title|body_kw|within_180|score_ok,3,title:nigeria; election:election
2023,25/02/2023,Nigeria,Presidential,14223,post,21/03/2023,21/03/2023,24,"no evidence police colluded with thugs, inec, to disrupt rivers state election",https://dubawa.org/no-evidence-police-colluded-with-thugs-inec-to-disrupt-rivers-state-election/,1571|3797,window,window|country_title|title_kw|within_180|score_ok,5,title:inec; body:irev; body:pdp; election:election|vote|ballot
2023,25/02/2023,Nigeria,Presidential,14213,post,21/03/2023,21/03/2023,24,doctored statement of inec’s presiding officer for abia state circulates whatsapp,https://dubawa.org/doctored-statement-of-inecs-presiding-officer-for-abia-state-circulates-whatsapp/,5|1571|3797,window,window|country_title|body_kw|within_180|score_ok,3,title:inec; election:election
2023,25/02/2023,Nigeria,Presidential,14210,post,21/03/2023,21/03/2023,24,true! inec collation officer in abia state brutalised by thugs,https://dubawa.org/true-inec-collation-officer-in-abia-state-brutalised-by-thugs/,5|1571|3797,window,window|country_title|body_kw|within_180|score_ok,5,body:nigeria; title:inec; body:pdp; election:election
2023,25/02/2023,Nigeria,Presidential,14208,post,21/03/2023,21/03/2023,24,enugu’s gubernatorial election suspended; no winner announced,https://dubawa.org/enugus-gubernatorial-election-suspended-no-winner-announced/,5|1571|3797,window,window|country_body|title_kw|within_180|score_ok,3,body:inec; body:labour party; election:election|candidate
2023,25/02/2023,Nigeria,Presidential,14201,post,21/03/2023,21/03/2023,24,picture of boy who committed suicide unrelated to 2023 elections,https://dubawa.org/picture-of-boy-who-committed-suicide-unrelated-to-2023-elections/,5|1571,window,window|country_body|title_kw|within_180|score_ok,5,body:nigeria; body:inec; body:tinubu; body:peter obi; election:election|poll|presidential
2023,25/02/2023,Nigeria,Presidential,14195,post,20/03/2023,20/03/2023,23,"true, lp supporters protest in enugu",https://dubawa.org/true-lp-supporters-protest-in-enugu/,1571|3797,window,window|country_body|body_kw|within_180|score_ok,3,body:inec; body:labour party; election:election|candidate
2023,25/02/2023,Nigeria,Presidential,14189,post,20/03/2023,20/03/2023,23,lessons sierra leone can learn from nigeria s elections,https://dubawa.org/lessons-sierra-leone-can-learn-from-nigerias-elections/,1572|1574|1268,window,window|country_title|title_kw|within_180|score_ok,5,title:nigeria; body:inec; body:irev; election:election|vote|voter
2023,25/02/2023,Nigeria,Presidential,14186,post,20/03/2023,20/03/2023,23,inec yet to announce enugu’s governor-elect,https://dubawa.org/inec-yet-to-announce-enugus-governor-elect/,1571|3797,window,window|country_title|body_kw|within_180|score_ok,5,body:nigeria; title:inec; body:pdp; election:election
2023,25/02/2023,Nigeria,Presidential,14181,post,20/03/2023,20/03/2023,23,pdp candidate muhammad adamu oyanki is 26 years old not 23,https://dubawa.org/pdp-candidate-muhammad-adamu-oyanki-is-26-years-old-not-23/,1571|3797,window,window|country_title|title_kw|within_180|score_ok,4,body:inec; title:pdp; election:candidate|election
2023,25/02/2023,Nigeria,Presidential,14172,post,20/03/2023,22/03/2023,23,"live fact-checks: nigeria’s 2023 governorship election   monday   tuesday, march 20   21, 2023",https://dubawa.org/live-fact-checks-nigerias-2023-governorship-election-monday-march-20-2023/,5|3797,window,window|country_title|title_kw|within_180|score_ok,7,title:nigeria; body:inec; body:irev; body:pdp; body:labour party; election:election|vote|voter
2023,25/02/2023,Nigeria,Presidential,14165,post,19/03/2023,19/03/2023,22,jigawa state’s final results yet to be announced,https://dubawa.org/jigawa-states-final-results-yet-to-be-announced/,1571|3797,window,window|country_body|within_180|score_ok,3,body:irev; body:apc; body:pdp
2023,25/02/2023,Nigeria,Presidential,14158,post,19/03/2023,19/03/2023,22,binani not announced as yola’s governor,https://dubawa.org/binani-not-announced-as-yolas-governor/,5|1571|3797,window,window|country_body|body_kw|within_180|score_ok,4,body:inec; body:apc; body:pdp; election:vote|candidate
2023,25/02/2023,Nigeria,Presidential,14145,post,19/03/2023,19/03/2023,22,"true, inec official caught with election materials in kogi",https://dubawa.org/true-inec-official-caught-with-election-materials-in-kogi/,1571|3797,window,window|country_title|title_kw|within_180|score_ok,3,title:inec; election:election|ballot
2023,25/02/2023,Nigeria,Presidential,14137,post,19/03/2023,19/03/2023,22,adebayo bode not olumide oworu is inec-approved lp candidate for surulere 1 constituency,https://dubawa.org/adebayo-bode-not-olumide-oworu-is-inec-approved-lp-candidate-for-surulere-1-constituency/,1571|3797,window,window|country_title|title_kw|within_180|score_ok,4,title:inec; body:labour party; election:candidate
2023,25/02/2023,Nigeria,Presidential,14115,post,19/03/2023,19/03/2023,22,inec yet to announce winner of abia state’s governorship election,https://dubawa.org/inec-yet-to-announce-winner-of-abia-states-governorship-election/,1571|3797,window,window|country_title|title_kw|within_180|score_ok,5,title:inec; body:irev; body:labour party; election:election|poll|candidate
2023,25/02/2023,Nigeria,Presidential,14109,post,19/03/2023,20/03/2023,22,"live fact-checks: nigeria’s 2023 governorship election   sunday, march 19, 2023",https://dubawa.org/live-fact-checks-nigerias-2023-governorship-election-sunday-march-19-2023/,5|3797,window,window|country_title|title_kw|within_180|score_ok,8,title:nigeria; body:inec; body:irev; body:apc; body:pdp; body:labour party; election:election|vote|ballot
2023,25/02/2023,Nigeria,Presidential,14082,post,18/03/2023,18/03/2023,21,rivers state result yet to be uploaded on inec portal,https://dubawa.org/rivers-state-result-yet-to-be-uploaded-on-inec-portal/,5|3797,window,window|country_title|body_kw|within_180|score_ok,4,title:inec; body:irev; election:poll
2023,25/02/2023,Nigeria,Presidential,14076,post,18/03/2023,18/03/2023,21,tinubu not hospitalised as alleged,https://dubawa.org/tinubu-not-hospitalised-as-alleged/,1571|3797,window,window|country_title|body_kw|within_180|score_ok,4,body:nigeria; title:tinubu; election:ballot|poll
2023,25/02/2023,Nigeria,Presidential,14054,post,18/03/2023,18/03/2023,21,pdp has not collapsed its structure for lp in lagos guber polls,https://dubawa.org/pdp-has-not-collapsed-its-structure-for-lp-in-lagos-guber-polls/,5|3797,window,window|country_title|title_kw|within_180|score_ok,3,title:pdp; election:poll|candidate
2023,25/02/2023,Nigeria,Presidential,14045,post,18/03/2023,19/03/2023,21,"live fact-check: dubawa, nfc monitor mis/disinformation as electorates decide gubernatorial, state assembly seats",https://dubawa.org/live-fact-check-dubawa-nfc-monitor-mis-disinformation-as-electorates-decide-gubernatorial-state-assembly-seats/,1571|3797,window,window|country_body|body_kw|within_180|score_ok,8,body:nigeria; body:inec; body:irev; body:tinubu; body:apc; body:pdp; body:labour party; election:election|vote|voter
2023,25/02/2023,Nigeria,Presidential,14027,post,18/03/2023,19/03/2023,21,"live fact-checks: nigeria’s 2023 governorship election   saturday, march 18, 2023",https://dubawa.org/live-fact-checks-nigerias-2023-governorship-election-saturday-march-18-2023/,1571|3797,window,window|country_title|title_kw|within_180|score_ok,9,title:nigeria; body:inec; body:irev; body:tinubu; body:apc; body:pdp; body:labour party; election:election|vote|voter
2023,25/02/2023,Nigeria,Presidential,14023,post,17/03/2023,17/03/2023,20,viral image of olumide oworu from movie shoot used to depict attack on his campaign team,https://dubawa.org/viral-image-of-olumide-oworu-from-movie-shoot-used-to-depict-attack-on-his-campaign-team/,5|1571,window,window|country_body|body_kw|within_180|score_ok,4,body:nigeria; body:apc; body:labour party; election:election|candidate
2023,25/02/2023,Nigeria,Presidential,14019,post,17/03/2023,17/03/2023,20,"apc national women’s leader, betta edu, shares misleading claims about elections in cross river state",https://dubawa.org/apc-national-womens-leader-betta-edu-shares-misleading-claims-about-elections-in-cross-river-state/,5|1571,window,window|country_title|title_kw|within_180|score_ok,6,body:inec; title:apc; body:pdp; body:labour party; election:election|poll|candidate
2023,25/02/2023,Nigeria,Presidential,14016,post,16/03/2023,16/03/2023,19,"parody account holder parades self as history professor, saheed aderinto, for political gimmick",https://dubawa.org/parody-account-holder-parades-self-as-history-professor-saheed-aderinto-for-political-gimmick/,1571|16,window,window|country_body|body_kw|within_180|score_ok,4,body:nigeria; body:tinubu; body:peter obi; election:election|presidential
2023,25/02/2023,Nigeria,Presidential,14000,post,15/03/2023,15/03/2023,18,inec denies appointing ex-lagos commissioner femi odubiyi as head of ict,https://dubawa.org/inec-denies-appointing-ex-lagos-commissioner-femi-odubiyi-as-head-of-ict/,1688|1576,window,window|country_title|body_kw|within_180|score_ok,5,title:inec; body:tinubu; body:apc; election:election|vote|voter
2023,25/02/2023,Nigeria,Presidential,13997,post,15/03/2023,15/03/2023,18,"dele momodu, not nigeria’s chief justice olukayode ariwoola, was standing next to tinubu in viral throwback photo",https://dubawa.org/dele-momodu-not-nigerias-chief-justice-olukayode-ariwoola-was-standing-next-to-tinubu-in-viral-throwback-photo/,1571|16,window,window|country_title|body_kw|within_180|score_ok,8,title:nigeria; body:inec; title:tinubu; body:pdp; body:labour party; election:election|presidential
2023,25/02/2023,Nigeria,Presidential,13983,post,15/03/2023,15/03/2023,18,"hookah-smoking viral image not, abiodun oyefusi, labour party’s deputy governorship candidate in lagos",https://dubawa.org/viral-image-of-hookah-smoking-lady-not-abiodun-oyefusi-labour-partys-deputy-governorship-candidate-in-lagos/,5|1571,window,window|country_title|title_kw|within_180|score_ok,4,body:pdp; title:labour party; election:candidate|election|vote
2023,25/02/2023,Nigeria,Presidential,13957,post,12/03/2023,12/03/2023,15,fact-checking fake political endorsements staged for nigeria s presidential candidates,https://dubawa.org/fact-checking-fake-political-endorsements-staged-for-nigerias-presidential-candidates/,5|1574|16,window,window|country_title|title_kw|within_180|score_ok,9,title:nigeria; body:tinubu; body:atiku; body:peter obi; body:apc; body:pdp; body:labour party; election:candidate|presidential|election
2023,25/02/2023,Nigeria,Presidential,13950,post,10/03/2023,10/03/2023,13,2023 elections: how campaign spokespersons spread fake news to promote presidential candidates,https://dubawa.org/2023-elections-how-campaign-spokespersons-spread-fake-news-to-promote-presidential-candidates/,5|1572|1574,window,window|country_body|title_kw|within_180|score_ok,9,body:nigeria; body:inec; body:tinubu; body:atiku; body:peter obi; body:apc; body:pdp; body:labour party; election:election|candidate|presidential
2023,25/02/2023,Nigeria,Presidential,13934,post,08/03/2023,09/03/2023,11,inec irev portal did not show peter obi won the 2023 presidential election in 19 states,https://dubawa.org/inec-irev-portal-did-not-show-peter-obi-won-the-2023-presidential-election-in-19-states/,5|437|1571,window,window|country_title|title_kw|within_180|score_ok,14,body:nigeria; title:inec; title:irev; body:tinubu; body:atiku; title:peter obi; body:kwankwaso; body:apc; body:pdp; body:labour party; election:election|presidential|vote
2023,25/02/2023,Nigeria,Presidential,13898,post,06/03/2023,06/03/2023,9,"labour party won 40, not 42, seats at national assembly",https://dubawa.org/labour-party-won-40-not-42-seats-at-national-assembly/,5|1571|16,window,window|country_title|body_kw|within_180|score_ok,6,body:nigeria; body:inec; body:peter obi; title:labour party; election:election|candidate|presidential
2023,25/02/2023,Nigeria,Presidential,13887,post,02/03/2023,06/03/2023,5,swarming photo of football fans has no connection with samura kamara’s entry into freetown,https://dubawa.org/swarming-photo-of-football-fans-has-no-connection-with-samura-kamaras-entry-into-freetown/,16|1268,window,window|country_body|body_kw|within_180|score_ok,3,body:nigeria; body:apc; election:election|candidate|presidential
2023,25/02/2023,Nigeria,Presidential,13872,post,01/03/2023,02/03/2023,4,live fact-check: nigerian fact-checkers monitor mis/disinformation 2023 presidential/nass election  – day 5   6,https://dubawa.org/live-fact-check-nigerian-fact-checkers-monitor-mis-disinformation-2023-presidential-nass-election-day-5/,5|1571|3797|123,window,window|country_title|title_kw|within_180|score_ok,8,title:nigeria; body:tinubu; body:atiku; body:peter obi; body:pdp; body:labour party; election:election|presidential|poll
2023,25/02/2023,Nigeria,Presidential,13850,post,28/02/2023,28/02/2023,3,"no, atiku did not get 25% in all 24 states",https://dubawa.org/no-atiku-did-not-get-25-in-all-24-states/,5|437|3797,window,window|country_title|body_kw|within_180|score_ok,5,body:inec; title:atiku; body:pdp; election:election|vote|candidate
2023,25/02/2023,Nigeria,Presidential,13844,post,28/02/2023,28/02/2023,3,peter obi won four area councils not six in abuja,https://dubawa.org/peter-obi-won-four-area-councils-not-six-in-abuja/,5|437|3797,window,window|country_title|body_kw|within_180|score_ok,7,body:inec; body:tinubu; title:peter obi; body:apc; body:labour party; election:election|vote|poll
2023,25/02/2023,Nigeria,Presidential,13841,post,28/02/2023,28/02/2023,3,false! inec yet to announce winner of nigeria’s 2023 presidential election,https://dubawa.org/false-inec-yet-to-announce-winner-of-nigerias-2023-presidential-election/,5|1571|3797,window,window|country_title|title_kw|within_180|score_ok,7,title:nigeria; title:inec; body:tinubu; body:apc; election:election|presidential|vote
2023,25/02/2023,Nigeria,Presidential,13829,post,28/02/2023,28/02/2023,3,false! no protest at inec s abuja office,https://dubawa.org/false-no-protest-at-inecs-abuja-office/,5|1571|3797,window,window|country_title|body_kw|within_180|score_ok,3,title:inec; election:election|vote|voter
2023,25/02/2023,Nigeria,Presidential,13825,post,28/02/2023,28/02/2023,3,"true, kano elections results uploaded for kaduna polling unit on irev",https://dubawa.org/true-kano-elections-results-uploaded-for-kaduna-polling-unit-on-irev/,5|1571|3797,window,window|country_title|title_kw|within_180|score_ok,4,body:inec; title:irev; election:election|poll
2023,25/02/2023,Nigeria,Presidential,13820,post,28/02/2023,28/02/2023,3,true! inec suspended elections in some parts of bayelsa,https://dubawa.org/true-inec-suspended-elections-in-some-parts-of-bayelsa/,437|1571|3797,window,window|country_title|title_kw|within_180|score_ok,4,body:nigeria; title:inec; election:election|ballot|presidential
2023,25/02/2023,Nigeria,Presidential,13810,post,28/02/2023,01/03/2023,3,live fact-check: nigerian fact-checkers monitor mis/disinformation as collation continues – day 4,https://dubawa.org/live-fact-check-nigerian-fact-checkers-monitor-mis-disinformation-as-collation-continues-day-4/,5|1571|3797,window,window|country_title|body_kw|within_180|score_ok,11,title:nigeria; body:inec; body:irev; body:tinubu; body:atiku; body:peter obi; body:apc; body:pdp; body:labour party; election:election|vote|voter
2023,25/02/2023,Nigeria,Presidential,13805,post,27/02/2023,27/02/2023,2,viral premium times graphics manipulated,https://dubawa.org/viral-premium-times-graphics-manipulated/,5|1571|3797,window,window|country_body|body_kw|within_180|score_ok,4,body:apc; body:pdp; body:labour party; election:election|vote|candidate
2023,25/02/2023,Nigeria,Presidential,13795,post,27/02/2023,27/02/2023,2,"true, newly elected lawmaker ibrahim bello muhammad, youngest in nigeria s history",https://dubawa.org/true-newly-elected-lawmaker-ibrahim-bello-muhammad-youngest-in-nigerias-history/,5|3797,window,window|country_title|within_180|score_ok,3,title:nigeria; body:apc
2023,25/02/2023,Nigeria,Presidential,13787,post,27/02/2023,27/02/2023,2,electronic transmission of result: the proposed process vs reality with irev,https://dubawa.org/electronic-transmission-of-result-the-proposed-process-vs-reality-with-irev/,5|1572|4|1574,window,window|country_title|body_kw|within_180|score_ok,5,body:nigeria; body:inec; title:irev; election:election|vote|voter
2023,25/02/2023,Nigeria,Presidential,13784,post,27/02/2023,27/02/2023,2,true! image posted on inec’s irev for ekiti not result sheet,https://dubawa.org/true-image-posted-on-inecs-irev-for-ekiti-not-result-sheet/,5|1571|3797,window,window|country_title|body_kw|within_180|score_ok,5,title:inec; title:irev; election:poll
2023,25/02/2023,Nigeria,Presidential,13780,post,27/02/2023,27/02/2023,2,no; election results for all states yet to be announced,https://dubawa.org/no-election-results-for-all-states-yet-to-be-announced/,5|1571|3797,window,window|country_body|title_kw|within_180|score_ok,5,body:nigeria; body:inec; body:apc; body:pdp; election:election
2023,25/02/2023,Nigeria,Presidential,13775,post,27/02/2023,27/02/2023,2,atiku won in osun but not in all lgas,https://dubawa.org/atiku-won-in-osun-but-not-in-all-lgas/,5|1571|3797,window,window|country_title|body_kw|within_180|score_ok,8,body:inec; body:irev; body:tinubu; title:atiku; body:apc; body:pdp; election:election|poll|candidate
2023,25/02/2023,Nigeria,Presidential,13772,post,27/02/2023,27/02/2023,2,"contrary to twitter user report, apc not lp won in agege",https://dubawa.org/contrary-to-twitter-user-report-apc-not-lp-won-in-agege/,5|1571|3797,window,window|country_title|body_kw|within_180|score_ok,5,body:inec; title:apc; body:labour party; election:vote
2023,25/02/2023,Nigeria,Presidential,13757,post,27/02/2023,27/02/2023,2,live fact-check: nigerian fact-checkers monitor mis/disinformation as collation continues   day 3,https://dubawa.org/live-fact-check-nigerian-fact-checkers-monitor-mis-disinformation-as-collation-continues-day-3/,5|1571|3797,window,window|country_title|body_kw|within_180|score_ok,11,title:nigeria; body:inec; body:irev; body:tinubu; body:atiku; body:peter obi; body:apc; body:pdp; body:labour party; election:election|vote|poll
2023,25/02/2023,Nigeria,Presidential,13752,post,26/02/2023,26/02/2023,1,false; ekiti state result was not uploaded before election day,https://dubawa.org/false-ekiti-state-result-was-not-uploaded-before-election-day/,5|1571|3797,window,window|country_body|title_kw|within_180|score_ok,3,body:inec; body:irev; election:election
2023,25/02/2023,Nigeria,Presidential,13746,post,26/02/2023,26/02/2023,1,false! inec did not erase election results on its portal,https://dubawa.org/false-inec-did-not-erase-election-results-on-its-portal/,5|1571|3797,window,window|country_title|title_kw|within_180|score_ok,4,title:inec; body:irev; election:election|poll
2023,25/02/2023,Nigeria,Presidential,13740,post,26/02/2023,26/02/2023,1,false! obasanjo did not storm inec collation centre in abuja,https://dubawa.org/false-obasanjo-did-not-storm-inec-collation-centre-in-abuja/,5|1571|3797,window,window|country_title|body_kw|within_180|score_ok,5,body:nigeria; title:inec; body:atiku; election:election
2023,25/02/2023,Nigeria,Presidential,13726,post,26/02/2023,26/02/2023,1,"viral polling result by twitter user quinn, false",https://dubawa.org/viral-polling-result-by-twitter-user-quinn-false/,5|1571|3797,window,window|country_body|title_kw|within_180|score_ok,6,body:inec; body:irev; body:apc; body:pdp; body:labour party; election:poll|election
2023,25/02/2023,Nigeria,Presidential,13723,post,26/02/2023,26/02/2023,1,false; labour party did not call for cancellation of results,https://dubawa.org/false-labour-party-did-not-call-for-cancellation-of-results/,5|1571|3797,window,window|country_title|body_kw|within_180|score_ok,4,body:inec; title:labour party; election:election|poll|presidential
2023,25/02/2023,Nigeria,Presidential,13714,post,26/02/2023,26/02/2023,1,false! efcc did not visit peter obi’s residence,https://dubawa.org/false-efcc-did-not-visit-peter-obis-residence/,5|1571|3797,window,window|country_title|body_kw|within_180|score_ok,4,title:peter obi; body:labour party; election:election|poll|candidate
2023,25/02/2023,Nigeria,Presidential,13709,post,26/02/2023,26/02/2023,1,false! atiku has not secured 25% in 25 states,https://dubawa.org/false-atiku-has-not-secured-25-in-25-states/,5|1571|3797,window,window|country_title|body_kw|within_180|score_ok,5,body:inec; title:atiku; body:pdp; election:candidate|presidential
2023,25/02/2023,Nigeria,Presidential,13696,post,26/02/2023,26/02/2023,1,false! lp vp candidate got more votes beyond wife and children at polling unit,https://dubawa.org/false-lp-vp-candidate-got-more-votes-beyond-wife-and-children-at-polling-unit/,5|1571|3797,window,window|country_body|title_kw|within_180|score_ok,4,body:apc; body:pdp; body:labour party; election:vote|poll|candidate
2023,25/02/2023,Nigeria,Presidential,13693,post,26/02/2023,26/02/2023,1,inec did not extend elections in 16 states,https://dubawa.org/inec-did-not-extend-elections-in-16-states/,5|1571|3797,window,window|country_title|title_kw|within_180|score_ok,3,title:inec; election:election|vote|voter
2023,25/02/2023,Nigeria,Presidential,13690,post,26/02/2023,26/02/2023,1,no! apc yet to win four lgas in lagos,https://dubawa.org/no-apc-yet-to-win-four-lgas-in-lagos/,5|437|3797,window,window|country_title|within_180|score_ok,4,body:inec; body:irev; title:apc
2023,25/02/2023,Nigeria,Presidential,13680,post,26/02/2023,26/02/2023,1,tinubu not yet confirmed as winner of seven local government areas in yobe state,https://dubawa.org/tinubu-not-yet-confirmed-as-winner-of-seven-local-government-areas-in-yobe-state/,5|1571|3797,window,window|country_title|body_kw|within_180|score_ok,5,title:tinubu; body:apc; body:pdp; election:poll
2023,25/02/2023,Nigeria,Presidential,13677,post,26/02/2023,26/02/2023,1,"report on lp performance at gbajabiamila s polling unit, false",https://dubawa.org/report-on-lp-performance-at-gbajabiamilas-polling-unit-false/,5|1571|3797,window,window|country_body|title_kw|within_180|score_ok,3,body:apc; body:labour party; election:poll|election|presidential
2023,25/02/2023,Nigeria,Presidential,13668,post,26/02/2023,27/02/2023,1,live fact-check: nigerian fact-checkers monitor mis/disinformation as electorates decide next president   day 2,https://dubawa.org/election-day-2-fact-checks-2023-presidential-nass-election/,5|1571|3797,window,window|country_title|title_kw|within_180|score_ok,11,title:nigeria; body:inec; body:irev; body:tinubu; body:atiku; body:peter obi; body:apc; body:pdp; body:labour party; election:election|presidential|vote
2023,25/02/2023,Nigeria,Presidential,13631,post,25/02/2023,25/02/2023,0,false; president buhari did not vote for peter obi,https://dubawa.org/false-president-buhari-did-not-for-peter-obi/,5|1571,window,window|country_title|title_kw|within_180|score_ok,6,body:tinubu; title:peter obi; body:apc; body:labour party; election:vote|ballot|candidate
2023,25/02/2023,Nigeria,Presidential,13617,post,25/02/2023,25/02/2023,0,"true, efcc storms tinubu s polling unit",https://dubawa.org/true-efcc-storms-tinubus-polling-unit/,5|1571,window,window|country_title|title_kw|within_180|score_ok,4,title:tinubu; body:apc; election:poll|vote|candidate
2023,25/02/2023,Nigeria,Presidential,13613,post,25/02/2023,25/02/2023,0,"false, 25% of votes in abuja not a condition for winning the presidential election",https://dubawa.org/false-25-of-votes-in-abuja-not-a-condition-for-winning-the-presidential-election/,5|1571,window,window|country_body|title_kw|within_180|score_ok,8,body:nigeria; body:tinubu; body:atiku; body:peter obi; body:apc; body:pdp; body:labour party; election:election|vote|presidential
2023,25/02/2023,Nigeria,Presidential,13591,post,25/02/2023,25/02/2023,0,"live fact-check: dubawa, nfc partners, monitor mis/disinformation in nigeria’s presidential, legislative elections",https://dubawa.org/live-fact-check-dubawa-nfc-partners-monitor-mis-disinformation-in-nigerias-presidential-legislative-elections/,5|3797,window,window|country_title|title_kw|within_180|score_ok,9,title:nigeria; body:inec; body:atiku; body:peter obi; body:kwankwaso; body:pdp; body:labour party; election:election|presidential|legislative
2023,25/02/2023,Nigeria,Presidential,13579,post,25/02/2023,26/02/2023,0,election day fact-checks: 2023 presidential/nass election,https://dubawa.org/election-day-fact-checks-2023-presidential-nass-election/,5|3797,window,window|country_body|title_kw|within_180|score_ok,10,body:nigeria; body:inec; body:tinubu; body:atiku; body:peter obi; body:kwankwaso; body:apc; body:pdp; body:labour party; election:election|presidential|vote
2023,25/02/2023,Nigeria,Presidential,13568,post,24/02/2023,25/02/2023,-1,false! apc’s ikot ekpene district candidate godswill akpabio has not stepped down,https://dubawa.org/false-apcs-ikot-ekpene-district-candidate-godswill-akpabio-has-not-stepped-down/,437|1571|16,window,window|country_title|title_kw|within_180|score_ok,4,title:apc; body:pdp; election:candidate
2023,25/02/2023,Nigeria,Presidential,13562,post,24/02/2023,25/02/2023,-1,"true, rivers state politician arrested with $498,100 cash",https://dubawa.org/true-rivers-state-politican-arrested-with-498100-cash/,437|1571|16,window,window|country_body|body_kw|within_180|score_ok,4,body:inec; body:atiku; body:pdp; election:vote|voter|candidate
2023,25/02/2023,Nigeria,Presidential,13553,post,24/02/2023,24/02/2023,-1,false! viral image of sanwo-olu not from labour party’s rally in lagos,https://dubawa.org/false-viral-image-of-sanwo-olu-not-from-labour-partys-rally-in-lagos/,5|1571,window,window|country_title|body_kw|within_180|score_ok,6,body:tinubu; body:peter obi; body:apc; title:labour party; election:vote|candidate|presidential
2023,25/02/2023,Nigeria,Presidential,13547,post,24/02/2023,24/02/2023,-1,"inec will use university lecturers as returning officers in 2023 election, contrary to viral press release",https://dubawa.org/inec-will-use-university-lecturers-as-returning-officers-in-2023-election-contrary-to-viral-press-release/,5|437|1571,window,window|country_title|title_kw|within_180|score_ok,4,body:nigeria; title:inec; election:election|vote|voter
2023,25/02/2023,Nigeria,Presidential,13542,post,24/02/2023,24/02/2023,-1,"no, inec has not disenfranchised eligible voters",https://dubawa.org/how-true-is-allegation-inec-disenfranchised-eligible-voters-by-moving-their-polling-units/,5|1571,window,window|country_title|title_kw|within_180|score_ok,3,title:inec; election:vote|voter|poll
2023,25/02/2023,Nigeria,Presidential,13537,post,24/02/2023,24/02/2023,-1,#nigeriadecides2023: six red flags to watch out for on election day,https://dubawa.org/nigeriadecides2023-six-red-flags-to-watch-out-for-on-election-day/,5|1574,window,window|country_title|title_kw|within_180|score_ok,4,title:nigeria; body:inec; election:election|vote|voter
2023,25/02/2023,Nigeria,Presidential,13533,post,24/02/2023,25/02/2023,-1,"2023 elections: nigerian fact-checkers’ coalition opens situation room in lagos, abuja",https://dubawa.org/2023-elections-nigerian-fact-checkers-coalition-opens-situation-room-in-lagos-abuja/,5|1576,window,window|country_title|title_kw|within_180|score_ok,4,title:nigeria; body:inec; election:election|vote|voter
2023,25/02/2023,Nigeria,Presidential,13523,post,24/02/2023,24/02/2023,-1,‘kwankwaso is an igbo man’ and other conspiracy theories of nigeria’s 2023 elections,https://dubawa.org/kwankwaso-is-an-igbo-man-and-other-conspiracy-theories-of-nigerias-2023-elections/,5|1574|1573,window,window|country_title|title_kw|within_180|score_ok,9,title:nigeria; body:inec; body:tinubu; body:atiku; body:peter obi; title:kwankwaso; election:election|vote|candidate
2023,25/02/2023,Nigeria,Presidential,13517,post,24/02/2023,24/02/2023,-1,use of social media by key candidates of the 2023 nigerian presidential elections,https://dubawa.org/use-of-social-media-by-key-candidates-of-the-2023-nigerian-presidential-elections/,210|5|1145|1574|1573,window,window|country_title|title_kw|within_180|score_ok,10,title:nigeria; body:inec; body:tinubu; body:atiku; body:peter obi; body:apc; body:pdp; body:labour party; election:election|candidate|presidential
2023,25/02/2023,Nigeria,Presidential,13513,post,24/02/2023,24/02/2023,-1,nigerian banks not shutting down communication ahead of tomorrow s election,https://dubawa.org/nigerian-banks-not-shutting-down-communication-ahead-of-tomorrows-election/,120|5|1571,window,window|country_title|title_kw|within_180|score_ok,3,title:nigeria; election:election
2023,25/02/2023,Nigeria,Presidential,13507,post,24/02/2023,24/02/2023,-1,"nigeria’s national minimum wage is n30,000, not n18,000, as claimed by reno",https://dubawa.org/nigerias-national-minimum-wage-is-n30000-not-n18000-as-claimed-by-reno/,120|1571,window,window|country_title|body_kw|within_180|score_ok,5,title:nigeria; body:atiku; body:pdp; election:election|vote|candidate
2023,25/02/2023,Nigeria,Presidential,13480,post,23/02/2023,23/02/2023,-2,did lgbtq+ movement endorse atiku for 2023 elections?,https://dubawa.org/did-lgbtq-movement-endorse-atiku-for-the-2023-elections/,5|437|1571,window,window|country_title|title_kw|within_180|score_ok,5,body:nigeria; title:atiku; body:apc; election:election|presidential
2023,25/02/2023,Nigeria,Presidential,13482,post,23/02/2023,24/02/2023,-2,machine or human interaction? analysis of bots’ activities on nigeria’s presidential candidates’ twitter accounts ahead of the 2023 presidential elections,https://dubawa.org/machine-or-human-interaction-analysis-of-bots-activities-on-nigerias-presidential-candidates-twitter-accounts-ahead-of-the-2023-presidential-elections/,5|4|1145|123|1574|1573,window,window|country_title|title_kw|within_180|score_ok,11,title:nigeria; body:inec; body:tinubu; body:atiku; body:peter obi; body:kwankwaso; body:apc; body:pdp; body:labour party; election:election|candidate|presidential
2023,25/02/2023,Nigeria,Presidential,13477,post,23/02/2023,23/02/2023,-2,"did nigeria s agricultural revolution create over 13 million jobs, as buhari claimed?",https://dubawa.org/did-nigerias-agricultural-revolution-create-over-13-million-jobs-as-buhari-claimed/,120|1571,window,window|country_title|body_kw|within_180|score_ok,3,title:nigeria; election:presidential
2023,25/02/2023,Nigeria,Presidential,13468,post,23/02/2023,23/02/2023,-2,labour party deployed collation agents for saturday’s election contrary to viral claim,https://dubawa.org/labour-party-deployed-collation-agents-for-saturdays-election-contrary-to-viral-claim/,5|1571,window,window|country_title|title_kw|within_180|score_ok,8,body:nigeria; body:inec; body:peter obi; body:apc; body:pdp; title:labour party; election:election|vote|poll
2023,25/02/2023,Nigeria,Presidential,13460,post,22/02/2023,23/02/2023,-3,da gaske ne hukumar inec ta take ‘yancin zaben wasu bayan da ta sauya mu su rumfunan zabe?,https://dubawa.org/da-gaske-ne-hukumar-inec-ta-take-yancin-zaben-wasu-bayan-da-ta-sauya-mu-su-rumfunan-zabe/,3137|2451,window,window|country_title|body_kw|within_180|score_ok,3,title:inec; election:poll
2023,25/02/2023,Nigeria,Presidential,13458,post,22/02/2023,22/02/2023,-3,bayani mai mahimmanci : yadda ‘yan takara ke fama da muggan bayanan da ke musu lahani gabanin babban zaben najeriya,https://dubawa.org/bayani-mai-mahimmanci-yadda-yan-takara-ke-fama-da-muggan-bayanan-da-ke-musu-lahani-gabanin-babban-zaben-najeriya/,3137|2451,window,window|country_body|body_kw|within_180|score_ok,6,body:nigeria; body:atiku; body:peter obi; body:apc; body:pdp; election:candidate|presidential
2023,25/02/2023,Nigeria,Presidential,13447,post,22/02/2023,22/02/2023,-3,"picture of ebuka wearing tinubu’s signature cap, doctored",https://dubawa.org/picture-of-ebuka-wearing-tinubus-signature-cap-doctored/,5|1571,window,window|country_title|body_kw|within_180|score_ok,6,body:nigeria; title:tinubu; body:peter obi; body:labour party; election:election|candidate|presidential
2023,25/02/2023,Nigeria,Presidential,13442,post,22/02/2023,22/02/2023,-3,festus keyamo shares misleading pictures of apc rally in sokoto,https://dubawa.org/festus-keyamo-shares-misleading-pictures-of-apc-rally-in-sokoto/,5|1571|16,window,window|country_title|body_kw|within_180|score_ok,5,body:nigeria; body:tinubu; title:apc; election:election|vote|presidential
2023,25/02/2023,Nigeria,Presidential,13439,post,22/02/2023,22/02/2023,-3,efcc debunks false report purporting first bank md’s arrest,https://dubawa.org/efcc-debunks-false-report-purporting-first-bank-mds-arrest/,120,window,window|country_body|body_kw|within_180|score_ok,3,body:nigeria; body:tinubu; election:election|candidate|presidential
2023,25/02/2023,Nigeria,Presidential,13425,post,21/02/2023,21/02/2023,-4,fact-check: did kano islamic preacher describe killings of southern kaduna christians as “taming the infidels”?,https://dubawa.org/fact-check-did-kano-islamic-preacher-describe-killings-of-southern-kaduna-christians-as-taming-the-infidels/,437|1571,window,window|country_body|body_kw|within_180|score_ok,5,body:nigeria; body:tinubu; body:peter obi; body:apc; election:election|vote|candidate
2023,25/02/2023,Nigeria,Presidential,13421,post,21/02/2023,21/02/2023,-4,analysis: five propaganda strategies politicians deploy during elections,https://dubawa.org/analysis-five-propaganda-strategies-politicians-deploy-during-elections/,5|4|1574,window,window|country_body|title_kw|within_180|score_ok,8,body:nigeria; body:tinubu; body:atiku; body:peter obi; body:apc; body:pdp; body:labour party; election:election|poll|candidate
2023,25/02/2023,Nigeria,Presidential,13409,post,21/02/2023,21/02/2023,-4,"glossary: election-related terms, abbreviations you need to know",https://dubawa.org/glossary-election-related-terms-abbreviations-you-need-to-know/,5|1572|1574,window,window|country_body|title_kw|within_180|score_ok,4,body:nigeria; body:inec; body:irev; election:election|vote|voter
2023,25/02/2023,Nigeria,Presidential,13405,post,21/02/2023,24/02/2023,-4,a typology and distribution analysis of information disorder on the 2023 general elections in nigeria,https://dubawa.org/a-typology-and-distribution-analysis-of-information-disorder-on-the-2023-general-elections-in-nigeria/,1145|123|1574|1573,window,window|country_title|title_kw|within_180|score_ok,11,title:nigeria; body:inec; body:tinubu; body:atiku; body:peter obi; body:kwankwaso; body:apc; body:pdp; body:labour party; election:election|vote|voter
2023,25/02/2023,Nigeria,Presidential,13391,post,21/02/2023,21/02/2023,-4,how true is allegation inec disenfranchised eligible voters by moving their polling units?,https://dubawa.org/how-true-is-allegation-inec-disenfranchise-eligible-voters-by-moving-their-polling-units/,5|1571,window,window|country_title|title_kw|within_180|score_ok,4,body:nigeria; title:inec; election:vote|voter|poll
2023,25/02/2023,Nigeria,Presidential,13389,post,21/02/2023,21/02/2023,-4,ba duka hotunan yakin neman zaben tinubu a katsina ne sabbi ba wasu daga 2019 ne,https://dubawa.org/ba-duka-hotunan-yakin-neman-zaben-tinubu-a-katsina-ne-sabbi-ba-wasu-daga-2019-ne/,3137|2451,window,window|country_title|within_180|score_ok,4,body:inec; title:tinubu; body:apc
2023,25/02/2023,Nigeria,Presidential,13921,post,20/02/2023,06/03/2023,-5,fact-checking claims made by bola tinubu at nesg dialogue,https://dubawa.org/fact-checking-claims-made-by-bola-tinubu-at-nesg-dialogue/,1571|16,window,window|country_title|body_kw|within_180|score_ok,4,body:nigeria; title:tinubu; election:candidate|presidential
2023,25/02/2023,Nigeria,Presidential,13384,post,20/02/2023,22/02/2023,-5,"is nigeria s infant mortality rate higher than india, as obi claimed?",https://dubawa.org/is-nigerias-infant-mortality-rate-higher-than-india-as-obi-claimed/,1571|121,window,window|country_title|body_kw|within_180|score_ok,5,title:nigeria; body:peter obi; body:labour party; election:election|candidate|presidential
2023,25/02/2023,Nigeria,Presidential,13381,post,20/02/2023,21/02/2023,-5,old video used to depict nigeria s national assembly complex invasion by dss,https://dubawa.org/old-video-used-to-depict-nigerias-national-assembly-complex-invasion-by-dss/,437|1571|16|119,window,window|country_title|body_kw|within_180|score_ok,3,title:nigeria; election:election|vote|voter
2023,25/02/2023,Nigeria,Presidential,13363,post,17/02/2023,17/02/2023,-8,lagos gubernatorial candidates debate ahead of 2023 governorship election,https://dubawa.org/lagos-gubernatorial-candidates-debate-ahead-of-2023-governorship-election/,5|1571,window,window|country_body|title_kw|within_180|score_ok,5,body:nigeria; body:apc; body:pdp; body:labour party; election:election|candidate|legislative
2023,25/02/2023,Nigeria,Presidential,13356,post,17/02/2023,17/02/2023,-8,tantance gaskiyar ikirarin da ake yi na habakar kudaden shiga a jihohin anambra da kaduna a karkashin obi da el-rufa’i,https://dubawa.org/tantance-gaskiyar-ikirarin-da-ake-yi-na-habakar-kudaden-shiga-a-jihohin-anambra-da-kaduna-a-karkashin-obi-da-el-rufai/,3137|2451,window,window|country_body|within_180|score_ok,5,body:tinubu; body:atiku; body:peter obi; body:apc; body:pdp
2023,25/02/2023,Nigeria,Presidential,13357,post,17/02/2023,20/02/2023,-8,2019 photos recirculated to depict massive turnout for tinubu in katsina,https://dubawa.org/2019-videos-recirculated-to-depict-massive-turnout-for-tinubu-in-katsina/,1571|16,window,window|country_title|body_kw|within_180|score_ok,6,body:nigeria; body:inec; title:tinubu; body:apc; election:election|vote|poll
2023,25/02/2023,Nigeria,Presidential,13351,post,16/02/2023,16/02/2023,-9,"viral letter warning simon ekpa, not from finnish government",https://dubawa.org/viral-letter-warning-simon-ekpa-not-from-finnish-government/,5|437|1571,window,window|country_body|body_kw|within_180|score_ok,3,body:nigeria; body:apc; election:election|presidential
2023,25/02/2023,Nigeria,Presidential,13344,post,16/02/2023,16/02/2023,-9,joint press release: nigerian fact-checkers fight election misinformation with full fact s ai tools,https://dubawa.org/joint-press-release-nigerian-fact-checkers-fight-election-misinformation-with-full-facts-ai-tools/,5|1576,window,window|country_title|title_kw|within_180|score_ok,3,title:nigeria; election:election|vote|candidate
2023,25/02/2023,Nigeria,Presidential,13341,post,16/02/2023,16/02/2023,-9,tinubu bai ce magoya bayansa su kwace akwatunan zabe kamar yadda wani mai amfani da tiktok ya bayyana ba.,https://dubawa.org/tinubu-bai-ce-magoya-bayansa-su-kwace-akwatunan-zabe-kamar-yadda-wani-mai-amfani-da-tiktok-ya-bayyana-ba/,3137|2451,window,window|country_title|within_180|score_ok,4,body:nigeria; title:tinubu; body:apc
2023,25/02/2023,Nigeria,Presidential,13337,post,16/02/2023,16/02/2023,-9,gaskiya ne inec na daukar ma’aikata gabannin zaben 2023,https://dubawa.org/gaskiya-ne-inec-na-daukar-maaikata-gabannin-zaben-2023/,3137|2451,window,window|country_title|within_180|score_ok,6,title:inec; body:tinubu; body:atiku; body:apc; body:pdp
2023,25/02/2023,Nigeria,Presidential,13917,post,15/02/2023,06/03/2023,-10,"no, tinubu not getting married, as claimed by viral jingle announcement",https://dubawa.org/fact-check-no-tinubu-didnt-marry-as-claimed-by-viral-jingle-announcement/,1571|16,window,window|country_title|body_kw|within_180|score_ok,5,body:nigeria; title:tinubu; body:apc; election:election|vote|candidate
2023,25/02/2023,Nigeria,Presidential,13315,post,15/02/2023,15/02/2023,-10,"buhari ya nuna amincewarsa da takarar tinubu a gangamin zaben jam’iyyar a adamawa, wanda ya saba wa zargin wani mai amfani da tiwita",https://dubawa.org/buhari-ya-nuna-amincewarsa-da-takarar-tinubu-a-gangamin-zaben-jamiyyar-a-adamawa-wanda-ya-saba-wa-zargin-wani-mai-amfani-da-tiwita/,3137|2451,window,window|country_title|within_180|score_ok,3,title:tinubu; body:apc
2023,25/02/2023,Nigeria,Presidential,13313,post,15/02/2023,15/02/2023,-10,ba duk dan takaran da obasanjo ya mara wa baya ne ya ke nasara a zabukan najeriya ba,https://dubawa.org/ba-duk-dan-takaran-da-obasanjo-ya-mara-wa-baya-ne-ya-ke-nasara-a-zabukan-najeriya-ba/,3137|2451,window,window|country_body|within_180|score_ok,7,body:inec; body:tinubu; body:atiku; body:peter obi; body:kwankwaso; body:apc; body:pdp
2023,25/02/2023,Nigeria,Presidential,13308,post,15/02/2023,15/02/2023,-10,keyamo ya yi kuskure a furucinsa na hauhawar farashin kayayyaki,https://dubawa.org/keyamo-ya-yi-kuskure-a-furucinsa-na-hauhawar-farashin-kayayyaki/,3137|2451,window,window|country_body|within_180|score_ok,3,body:atiku; body:apc; body:pdp
2023,25/02/2023,Nigeria,Presidential,13284,post,15/02/2023,15/02/2023,-10,"picture of students sitting on mud blocks in flooded classroom, not from nigeria",https://dubawa.org/picture-of-students-sitting-on-mud-blocks-in-flooded-classroom-not-from-nigeria/,122|1571,window,window|country_title|body_kw|within_180|score_ok,4,title:nigeria; body:labour party; election:election|vote|poll
2023,25/02/2023,Nigeria,Presidential,13273,post,15/02/2023,15/02/2023,-10,babu alakaluman da suka goyi bayan ikirarin tinubu kan matasan najeriya,https://dubawa.org/babu-alakaluman-da-suka-goyi-bayan-ikirarin-tinubu-kan-matasan-najeriya/,3137|2451,window,window|country_title|within_180|score_ok,3,title:tinubu; body:apc
2023,25/02/2023,Nigeria,Presidential,13264,post,14/02/2023,14/02/2023,-11,2023 elections: everything you need to know about vote buying and selling,https://dubawa.org/2023-elections-everything-you-need-to-know-about-vote-buying-and-selling/,1572|4|1574,window,window|country_body|title_kw|within_180|score_ok,3,body:nigeria; body:inec; election:election|vote|voter
2023,25/02/2023,Nigeria,Presidential,13262,post,14/02/2023,14/02/2023,-11,zargin tinubu na cewa gudunmawar ma’adinan karkashin kasa ga abin da najeriya ke samu kowace shekara na zaman kasa da kashi daya cikin 100 gaskiya ne,https://dubawa.org/zargin-tinubu-na-cewa-gudunmawar-maadinan-karkashin-kasa-ga-abin-da-najeriya-ke-samu-kowace-shekara-na-zaman-kasa-da-kashi-daya-cikin-100-gaskiya-ne/,3137|2451,window,window|country_title|within_180|score_ok,3,title:tinubu; body:apc
2023,25/02/2023,Nigeria,Presidential,13224,post,14/02/2023,14/02/2023,-11,yaya gaskiyar abubuwan da tinubu ya bayyana a cikin manufofin da ya gabatar?,https://dubawa.org/yaya-gaskiyar-abubuwan-da-tinubu-ya-bayyana-a-cikin-manufofin-da-ya-gabatar/,3137|2451,window,window|country_title|within_180|score_ok,5,body:nigeria; body:inec; title:tinubu; body:apc
2023,25/02/2023,Nigeria,Presidential,13236,post,13/02/2023,13/02/2023,-12,five smart ways to spot photoshopped images as nigeria’s 2023 elections approach,https://dubawa.org/five-smart-ways-to-spot-photoshopped-images-as-nigerias-2023-elections-approach/,5|1572|4|1574,window,window|country_title|title_kw|within_180|score_ok,5,title:nigeria; body:peter obi; body:labour party; election:election|candidate|presidential
2023,25/02/2023,Nigeria,Presidential,13228,post,13/02/2023,13/02/2023,-12,explainer: how political candidates are becoming victims of mal-information ahead of nigeria s election,https://dubawa.org/explainer-how-political-candidates-are-becoming-victims-of-mal-information-ahead-of-nigerias-election/,5|1572|4,window,window|country_title|title_kw|within_180|score_ok,8,title:nigeria; body:atiku; body:peter obi; body:apc; body:pdp; body:labour party; election:election|candidate|presidential
2023,25/02/2023,Nigeria,Presidential,13214,post,13/02/2023,13/02/2023,-12,bidiyon dodannin gargajiyar da ke dukar jama’a ba na yakin neman zaben apc a jihar ondo ba ne.,https://dubawa.org/bidiyon-dodannin-gargajiyar-da-ke-dukar-jamaa-ba-daga-yakn-neman-zaben-apc-a-jihar-ondo-ba-ne/,3137|2451,window,window|country_title|within_180|score_ok,3,body:tinubu; title:apc
2023,25/02/2023,Nigeria,Presidential,13913,post,10/02/2023,06/03/2023,-15,how accurate are kwankwaso’s figures on nigeria’s oil production?,https://dubawa.org/how-accurate-are-kwankwasos-figures-on-nigerias-oil-production/,5|1571,window,window|country_title|body_kw|within_180|score_ok,5,title:nigeria; title:kwankwaso; election:candidate|presidential
2023,25/02/2023,Nigeria,Presidential,13967,post,10/02/2023,13/03/2023,-15,viral tweets from parody account allege babangida’s support for peter obi,https://dubawa.org/viral-tweets-from-parody-account-allege-babangidas-support-for-peter-obi/,5|1571,window,window|country_title|body_kw|within_180|score_ok,9,body:nigeria; body:tinubu; body:atiku; title:peter obi; body:apc; body:pdp; body:labour party; election:election|candidate|presidential
2023,25/02/2023,Nigeria,Presidential,13193,post,09/02/2023,09/02/2023,-16,gidan da ake zargi na atiku ne a hadaddiyar daular larabawa ba na shi ba ne,https://dubawa.org/gidan-da-ake-zargi-na-atiku-ne-a-hadaddiyar-daular-larabawa-ba-na-shi-ba-ne/,3137|2451,window,window|country_title|within_180|score_ok,3,title:atiku; body:pdp
2023,25/02/2023,Nigeria,Presidential,13182,post,09/02/2023,09/02/2023,-16,false! peter obi did not mention aisha yesufu as running mate as alleged by facebook user,https://dubawa.org/false-peter-obi-did-not-mention-aisha-yesufu-as-running-mate-as-alleged-by-facebook-user/,5|437|1571|16,window,window|country_title|body_kw|within_180|score_ok,5,body:inec; title:peter obi; body:labour party; election:election|candidate|presidential
2023,25/02/2023,Nigeria,Presidential,13178,post,08/02/2023,08/02/2023,-17,wai shin birnin legas ne mafi karfin tattalin arziki a mataki na uku a afirka kamar yadda shettima ke zargi?,https://dubawa.org/wai-shin-birnin-legas-ne-mafi-karfin-tattalin-arziki-a-mataki-na-uku-a-afirka-kamar-yadda-shettima-ke-zargi/,3137|2451,window,window|country_body|within_180|score_ok,5,body:tinubu; body:atiku; body:peter obi; body:apc; body:pdp
2023,25/02/2023,Nigeria,Presidential,13129,post,06/02/2023,06/02/2023,-19,#2023election: key changes in the new electoral act,https://dubawa.org/2023election-key-changes-in-the-new-electoral-act/,5|1572|1574,window,window|country_body|title_kw|within_180|score_ok,3,body:nigeria; body:inec; election:election|vote|voter
2023,25/02/2023,Nigeria,Presidential,13120,post,06/02/2023,06/02/2023,-19,false! tinubu s embroidery signature has no link to ouroboros occult vector symbol,https://dubawa.org/false-tinubus-embroidery-signature-has-no-link-to-ouroboros-occult-vector-symbol/,1571|123|1574|16,window,window|country_title|body_kw|within_180|score_ok,6,body:nigeria; title:tinubu; body:peter obi; body:apc; election:election|vote|poll
2023,25/02/2023,Nigeria,Presidential,13106,post,04/02/2023,04/02/2023,-21,dino melaye bai taya peter obi yakin neman zabe a bidiyonsa ba,https://dubawa.org/dino-melaye-bai-taya-peter-obi-yakin-neman-zabe-a-bidiyonsa-ba/,3137|2451,window,window|country_title|within_180|score_ok,5,body:atiku; title:peter obi; body:apc; body:pdp
2023,25/02/2023,Nigeria,Presidential,13096,post,04/02/2023,04/02/2023,-21,bidiyon da ake zargi magoya bayan atiku ne daga ghana ya fito,https://dubawa.org/bidiyon-da-ake-zargi-magoya-bayan-atiku-ne-a-ghana-aka-dauka/,3137|2451,window,window|country_title|within_180|score_ok,3,title:atiku; body:pdp
2023,25/02/2023,Nigeria,Presidential,13065,post,04/02/2023,17/05/2023,-21,yaya gaskiyar batun wai atiku ne ya jagoranci kungiyar kula da tattalin arzikin da ta biya basussukan najeriya?,https://dubawa.org/yaya-gaskiyar-cewa-atiku-ne-ya-jagoranci-kungiyar-kula-da-tattalin-arzikin-da-ta-biya-basussukan-najeriya/,3137|2451,window,window|country_title|within_180|score_ok,3,title:atiku; body:pdp
2023,25/02/2023,Nigeria,Presidential,13060,post,04/02/2023,04/02/2023,-21,gaskiya ne wai adamu na apc ya yaba wa peter obi kamar yadda ake zargi a tiwita?,https://dubawa.org/gaskiya-ne-wai-adamu-na-apc-ya-yabawa-peter-obi-kamar-yadda-ake-zargi-a-tiwita/,3137|2451|123,window,window|country_title|within_180|score_ok,5,title:peter obi; title:apc; body:pdp
2023,25/02/2023,Nigeria,Presidential,13046,post,03/02/2023,03/02/2023,-22,hoton bidiyon rikicin endsars ne ake amfani da shi a sunan an kai hari kan motocin tinubu yayin da ya ke gangamin zabe a jihar osun,https://dubawa.org/hoton-bidiyon-rikicin-endsars-ne-ake-amfani-da-shi-a-sunan-an-kai-hari-kan-motocin-tinubu-yayin-da-ya-ke-gangamin-zabe-a-jihar-osun/,3137|2451,window,window|country_title|within_180|score_ok,3,title:tinubu; body:apc
2023,25/02/2023,Nigeria,Presidential,13016,post,02/02/2023,02/02/2023,-23,a shekarar 2019 peter obi ya gana da paparoma francis ba kwanan nan ba kamar yadda ake zargi,https://dubawa.org/a-shekarar-2019-peter-obi-ya-gana-da-paparoma-francis-ba-kwanan-nan-ba-kamar-yadda-ake-zargi/,3137|2451,window,window|country_title|within_180|score_ok,3,title:peter obi; body:pdp
2023,25/02/2023,Nigeria,Presidential,12997,post,02/02/2023,02/02/2023,-23,babban taron fid da gwani na apc: alkaluman da ke nuna yawan kuri’un da tinubu ya samu daga kowace jiha na bogi ne,https://dubawa.org/babban-taron-fid-da-gwani-na-apc-alkaluman-da-ke-nuna-yawan-kuriun-da-tinubu-ya-samu-daga-kowace-jiha-na-bogi-ne/,3137|2451,window,window|country_title|within_180|score_ok,4,title:tinubu; title:apc
2023,25/02/2023,Nigeria,Presidential,12995,post,02/02/2023,02/02/2023,-23,"bidiyon da ke zargin wai gwamnonin apc na arewa ne ke ziyara a gidan atiku, tsoho ne",https://dubawa.org/bidiyon-da-ke-zargin-wai-gwamnonin-apc-na-arewa-ne-ke-ziyara-a-gidan-atiku-tsoho-ne/,3137|2451,window,window|country_title|within_180|score_ok,6,body:tinubu; title:atiku; title:apc; body:pdp
2023,25/02/2023,Nigeria,Presidential,12987,post,01/02/2023,01/02/2023,-24,fact-checking bukola saraki’s claim: inflation rate stayed at single digits under pdp,https://dubawa.org/fact-checking-bukola-sarakis-claim-inflation-rate-stayed-at-single-digits-under-pdp/,120|1571|16,window,window|country_title|body_kw|within_180|score_ok,7,body:nigeria; body:inec; body:atiku; body:apc; title:pdp; election:election|vote|voter
2023,25/02/2023,Nigeria,Presidential,12967,post,30/01/2023,30/01/2023,-26,explainer: what you should know about various forms used on election day,https://dubawa.org/explainer-what-you-should-know-about-various-forms-used-on-election-day/,435|5,window,window|country_body|title_kw|within_180|score_ok,3,body:nigeria; body:inec; election:election|vote|voter
2023,25/02/2023,Nigeria,Presidential,12964,post,30/01/2023,30/01/2023,-26,whatsapp video falsely depicts nigerian soldiers burning young men alive in imo,https://dubawa.org/whatsapp-video-falsely-depicts-nigerian-soldiers-burning-young-men-alive-in-imo/,1571|123,window,window|country_title|body_kw|within_180|score_ok,3,title:nigeria; election:election
2023,25/02/2023,Nigeria,Presidential,12951,post,27/01/2023,27/01/2023,-29,2023 elections: 10 key officials and their roles on election day,https://dubawa.org/2023-elections-10-key-officials-and-their-roles-on-election-day/,435|5|1574,window,window|country_body|title_kw|within_180|score_ok,3,body:inec; body:irev; election:election|vote|voter
2023,25/02/2023,Nigeria,Presidential,12948,post,27/01/2023,27/01/2023,-29,2023 elections: all you need to know about idps voting,https://dubawa.org/2023-elections-all-you-need-to-know-about-idps-voting/,5|4|1574,window,window|country_body|title_kw|within_180|score_ok,3,body:nigeria; body:inec; election:election|vote|voter
2023,25/02/2023,Nigeria,Presidential,12944,post,27/01/2023,27/01/2023,-29,2023 elections: everything you need to know about new twitter verified badges,https://dubawa.org/2023-elections-everything-you-need-to-know-about-new-twitter-verified-badges-%ef%bf%bc/,5|1574,window,window|country_body|title_kw|within_180|score_ok,3,body:nigeria; body:inec; election:election
2023,25/02/2023,Nigeria,Presidential,12937,post,26/01/2023,26/01/2023,-30,fact-checking ten claims made by peter obi at chatham house,https://dubawa.org/fact-checking-ten-claims-made-by-peter-obi-at-chatham-house/,5|1571,window,window|country_title|body_kw|within_180|score_ok,5,body:nigeria; title:peter obi; body:labour party; election:election|poll|candidate
2023,25/02/2023,Nigeria,Presidential,12927,post,24/01/2023,24/01/2023,-32,all you need to know about nigeria’s new mental health law,https://dubawa.org/all-you-need-to-know-about-nigerias-new-mental-health-law/,435|1572|4|1574,window,window|country_title|body_kw|within_180|score_ok,3,title:nigeria; election:legislative
2023,25/02/2023,Nigeria,Presidential,12919,post,24/01/2023,25/01/2023,-32,"picture of bedridden ex-footballer in wheelchair, not peter rufai",https://dubawa.org/picture-of-bedridden-ex-footballer-in-wheelchair-not-peter-rufai/,437|1571,window,window|country_body|body_kw|within_180|score_ok,3,body:nigeria; body:apc; election:presidential
2023,25/02/2023,Nigeria,Presidential,12910,post,23/01/2023,25/01/2023,-33,keyamo’s assertion nigeria witnessed worst inflation rate under obasanjo false,https://dubawa.org/keyamos-assertion-nigeria-witnessed-worst-inflation-rate-under-obasanjo-false/,120|1571,window,window|country_title|body_kw|within_180|score_ok,6,title:nigeria; body:atiku; body:apc; body:pdp; election:election|presidential
2023,25/02/2023,Nigeria,Presidential,12899,post,22/01/2023,22/01/2023,-34,misleading! not every presidential candidate endorsed by obasanjo won elections in nigeria,https://dubawa.org/misleading-not-every-presidential-candidate-endorsed-by-obasanjo-won-elections-in-nigeria/,5|1571,window,window|country_title|title_kw|within_180|score_ok,11,title:nigeria; body:inec; body:tinubu; body:atiku; body:peter obi; body:kwankwaso; body:apc; body:pdp; body:labour party; election:election|candidate|presidential
2023,25/02/2023,Nigeria,Presidential,12896,post,22/01/2023,21/01/2023,-34,"nigeria, venezuela, not only opec countries unable to meet oil quota as peter obi claimed",https://dubawa.org/nigeria-venezuela-not-only-opec-countries-unable-to-meet-oil-quota-as-peter-obi-claimed/,120|1571,window,window|country_title|body_kw|within_180|score_ok,6,title:nigeria; title:peter obi; body:labour party; election:candidate|presidential
2023,25/02/2023,Nigeria,Presidential,12887,post,20/01/2023,20/01/2023,-36,"buhari endorsed tinubu at adamawa rally, contrary to twitter user’s narrative",https://dubawa.org/buhari-endorsed-tinubu-at-adamawa-rally-contrary-to-twitter-users-narrative/,437|1571|16,window,window|country_title|body_kw|within_180|score_ok,4,title:tinubu; body:apc; election:election|vote|candidate
2023,25/02/2023,Nigeria,Presidential,12866,post,18/01/2023,19/01/2023,-38,how twitter parody account posing as ibrahim babangida misled many,https://dubawa.org/how-twitter-parody-account-posing-as-ibrahim-babangida-misled-many/,1572|4|1574|16,window,window|country_body|body_kw|within_180|score_ok,3,body:nigeria; body:peter obi; election:election|candidate|presidential
2023,25/02/2023,Nigeria,Presidential,12857,post,17/01/2023,17/01/2023,-39,"why nigeria needs to incorporate solutions journalism, media literacy, others into university curriculum",https://dubawa.org/why-nigeria-needs-to-incorporate-solutions-journalism-media-literacy-others-into-university-curriculum/,435|122|1572|4|1574,window,window|country_title|body_kw|within_180|score_ok,3,title:nigeria; election:candidate
2023,25/02/2023,Nigeria,Presidential,12846,post,16/01/2023,17/01/2023,-40,"tinubu did not ask supporters to snatch ballot boxes, as reported by tiktok user",https://dubawa.org/tinubu-did-not-ask-supporters-to-snatch-ballot-boxes-as-stated-by-tiktok-user/,5|1571|1574,window,window|country_title|title_kw|within_180|score_ok,5,body:nigeria; title:tinubu; body:apc; election:ballot|election|candidate
2023,24/06/2023,Sierra Leone,Presidential,15416,post,17/07/2023,17/07/2023,23,counting the cost of pr system in sierra leone: gains and losses,https://dubawa.org/counting-the-cost-of-pr-system-in-sierra-leone-gains-and-losses/,1572|4|16,window,window|country_title|body_kw|within_180|score_ok,5,title:sierra leone; body:freetown; body:slpp; election:election|vote|voter
2023,24/06/2023,Sierra Leone,Presidential,15393,post,14/07/2023,14/07/2023,20,misleading! viral ecsl document not disaggregated election result,https://dubawa.org/misleading-viral-ecsl-document-not-disaggregated-election-result/,5|1571|1268,window,window|cat|country_body|title_kw|within_180|score_ok,5,category:1268; body:sierra leone; election:election|vote|voter
2023,24/06/2023,Sierra Leone,Presidential,15390,post,13/07/2023,13/07/2023,19,misleading: bundu in viral video on parliament boycott not apc mp-elect,https://dubawa.org/misleading-bundu-in-viral-video-on-parliament-boycott-not-apc-mp-elect/,1571|16|1268,window,window|cat|country_body|title_kw|within_180|score_ok,5,category:1268; body:sierra leone; election:parliament|election|presidential
2023,24/06/2023,Sierra Leone,Presidential,15343,post,03/07/2023,03/07/2023,9,u.s. embassy dissociates itself from viral tweet about sierra leone election,https://dubawa.org/u-s-embassy-dissociates-itself-from-viral-tweet-about-sierra-leone-election/,5|1571|1268,window,window|cat|country_title|title_kw|within_180|score_ok,9,category:1268; title:sierra leone; body:freetown; body:maada bio; body:slpp; election:election|vote|poll
2023,24/06/2023,Sierra Leone,Presidential,15334,post,02/07/2023,02/07/2023,8,"viral eu press release, fake",https://dubawa.org/viral-eu-press-release-fake/,5|1571|1268,window,window|cat|country_body|body_kw|within_180|score_ok,6,category:1268; body:sierra leone; body:freetown; election:election|vote|voter
2023,24/06/2023,Sierra Leone,Presidential,15289,post,27/06/2023,27/06/2023,3,"viral press statement on kamara conceding defeat, false!",https://dubawa.org/viral-press-statement-on-kamara-conceding-defeat-false/,5|1571|3797|1268,window,window|cat|country_body|body_kw|within_180|score_ok,9,category:1268; body:sierra leone; body:julius maada bio; body:maada bio; body:samura kamara; body:slpp; election:election
2023,24/06/2023,Sierra Leone,Presidential,15286,post,27/06/2023,27/06/2023,3,viral press statement on “regime change” not from national election watch,https://dubawa.org/viral-press-statement-on-regime-change-not-from-national-election-watch/,5|1571|3797|1268,window,window|cat|country_body|title_kw|within_180|score_ok,5,category:1268; body:sierra leone; election:election
2023,24/06/2023,Sierra Leone,Presidential,15277,post,27/06/2023,27/06/2023,3,true! tear gas canisters fired into apc s building,https://dubawa.org/true-tear-gas-canisters-fired-into-apcs-building/,5|1571|3797|1268,window,window|cat|country_body|body_kw|within_180|score_ok,6,category:1268; body:freetown; body:samura kamara; election:election
2023,24/06/2023,Sierra Leone,Presidential,15270,post,26/06/2023,26/06/2023,2,"viral ayv newspaper headline on dr kamara as president-elect, doctored",https://dubawa.org/viral-ayv-newspaper-headline-on-dr-kamara-as-president-elect-doctored/,5|1571|3797|1268,window,window|cat|country_body|within_180|score_ok,5,category:1268; body:sierra leone; body:samura kamara
2023,24/06/2023,Sierra Leone,Presidential,15256,post,26/06/2023,26/06/2023,2,false! apc chairman in kailahun is alive,https://dubawa.org/false-apc-chairman-in-kailahun-is-alive/,5|1571|3797|1268,window,window|cat|within_180|score_ok,3,category:1268
2023,24/06/2023,Sierra Leone,Presidential,15245,post,25/06/2023,25/06/2023,1,true! dr kamara released press statement on  irreversible victory,https://dubawa.org/true-dr-kamara-released-press-statement-on-irreversible-victory/,5|1571|3797|1268,window,window|cat|country_body|body_kw|within_180|score_ok,5,category:1268; body:samura kamara; election:poll
2023,24/06/2023,Sierra Leone,Presidential,15237,post,25/06/2023,25/06/2023,1,"contrary to concord times  allegation, ecsl staff followed voting procedures",https://dubawa.org/contrary-to-concord-times-allegation-ecsl-staff-followed-voting-procedures/,5|1571|3797|1268,window,window|cat|body_kw|within_180|score_ok,4,category:1268; election:vote|voter
2023,24/06/2023,Sierra Leone,Presidential,15227,post,25/06/2023,25/06/2023,1,kamara yet to be announced as winner; viral results date back to 2018,https://dubawa.org/kamara-yet-to-be-announced-as-winner-viral-results-date-back-to-2018/,1571|3797|1268,window,window|cat|country_body|body_kw|within_180|score_ok,6,category:1268; body:sierra leone; body:samura kamara; election:election|candidate|runoff
2023,24/06/2023,Sierra Leone,Presidential,15220,post,25/06/2023,25/06/2023,1,true! 80% of polling centres did not start voting at 7am,https://dubawa.org/true-80-of-polling-centres-did-not-start-voting-at-7am/,5|1571|3797|1268,window,window|cat|country_body|title_kw|within_180|score_ok,5,category:1268; body:slpp; election:poll|election|vote
2023,24/06/2023,Sierra Leone,Presidential,15215,post,25/06/2023,27/06/2023,1,"sierra leone elections: live fact-checks for day-two, three   four",https://dubawa.org/sierra-leone-elections-live-fact-checks-for-day-two/,5|1571|3797|1268,window,window|cat|country_title|title_kw|within_180|score_ok,11,category:1268; title:sierra leone; body:freetown; body:julius maada bio; body:maada bio; body:samura kamara; body:slpp; election:election|vote|voter
2023,24/06/2023,Sierra Leone,Presidential,15210,post,25/06/2023,25/06/2023,1,"voters protest at makeni, true",https://dubawa.org/voters-protest-at-makeni-true/,5|1571|3797|1268,window,window|cat|title_kw|within_180|score_ok,4,category:1268; election:vote|voter|election
2023,24/06/2023,Sierra Leone,Presidential,15207,post,25/06/2023,25/06/2023,1,"voting delay at st joseph primary school polling station, true",https://dubawa.org/voting-delay-at-st-joseph-primary-school-polling-station-true/,5|1571|3797|1268,window,window|cat|country_body|title_kw|within_180|score_ok,5,category:1268; body:freetown; election:poll|vote|voter
2023,24/06/2023,Sierra Leone,Presidential,15198,post,24/06/2023,24/06/2023,0,"image of minors voters  cards, doctored",https://dubawa.org/images-of-minors-voters-cards-doctored/,5|1571|3797|1268,window,window|cat|country_body|title_kw|within_180|score_ok,7,category:1268; body:sierra leone; body:julius maada bio; body:maada bio; election:vote|voter|election
2023,24/06/2023,Sierra Leone,Presidential,15192,post,24/06/2023,25/06/2023,0,true! man caught with pre-voted ballot papers in makeni,https://dubawa.org/true-man-caught-with-pre-voted-ballot-papers-at-umc-school-makeni/,5|1571|3797|1268,window,window|cat|country_body|title_kw|within_180|score_ok,5,category:1268; body:slpp; election:vote|ballot|voter
2023,24/06/2023,Sierra Leone,Presidential,15187,post,24/06/2023,24/06/2023,0,misleading! ballot papers not missing at fssg polling centre,https://dubawa.org/misleading-ballot-papers-not-missing-at-fssg-polling-centre/,5|1571|3797|1268,window,window|cat|country_body|title_kw|within_180|score_ok,7,category:1268; body:sierra leone; body:freetown; body:slpp; election:ballot|poll
2023,24/06/2023,Sierra Leone,Presidential,15179,post,24/06/2023,24/06/2023,0,yvonne aki-sawyerr did not call for election boycott,https://dubawa.org/yvonne-aki-sawyerr-did-not-call-for-election-boycott/,5|1571|3797|1268,window,window|cat|country_body|title_kw|within_180|score_ok,5,category:1268; body:freetown; election:election|vote
2023,24/06/2023,Sierra Leone,Presidential,15173,post,24/06/2023,25/06/2023,0,military not taking over sierra leone election after 24 hours,https://dubawa.org/military-not-taking-over-sierra-leone-election-after-24-hours/,5|1571|3797|1268,window,window|cat|country_title|title_kw|within_180|score_ok,6,category:1268; title:sierra leone; election:election
2023,24/06/2023,Sierra Leone,Presidential,15170,post,24/06/2023,25/06/2023,0,sierra leone elections: live fact-checks for day-one,https://dubawa.org/sierra-leone-elections-live-fact-checks-for-day-one/,5|1571|3797|1268,window,window|cat|country_title|title_kw|within_180|score_ok,10,category:1268; title:sierra leone; body:freetown; body:julius maada bio; body:maada bio; body:slpp; election:election|vote|voter
2023,24/06/2023,Sierra Leone,Presidential,15161,post,23/06/2023,30/06/2023,-1,quick facts about sierra leone elections,https://dubawa.org/quick-facts-about-sierra-leone-elections/,5|1574|1268,window,window|cat|country_title|title_kw|within_180|score_ok,7,category:1268; title:sierra leone; body:slpp; election:election|vote|voter
2023,24/06/2023,Sierra Leone,Presidential,15103,post,19/06/2023,30/06/2023,-5,sierra leone elections: key battlegrounds and swing districts,https://dubawa.org/sierra-leone-elections-key-battlegrounds-and-swing-districts/,5|1574|1268,window,window|cat|country_title|title_kw|within_180|score_ok,9,category:1268; title:sierra leone; body:freetown; body:samura kamara; body:slpp; election:election|vote|voter
2023,24/06/2023,Sierra Leone,Presidential,15086,post,15/06/2023,30/06/2023,-9,sierra leone election glossary,https://dubawa.org/sierra-leone-election-glossary/,5|1574|1268,window,window|cat|country_title|title_kw|within_180|score_ok,11,category:1268; title:sierra leone; body:freetown; body:julius maada bio; body:maada bio; body:samura kamara; body:slpp; election:election|vote|voter
2023,24/06/2023,Sierra Leone,Presidential,15055,post,15/06/2023,30/06/2023,-9,sierra leone: red flags to watch out for on election day,https://dubawa.org/sierra-leone-red-flags-to-watch-out-for-on-election-day/,5|1574|1268,window,window|cat|country_title|title_kw|within_180|score_ok,6,category:1268; title:sierra leone; election:election|vote|voter
2023,24/06/2023,Sierra Leone,Presidential,15032,post,13/06/2023,13/06/2023,-11,"bots, impersonation, and disinformation: the battle for truth ahead of sierra leone s close race election",https://dubawa.org/bots-impersonation-and-disinformation-the-battle-for-truth-ahead-of-sierra-leones-close-race-election/,5|1573|1268,window,window|cat|country_title|title_kw|within_180|score_ok,10,category:1268; title:sierra leone; body:julius maada bio; body:maada bio; body:samura kamara; body:slpp; election:election|vote|candidate
2023,24/06/2023,Sierra Leone,Presidential,15025,post,12/06/2023,12/06/2023,-12,"sierra leone’s 2023 elections: purported ill-health of apc leader, false!",https://dubawa.org/sierra-leones-2023-elections-purported-ill-health-of-apc-leader-false/,5|1268,window,window|cat|country_title|title_kw|within_180|score_ok,8,category:1268; title:sierra leone; body:samura kamara; body:slpp; election:election|poll|candidate
2023,24/06/2023,Sierra Leone,Presidential,14972,post,07/06/2023,07/06/2023,-17,"allegation of pprc stopping apc rally, false",https://dubawa.org/allegation-of-pprc-stopping-apc-rally-false/,5|1571|1268,window,window|cat|country_body|body_kw|within_180|score_ok,6,category:1268; body:sierra leone; body:slpp; election:election|candidate|parliament
2023,24/06/2023,Sierra Leone,Presidential,14963,post,07/06/2023,07/06/2023,-17,"purported electoral commission of sierra leone’s job notice, false!",https://dubawa.org/purported-electoral-commission-of-sierra-leones-job-notice-false/,5|1571|1268,window,window|cat|country_title|body_kw|within_180|score_ok,6,category:1268; title:sierra leone; election:election|poll
2023,24/06/2023,Sierra Leone,Presidential,14952,post,05/06/2023,30/06/2023,-19,2023 sierra leone elections: rights of pwds in general elections,https://dubawa.org/2023-sierra-leone-elections-rights-of-pwds-in-general-elections/,1572|1574|1268,window,window|cat|country_title|title_kw|within_180|score_ok,6,category:1268; title:sierra leone; election:election|vote|voter
2023,24/06/2023,Sierra Leone,Presidential,14925,post,02/06/2023,02/06/2023,-22,"david sengeh’s claim about apc’s manifesto and teachers, false!",https://dubawa.org/david-sengehs-claim-about-apcs-manifesto-and-teachers-false/,5|1268,window,window|cat|country_body|body_kw|within_180|score_ok,6,category:1268; body:sierra leone; body:slpp; election:election|vote
2023,24/06/2023,Sierra Leone,Presidential,14911,post,01/06/2023,30/06/2023,-23,sierra leone: dubawa builds capacity of over 100 journalists to combat false information ahead of elections,https://dubawa.org/sierra-leone-dubawa-builds-capacity-of-over-100-journalists-to-combat-false-information-ahead-of-elections/,5|1688|1268,window,window|cat|country_title|title_kw|within_180|score_ok,7,category:1268; title:sierra leone; body:freetown; election:election
2023,24/06/2023,Sierra Leone,Presidential,14899,post,01/06/2023,30/06/2023,-23,sierra leone elections: what you need to know about the new early voting law,https://dubawa.org/sierra-leone-elections-what-you-need-to-know-about-the-new-early-voting-law/,5|1574|1268,window,window|cat|country_title|title_kw|within_180|score_ok,7,category:1268; title:sierra leone; body:freetown; election:election|vote|voter
2023,24/06/2023,Sierra Leone,Presidential,14896,post,31/05/2023,30/06/2023,-24,2023 sierra leone elections: steps to cast your vote,https://dubawa.org/2023-sierra-leone-elections-steps-to-cast-your-vote/,5|1574|1268,window,window|cat|country_title|title_kw|within_180|score_ok,6,category:1268; title:sierra leone; election:election|vote|voter
2023,24/06/2023,Sierra Leone,Presidential,14884,post,31/05/2023,30/06/2023,-24,candidate profile: samura kamara and his journey to become sierra leone’s president,https://dubawa.org/candidate-profile-samura-kamara-and-his-journey-to-become-sierra-leones-president/,5|1574|16|1268,window,window|cat|country_title|title_kw|within_180|score_ok,12,category:1268; title:sierra leone; body:freetown; body:julius maada bio; body:maada bio; title:samura kamara; body:slpp; election:candidate|election|vote
2023,24/06/2023,Sierra Leone,Presidential,14838,post,25/05/2023,25/05/2023,-30,dubawa holds fact-checking training for govt officials   public information professionals ahead of sierra leone’s election,https://dubawa.org/dubawa-holds-fact-checking-training-for-govt-officials-public-information-professionals-ahead-of-sierra-leones-election/,5|1576|1268,window,window|cat|country_title|title_kw|within_180|score_ok,7,category:1268; title:sierra leone; body:freetown; election:election|poll
2023,24/06/2023,Sierra Leone,Presidential,15882,post,12/09/2023,12/09/2023,80,false! former presidential candidate kamarainba not dead,https://dubawa.org/false-former-presidential-candidate-kamarainba-not-dead/,1571|3815|16|1268,category-only,category-only|cat|country_body|title_kw|within_180|score_ok,6,category:1268; body:sierra leone; body:freetown; election:candidate|presidential
2023,24/06/2023,Sierra Leone,Presidential,14012,post,16/03/2023,16/03/2023,-100,sierra leone election: how abuse and incendiary language could spark tensions,https://dubawa.org/sierra-leone-election-how-abuse-and-incendiary-language-could-spark-tensions/,5|1268,category-only,category-only|cat|country_title|title_kw|within_180|score_ok,10,category:1268; title:sierra leone; body:julius maada bio; body:maada bio; body:samura kamara; body:slpp; election:election|poll|candidate
2023,24/06/2023,Sierra Leone,Presidential,13906,post,06/03/2023,06/03/2023,-110,sierra leone 2023 election: tracking the differences between voter and national identity cards,https://dubawa.org/sierra-leone-2023-election-tracking-the-differences-between-voter-and-national-identity-cards/,1572|123|1574|1268,category-only,category-only|cat|country_title|title_kw|within_180|score_ok,6,category:1268; title:sierra leone; election:election|vote|voter
2023,24/06/2023,Sierra Leone,Presidential,13396,post,21/02/2023,21/02/2023,-123,how “void votes” could decide 2023 election in sierra leone,https://dubawa.org/how-void-votes-could-decide-2023-election-in-sierra-leone/,1572|4|1574|1268,category-only,category-only|cat|country_title|title_kw|within_180|score_ok,9,category:1268; title:sierra leone; body:julius maada bio; body:maada bio; body:samura kamara; election:election|vote|voter
2023,10/10/2023,Liberia,Presidential,16481,post,27/10/2023,27/10/2023,17,"headline about muslims on front-page africa, new republic newspaper, fabricated",https://dubawa.org/headline-about-muslims-on-front-page-africa-new-republic-newspaper-fabricated/,437|1571|3812|3815|1960|16,window,window|cat|country_body|body_kw|within_180|score_ok,8,category:1960; body:liberia; body:joseph boakai; body:boakai; body:unity party; election:election|run-off
2023,10/10/2023,Liberia,Presidential,16476,post,27/10/2023,27/10/2023,17,"mostly true! man caught buying voter cards in waylawesu, zorzor district, lofa county",https://dubawa.org/mostly-true-man-caught-buying-voter-cards-in-waylawesu-zorzor-district-lofa-county/,5|437|1571|4|3812|3815|1960,window,window|cat|country_body|title_kw|within_180|score_ok,6,category:1960; body:liberia; body:unity party; election:vote|voter|election
2023,10/10/2023,Liberia,Presidential,16463,post,26/10/2023,26/10/2023,16,claims of arrest of abraham godsent wheon by afl not supported,https://dubawa.org/claims-of-arrest-of-abraham-godsent-wheon-by-afl-not-supported/,437|1571|4|3815|1960,window,window|cat|country_body|body_kw|within_180|score_ok,8,category:1960; body:liberia; body:george weah; body:weah; body:unity party; election:election|vote|presidential
2023,10/10/2023,Liberia,Presidential,16450,post,25/10/2023,24/10/2023,15,misleading! president george weah did not win 11 counties,https://dubawa.org/misleading-president-george-weah-did-not-win-11-counties/,437|1571|4|3815|1960|123,window,window|cat|country_title|body_kw|within_180|score_ok,11,category:1960; title:george weah; title:weah; body:joseph boakai; body:boakai; body:unity party; election:election|vote|ballot
2023,10/10/2023,Liberia,Presidential,16454,post,25/10/2023,25/10/2023,15,dubawa s annual week for truth: promoting media and information literacy in digital spaces,https://dubawa.org/dubawas-annual-week-for-truth-promoting-media-and-information-literacy-in-digital-spaces/,3812|3815|1960|1688|1268|2815,window,window|cat|country_body|within_180|score_ok,4,category:1960; body:liberia
2023,10/10/2023,Liberia,Presidential,16426,post,21/10/2023,21/10/2023,11,misleading: grand gedeh county’s ex-representative was arrested but not for double voting,https://dubawa.org/misleading-grand-gedeh-countys-ex-representative-was-arrested-but-not-for-double-voting/,437|1571|3815|1960|16,window,window|cat|body_kw|within_180|score_ok,4,category:1960; election:poll|candidate
2023,10/10/2023,Liberia,Presidential,16435,post,21/10/2023,21/10/2023,11,true! three nec temporary staff arrested for changing election results,https://dubawa.org/true-three-nec-temporary-staff-arrested-for-changing-election-results/,5|437|3815|1960,window,window|cat|country_body|title_kw|within_180|score_ok,7,category:1960; body:liberia; body:monrovia; body:unity party; election:election
2023,10/10/2023,Liberia,Presidential,16403,post,19/10/2023,19/10/2023,9,"two dead in post-election violence in konia, lofa county",https://dubawa.org/two-dead-in-post-election-violence-in-konia-lofa-county/,437|1571|3815|1960|16,window,window|cat|country_body|title_kw|within_180|score_ok,11,category:1960; body:liberia; body:george weah; body:weah; body:joseph boakai; body:boakai; body:nec liberia; body:unity party; election:election|presidential
2023,10/10/2023,Liberia,Presidential,16395,post,18/10/2023,18/10/2023,8,false! no evidence supporting claim weah was rushed to hospital over election shock,https://dubawa.org/false-no-evidence-supporting-claim-weah-was-rushed-to-hospital-over-election-shock/,437|1571|3815|1960,window,window|cat|country_title|title_kw|within_180|score_ok,8,category:1960; body:liberia; title:weah; body:unity party; election:election|vote|poll
2023,10/10/2023,Liberia,Presidential,16392,post,17/10/2023,17/10/2023,7,liberia elections: how poll winner will be decided,https://dubawa.org/liberia-elections-how-poll-winner-will-be-decided/,5|1572|3815|1960,window,window|cat|country_title|title_kw|within_180|score_ok,6,category:1960; title:liberia; election:election|poll|vote
2023,10/10/2023,Liberia,Presidential,16387,post,17/10/2023,17/10/2023,7,false! eu has not issued liberia election results,https://dubawa.org/false-eu-has-not-issued-liberia-election-results/,437|1571|3812|3815|1960,window,window|cat|country_title|title_kw|within_180|score_ok,7,category:1960; title:liberia; body:unity party; election:election|poll
2023,10/10/2023,Liberia,Presidential,16372,post,15/10/2023,15/10/2023,5,liberia election: dw africa’s editorial mistake puts weah in early lead,https://dubawa.org/liberia-election-dw-africas-editorial-mistake-puts-weah-in-early-lead/,5|437|1571|3815|1960|1688,window,window|cat|country_title|title_kw|within_180|score_ok,11,category:1960; title:liberia; body:george weah; title:weah; body:joseph boakai; body:boakai; election:election|poll|presidential
2023,10/10/2023,Liberia,Presidential,16365,post,12/10/2023,12/10/2023,2,war drum or campaign message?,https://dubawa.org/war-drum-or-campaign-message/,5|1572|3815|1960,window,window|cat|country_body|body_kw|within_180|score_ok,11,category:1960; body:liberia; body:monrovia; body:george weah; body:weah; body:boakai; body:nimba; body:unity party; election:election|vote|candidate
2023,10/10/2023,Liberia,Presidential,16347,post,12/10/2023,12/10/2023,2,liberia’s leading candidates boycott presidential debate,https://dubawa.org/liberias-leading-candidates-boycott-presidential-debate/,5|1960,window,window|cat|country_title|title_kw|within_180|score_ok,12,category:1960; title:liberia; body:monrovia; body:george weah; body:weah; body:joseph boakai; body:boakai; body:unity party; election:candidate|presidential|election
2023,10/10/2023,Liberia,Presidential,16343,post,12/10/2023,12/10/2023,2,casting  carts  before  horses: the case of liberia’s premature election victory declarations,https://dubawa.org/casting-carts-before-horses-the-case-of-liberias-premature-election-victory-declarations/,5|3812|3815|1960,window,window|cat|country_title|title_kw|within_180|score_ok,9,category:1960; title:liberia; body:monrovia; body:george weah; body:weah; election:election|vote|poll
2023,10/10/2023,Liberia,Presidential,16329,post,12/10/2023,12/10/2023,2,old video used to depict power outage in france,https://dubawa.org/old-video-used-to-depict-power-outage-in-france/,437|1571|3812|1960|123,window,window|cat|within_180|score_ok,3,category:1960
2023,10/10/2023,Liberia,Presidential,16324,post,11/10/2023,11/10/2023,1,nec s official results are not only on pink carbon sheets,https://dubawa.org/false-the-official-results-of-the-nec-are-not-only-on-pink-carbon-sheets/,5|1571|3812|3815|1960|3797,window,window|cat|body_kw|within_180|score_ok,4,category:1960; election:election|vote|ballot
2023,10/10/2023,Liberia,Presidential,16321,post,11/10/2023,11/10/2023,1,"assertions about joseph boakai’s resignation, false",https://dubawa.org/assertions-about-joseph-boakais-resignation-false/,5|437|1571|3812|1960|3797,window,window|cat|country_title|body_kw|within_180|score_ok,10,category:1960; body:liberia; title:joseph boakai; title:boakai; body:unity party; election:election|candidate|presidential
2023,10/10/2023,Liberia,Presidential,16313,post,11/10/2023,11/10/2023,1,mostly true: bong county suspect arrested for electoral fraud,https://dubawa.org/mostly-true-bong-county-suspect-arrested-for-electoral-fraud/,5|437|1571|3812|3815|1960|3797,window,window|cat|body_kw|within_180|score_ok,4,category:1960; election:election|vote|voter
2023,10/10/2023,Liberia,Presidential,16309,post,11/10/2023,11/10/2023,1,davidetta browne-lansanah: liberia’s nec chair in goliath-like straddle,https://dubawa.org/davidetta-browne-lansanah-liberias-nec-chair-in-goliath-like-straddle/,5|1572|4|3812|3815|1960|1574,window,window|cat|country_title|body_kw|within_180|score_ok,8,category:1960; title:liberia; body:george weah; body:weah; election:election|vote|candidate
2023,10/10/2023,Liberia,Presidential,16304,post,11/10/2023,11/10/2023,1,nec staff not scanning cards of disenfranchised voters,https://dubawa.org/nec-staff-not-scanning-cards-of-disenfranchised-voters/,5|1571|3812|3815|1960|3797,window,window|cat|title_kw|within_180|score_ok,4,category:1960; election:vote|voter|election
2023,10/10/2023,Liberia,Presidential,16300,post,11/10/2023,11/10/2023,1,true!   fumbah armah arrested for double registration,https://dubawa.org/true-fumbah-armah-arrested-for-double-registration/,5|1571|3812|3815|1960|3797,window,window|cat|country_body|body_kw|within_180|score_ok,5,category:1960; body:liberia; election:election
2023,10/10/2023,Liberia,Presidential,16294,post,10/10/2023,10/10/2023,0,mostly true: jefferson t. koijee shared 25kg bag of rice with mcc casual workers,https://dubawa.org/mostly-true-jefferson-t-koijee-shared-25kg-bag-of-rice-with-mcc-casual-workers/,5|1571|3812|3815|1960|3797,window,window|cat|country_body|within_180|score_ok,4,category:1960; body:monrovia
2023,10/10/2023,Liberia,Presidential,16291,post,10/10/2023,10/10/2023,0,false! no “fake centre” at plp headquarters,https://dubawa.org/false-no-fake-centre-at-plp-headquarters/,5|1571|3812|3815|1960|3797,window,window|cat|country_body|body_kw|within_180|score_ok,5,category:1960; body:monrovia; election:vote|poll
2023,10/10/2023,Liberia,Presidential,16285,post,10/10/2023,10/10/2023,0,#liberiadecides2023: weah’s cdc leads mis-disinformation spreading chart,https://dubawa.org/liberiadecides2023-weahs-cdc-leads-mis-disinformation-spreading-chart/,5|3812|3815|1145|1960|1574|1573,window,window|cat|country_title|body_kw|within_180|score_ok,12,category:1960; title:liberia; body:george weah; title:weah; body:joseph boakai; body:boakai; body:unity party; election:election|vote|voter
2023,10/10/2023,Liberia,Presidential,16282,post,10/10/2023,10/10/2023,0,true! pre-marked ballots discovered at precinct 30292,https://dubawa.org/true-pre-marked-ballots-discovered-at-precinct-30292/,5|3812|3815|1960|3797,window,window|cat|title_kw|within_180|score_ok,4,category:1960; election:ballot|poll|candidate
2023,10/10/2023,Liberia,Presidential,16278,post,10/10/2023,10/10/2023,0,votes counting procedures,https://dubawa.org/votes-counting-procedures/,5|3812|3815|1960|1574,window,window|cat|title_kw|within_180|score_ok,4,category:1960; election:vote|election|voter
2023,10/10/2023,Liberia,Presidential,16271,post,10/10/2023,10/10/2023,0,did nec’s website experience downtime?,https://dubawa.org/did-necs-website-experience-downtime/,5|437|1571|3812|3815|1960|3797,window,window|cat|country_body|body_kw|within_180|score_ok,6,category:1960; body:liberia; body:unity party; election:election
2023,10/10/2023,Liberia,Presidential,16262,post,10/10/2023,10/10/2023,0,international observers did not express disappointment in lnp investigation of foya’s violence,https://dubawa.org/misleading-international-observers-did-not-express-disappointment-in-lnp-investigation-of-foyas-violence/,5|1571|3812|3815|1960,window,window|cat|country_body|body_kw|within_180|score_ok,6,category:1960; body:liberia; body:unity party; election:election
2023,10/10/2023,Liberia,Presidential,16257,post,10/10/2023,10/10/2023,0,elections temporarily postponed in sinoe county,https://dubawa.org/elections-temporarily-postponed-in-sinoe-county/,5|1571|3812|3815|1960|3797,window,window|cat|title_kw|within_180|score_ok,4,category:1960; election:election|ballot
2023,10/10/2023,Liberia,Presidential,16249,post,10/10/2023,10/10/2023,0,"cjid partners wanep, premium times, others to cover liberia 2023 general elections",https://dubawa.org/cjid-partners-wanep-premium-times-others-to-cover-liberia-2023-general-elections/,5|3812|3815|1960|1688|1576,window,window|cat|country_title|title_kw|within_180|score_ok,6,category:1960; title:liberia; election:election|vote|voter
2023,10/10/2023,Liberia,Presidential,16243,post,10/10/2023,10/10/2023,0,true! liberia shuts borders with sierra leone,https://dubawa.org/true-liberia-shuts-borders-with-sierra-leone/,5|1571|3812|3815|1960|3797,window,window|cat|country_title|body_kw|within_180|score_ok,6,category:1960; title:liberia; election:election
2023,10/10/2023,Liberia,Presidential,16236,post,09/10/2023,09/10/2023,-1,"guinea bissau leads drug trafficking in west africa, not liberia",https://dubawa.org/guinea-bissau-leads-drug-trafficking-in-west-africa-not-liberia/,437|1571|3815|1960,window,window|cat|country_title|body_kw|within_180|score_ok,9,category:1960; title:liberia; body:monrovia; body:weah; body:unity party; election:election|candidate|presidential
2023,10/10/2023,Liberia,Presidential,16169,post,02/10/2023,02/10/2023,-8,few facts about liberia’s election 2023,https://dubawa.org/few-facts-about-liberias-election-2023/,5|1572|4|3812|3815|1960|1574,window,window|cat|country_title|title_kw|within_180|score_ok,6,category:1960; title:liberia; election:election|vote|voter
2023,10/10/2023,Liberia,Presidential,16166,post,01/10/2023,01/10/2023,-9,candidate profile: president george weah and his first term rule,https://dubawa.org/candidate-profile-president-george-weah-and-his-first-term-rule/,1572|3815|1960|16,window,window|cat|country_title|title_kw|within_180|score_ok,14,category:1960; body:liberia; body:monrovia; title:george weah; title:weah; body:joseph boakai; body:boakai; body:nimba; body:unity party; election:candidate|election|vote
2023,10/10/2023,Liberia,Presidential,16163,post,01/10/2023,01/10/2023,-9,joseph boakai’s quest for the presidency: a win-or-quit battle for liberia’s veteran politician?,https://dubawa.org/joseph-boakais-quest-for-the-presidency-a-win-or-quit-battle-for-liberias-veteran-politician/,1572|4|3812|3815|1960|16,window,window|cat|country_title|body_kw|within_180|score_ok,14,category:1960; title:liberia; body:george weah; body:weah; title:joseph boakai; title:boakai; body:nimba; body:unity party; election:election|vote|voter
2023,10/10/2023,Liberia,Presidential,16087,post,27/09/2023,27/09/2023,-13,false! liberia is not least in poverty and education in africa,https://dubawa.org/false-liberia-is-not-least-in-poverty-and-education-in-africa/,122|1571|3815|1960,window,window|cat|country_title|body_kw|within_180|score_ok,7,category:1960; title:liberia; body:monrovia; election:vote|candidate
2023,10/10/2023,Liberia,Presidential,16036,post,23/09/2023,23/09/2023,-17,"lawmaker’s assertion on cotton tree public school and budgetary allocation, misleading",https://dubawa.org/lawmakers-assertion-on-cotton-tree-public-school-and-budgetary-allocation-misleading/,120|1571|3815|1960,window,window|cat|body_kw|within_180|score_ok,4,category:1960; election:election|poll|legislative
2023,10/10/2023,Liberia,Presidential,16032,post,22/09/2023,22/09/2023,-18,people living with disabilities and liberia’s 2023 elections,https://dubawa.org/people-living-with-disabilities-and-liberias-2023-elections/,5|1572|3815|1960,window,window|cat|country_title|title_kw|within_180|score_ok,6,category:1960; title:liberia; election:election|vote|voter
2023,10/10/2023,Liberia,Presidential,16022,post,22/09/2023,22/09/2023,-18,week for truth 2023: call for volunteers,https://dubawa.org/week-for-truth-2023-call-for-volunteers/,423|3815|1960|1688|1268|2815,window,window|cat|country_body|within_180|score_ok,4,category:1960; body:liberia
2023,10/10/2023,Liberia,Presidential,15984,post,16/09/2023,16/09/2023,-24,"misleading! the national elections commission did not disqualify 27,000 voters",https://dubawa.org/misleading-the-national-elections-commission-did-not-disqualify-27000-voters/,5|1571|3815|1960|16,window,window|cat|country_body|title_kw|within_180|score_ok,5,category:1960; body:liberia; election:election|vote|voter
2023,10/10/2023,Liberia,Presidential,15915,post,13/09/2023,13/09/2023,-27,journalists in west africa to benefit from comprehensive training initiative on digital verification and fact-checking,https://dubawa.org/journalists-in-west-africa-to-benefit-from-comprehensive-training-initiative-on-digital-verification-and-fact-checking/,1571|3812|3815|1960|1574|1688|1268,window,window|cat|country_body|within_180|score_ok,4,category:1960; body:liberia
2023,10/10/2023,Liberia,Presidential,15893,post,12/09/2023,13/09/2023,-28,"dubawa trains civil society, state actors in liberia on fact-checking, disinformation",https://dubawa.org/dubawa-trains-civil-society-state-actors-in-liberia-on-fact-checking-disinformation/,3815|1960|1574|1688,window,window|cat|country_title|body_kw|within_180|score_ok,6,category:1960; title:liberia; election:election|poll|presidential
2023,10/10/2023,Liberia,Presidential,15887,post,12/09/2023,12/09/2023,-28,major electoral offences in liberia’s 2023 presidential and legislative elections,https://dubawa.org/major-electoral-offences-in-liberias-2023-presidential-and-legislative-elections/,1572|3815|1960|16,window,window|cat|country_title|title_kw|within_180|score_ok,10,category:1960; title:liberia; body:monrovia; body:weah; body:boakai; body:unity party; election:election|presidential|legislative
2023,10/10/2023,Liberia,Presidential,15733,post,31/08/2023,31/08/2023,-40,true! liberia exported electricity to ivory coast for the first time in july,https://dubawa.org/true-liberia-exported-electricity-to-ivory-coast-for-the-first-time-in-july/,120|437|1571|3815|1960|1688,window,window|cat|country_title|within_180|score_ok,7,category:1960; title:liberia; body:monrovia; body:weah
2023,10/10/2023,Liberia,Presidential,15698,post,29/08/2023,29/08/2023,-42,"photo of former vice president joseph boakai in hospital, doctored",https://dubawa.org/photo-of-former-vice-president-joseph-boakai-in-hospital-doctored/,437|1571|1960|16,window,window|cat|country_title|body_kw|within_180|score_ok,10,category:1960; body:liberia; title:joseph boakai; title:boakai; body:unity party; election:election
2023,10/10/2023,Liberia,Presidential,15555,post,10/08/2023,10/08/2023,-61,liberia elections glossary: 10 terms you need to be familiar with as political campaign starts,https://dubawa.org/liberia-elections-glossary-10-terms-you-need-to-be-familiar-with-as-political-campaign-starts/,5|1572|1960,category-only,category-only|cat|country_title|title_kw|within_180|score_ok,6,category:1960; title:liberia; election:election|vote|voter
2023,10/10/2023,Liberia,Presidential,15517,post,05/08/2023,06/08/2023,-66,how liberian politicians flout electoral laws ahead of october polls,https://dubawa.org/how-liberian-politicians-flout-electoral-laws-ahead-of-october-polls/,1572|1960,category-only,category-only|cat|country_title|title_kw|within_180|score_ok,10,category:1960; title:liberia; body:monrovia; body:george weah; body:weah; body:unity party; election:poll|election|vote
2023,10/10/2023,Liberia,Presidential,15477,post,31/07/2023,31/07/2023,-71,weah’s cdc fails to uphold 40% quota promise for women in party elections,https://dubawa.org/weahs-cdc-fails-to-uphold-40-quota-promise-for-women-in-party-elections/,1572|1960|1574|16,category-only,category-only|cat|country_title|title_kw|within_180|score_ok,8,category:1960; body:liberia; body:george weah; title:weah; election:election|candidate|parliament
2023,10/10/2023,Liberia,Presidential,15350,post,06/07/2023,06/07/2023,-96,false! all liberian party not fielding presidential ticket in october,https://dubawa.org/false-all-liberian-party-not-fielding-presidential-ticket-in-october/,5|1571|1960,category-only,category-only|cat|country_title|title_kw|within_180|score_ok,6,category:1960; title:liberia; election:presidential|election|vote
2023,10/10/2023,Liberia,Presidential,15340,post,03/07/2023,03/07/2023,-99,the controversial 60% budget cut for liberia’s october elections and matters arising,https://dubawa.org/the-controversial-60-budget-cut-for-liberias-october-elections-and-matters-arising/,5|1572|1960,category-only,category-only|cat|country_title|title_kw|within_180|score_ok,9,category:1960; title:liberia; body:monrovia; body:weah; body:unity party; election:election|vote|voter
2023,10/10/2023,Liberia,Presidential,15059,post,15/06/2023,15/06/2023,-117,"nimely’s assertion ghanaian mps passed vote of no confidence against finance minister, false",https://dubawa.org/nimelys-assertion-ghanaian-mps-passed-vote-of-no-confidence-against-finance-minister-false/,1571|1960|16,category-only,category-only|cat|country_body|title_kw|within_180|score_ok,6,category:1960; body:liberia; body:monrovia; election:vote|ballot|parliament
2023,10/10/2023,Liberia,Presidential,14993,post,08/06/2023,08/06/2023,-124,weah did not win every election in grand bassa county,https://dubawa.org/weah-did-not-win-every-election-in-grand-bassa-county/,1571|1960,category-only,category-only|cat|country_title|title_kw|within_180|score_ok,8,category:1960; body:liberia; body:george weah; title:weah; election:election|poll|run-off
2023,10/10/2023,Liberia,Presidential,14816,post,23/05/2023,23/05/2023,-140,false! police vehicle arrested with drugs in presidential convoy was in 2010,https://dubawa.org/false-police-vehicle-arrested-with-drugs-in-presidential-convoy-was-in-2010/,1571|1960|16,category-only,category-only|cat|country_body|title_kw|within_180|score_ok,8,category:1960; body:liberia; body:monrovia; body:george weah; body:weah; election:presidential|election|poll
2023,10/10/2023,Liberia,Presidential,14739,post,17/05/2023,17/05/2023,-146,false! senator johnson won more than 50% of total registered votes in nimba county,https://dubawa.org/false-senator-johnson-won-more-than-50-of-total-registered-votes-in-nimba-county/,5|1571|1960,category-only,category-only|cat|country_title|title_kw|within_180|score_ok,11,category:1960; body:liberia; body:george weah; body:weah; body:boakai; title:nimba; body:unity party; election:vote|election|voter
2023,14/11/2023,Liberia,Presidential Run-off,16946,post,08/12/2023,08/12/2023,24,monrovia’s hit-and-run incident: premeditated murder or accident?,https://dubawa.org/monrovias-hit-and-run-incident-premeditated-murder-or-accident/,5|1572|3815|1960|16,window,window|cat|country_title|body_kw|within_180|score_ok,10,category:1960; body:liberia; title:monrovia; body:joseph boakai; body:boakai; body:unity party; election:election|candidate|run-off
2023,14/11/2023,Liberia,Presidential Run-off,16937,post,07/12/2023,11/12/2023,23,misleading! david kolleh did not loot public assets during transition,https://dubawa.org/misleading-david-kolleh-did-not-loot-public-assets-during-transition/,5|1571|3812|3815|1960|16,window,window|cat|country_body|body_kw|within_180|score_ok,7,category:1960; body:liberia; body:george weah; body:weah; election:election
2023,14/11/2023,Liberia,Presidential Run-off,16899,post,26/11/2023,26/11/2023,12,"jawabin boakai da ake yadawa a matsayin sanarwar zababben shugaban kasa, yaudara ce kawai",https://dubawa.org/jawabin-boakai-da-ake-yadawa-a-matsayin-sanarwar-zababben-shugaban-kasa-yaudara-ce-kawai/,3137|1571|2451,window,window|country_title|within_180|score_ok,5,body:george weah; body:weah; body:joseph boakai; title:boakai
2023,14/11/2023,Liberia,Presidential Run-off,16877,post,25/11/2023,25/11/2023,11,weah ya amince ya sha kaye! “boakai ya sami mafi yawan kuri’u”,https://dubawa.org/weah-ya-amince-ya-sha-kaye-boakai-ya-sami-mafi-yawan-kuriu/,3137|2451,window,window|country_title|within_180|score_ok,6,body:george weah; title:weah; body:joseph boakai; title:boakai
2023,14/11/2023,Liberia,Presidential Run-off,16866,post,23/11/2023,23/11/2023,9,"boakai’s statement circulating as president-elect speech, misleading",https://dubawa.org/boakais-statement-circulating-as-president-elect-speech-misleading/,5|1571|4|3815|1960,window,window|cat|country_title|body_kw|within_180|score_ok,11,category:1960; body:liberia; body:george weah; body:weah; body:joseph boakai; title:boakai; body:unity party; election:election|vote|poll
2023,14/11/2023,Liberia,Presidential Run-off,16853,post,19/11/2023,19/11/2023,5,weah concedes! “boakai in insurmountable lead”,https://dubawa.org/weah-concedes-boakai-in-insurmountable-lead/,5|1572|3812|3815|1960|3797,window,window|cat|country_title|body_kw|within_180|score_ok,13,category:1960; body:liberia; body:george weah; title:weah; body:joseph boakai; title:boakai; body:nimba; body:unity party; election:election|vote|voter
2023,14/11/2023,Liberia,Presidential Run-off,16845,post,19/11/2023,19/11/2023,5,"misleading! samuel doe is iawpa observer, not un",https://dubawa.org/misleading-samuel-doe-is-iawpa-observer-not-un/,437|1571|4|3812|3815|1960|16,window,window|cat|country_body|body_kw|within_180|score_ok,8,category:1960; body:liberia; body:george weah; body:weah; body:unity party; election:election|vote|ballot
2023,14/11/2023,Liberia,Presidential Run-off,16840,post,18/11/2023,15/05/2024,4,dubawa 2023 fellows graduate in style,https://dubawa.org/dubawa-2023-fellows-graduate-in-style/,3815|3812|1960|1688|1268|2815,window,window|cat|country_body|body_kw|within_180|score_ok,5,category:1960; body:liberia; election:election
2023,14/11/2023,Liberia,Presidential Run-off,16827,post,15/11/2023,15/11/2023,1,"viral pictures suggesting poor voter turnout in grand gedeh county, misleading",https://dubawa.org/viral-pictures-suggesting-poor-voter-turnout-in-grand-gedeh-county-misleading/,5|437|1571|3812|3815|3797,window,window|country_body|title_kw|within_180|score_ok,6,body:liberia; body:george weah; body:weah; body:nimba; body:unity party; election:vote|voter|election
2023,14/11/2023,Liberia,Presidential Run-off,16820,post,15/11/2023,15/11/2023,1,"true! nec temporary workers did not have frr at st. paul lutheran school, kakata polling centre",https://dubawa.org/true-nec-temporary-workers-did-not-have-frr-at-st-paul-lutheran-school-kakata-polling-centre/,5|437|1571|3812|3815|1960|3797,window,window|cat|country_body|title_kw|within_180|score_ok,5,category:1960; body:unity party; election:poll|election|vote
2023,14/11/2023,Liberia,Presidential Run-off,16813,post,14/11/2023,14/11/2023,0,misleading! pre-marked ballot papers were not discovered at tubman high school polling centre,https://dubawa.org/misleading-pre-marked-ballot-papers-were-not-discovered-at-tubman-high-school-polling-centre/,5|437|1571|3812|3815|1960|3797,window,window|cat|country_body|title_kw|within_180|score_ok,6,category:1960; body:liberia; body:unity party; election:ballot|poll
2023,14/11/2023,Liberia,Presidential Run-off,16809,post,14/11/2023,15/11/2023,0,"false! man in viral video, not ecc s oscar bloh",https://dubawa.org/false-man-in-viral-video-not-effcs-oscar-bloh/,5|1571|3812|3815|1960|3797,window,window|cat|country_body|body_kw|within_180|score_ok,6,category:1960; body:liberia; body:unity party; election:election|run-off|presidential
2023,14/11/2023,Liberia,Presidential Run-off,16804,post,14/11/2023,14/11/2023,0,false! gongloe didn t threaten to prosecute urey for stealing,https://dubawa.org/false-gongloe-didnt-threaten-to-prosecute-urey-for-stealing/,5|4|3812|3815|1960|3797,window,window|cat|country_body|body_kw|within_180|score_ok,9,category:1960; body:liberia; body:george weah; body:weah; body:boakai; body:unity party; election:election|candidate|run-off
2023,14/11/2023,Liberia,Presidential Run-off,16800,post,14/11/2023,14/11/2023,0,"false! cdc did not disburse usd$150,000 to ecowas election observers",https://dubawa.org/false-cdc-did-not-disburse-usd150000-to-ecowas-election-observers/,437|1571|3812|3815|1960|3797,window,window|cat|country_body|title_kw|within_180|score_ok,6,category:1960; body:liberia; body:unity party; election:election|vote|run-off
2023,14/11/2023,Liberia,Presidential Run-off,16797,post,14/11/2023,14/11/2023,0,"false! nec’s alfred dunner erol, madison gwion not dead",https://dubawa.org/false-necs-alfred-dunner-erol-madison-gwion-not-dead/,5|1571|4|3812|3815|1960|3797,window,window|cat|body_kw|within_180|score_ok,4,category:1960; election:vote
2023,14/11/2023,Liberia,Presidential Run-off,16795,post,14/11/2023,14/11/2023,0,mostly true; nec worker solicits votes for cdc post-campaign period,https://dubawa.org/mostly-true-nec-worker-solicits-votes-for-cdc-post-campaign-period-2/,1571|3812|3815|1960|3797,window,window|cat|country_body|title_kw|within_180|score_ok,6,category:1960; body:liberia; body:weah; election:vote|election|runoff
2023,14/11/2023,Liberia,Presidential Run-off,16791,post,14/11/2023,14/11/2023,0,"false! no pre-marked ballot papers discovered in foya, lofa county",https://dubawa.org/false-no-pre-marked-ballot-papers-discovered-in-foya-lofa-county/,5|1571|3812|3815|1960|3797,window,window|cat|country_body|title_kw|within_180|score_ok,7,category:1960; body:liberia; body:george weah; body:weah; election:ballot|poll
2023,14/11/2023,Liberia,Presidential Run-off,16768,post,14/11/2023,14/11/2023,0,misleading! liberia’s standard of living not better than guinea and sierra leone,https://dubawa.org/misleading-liberias-standard-of-living-not-better-than-guinea-and-sierra-leone/,120|1571|4|3812|3815|1960,window,window|cat|country_title|body_kw|within_180|score_ok,7,category:1960; title:liberia; body:weah; election:election|run-off|presidential
2023,14/11/2023,Liberia,Presidential Run-off,16556,post,07/11/2023,07/11/2023,-7,false! the eu not supporting boakai presidency in run-off,https://dubawa.org/false-the-eu-not-supporting-boakai-presidency-in-run-off/,5|1571|3812|3815|1960|16,window,window|cat|country_title|title_kw|within_180|score_ok,11,category:1960; body:liberia; body:george weah; body:weah; body:joseph boakai; title:boakai; body:unity party; election:run-off|election|poll
2023,14/11/2023,Liberia,Presidential Run-off,16537,post,03/11/2023,10/11/2023,-11,no evidence yekeh kolubah endorsed george weah in run-off,https://dubawa.org/no-evidence-yekeh-kolubah-endorsed-george-weah-in-run-off/,5|1571|4|3812|3815|1960,window,window|cat|country_title|title_kw|within_180|score_ok,12,category:1960; body:liberia; title:george weah; title:weah; body:joseph boakai; body:boakai; body:unity party; election:run-off|election|presidential
2023,14/11/2023,Liberia,Presidential Run-off,16511,post,31/10/2023,31/10/2023,-14,misleading! finance minister did not order removal of  lofa and nimba citizens working with lra,https://dubawa.org/misleading-finance-minister-did-not-order-removal-of-lofa-and-nimba-citizens-working-with-lra/,120|1571|3812|3815|1960,window,window|cat|country_title|body_kw|within_180|score_ok,9,category:1960; body:liberia; body:weah; title:nimba; body:unity party; election:election|vote|candidate
2023,14/11/2023,Liberia,Presidential Run-off,16508,post,31/10/2023,31/10/2023,-14,"liberia’s run-off: who will it be, weah or boakai?",https://dubawa.org/liberias-run-off-who-will-it-be-weah-or-boakai/,5|1572|3812|3815|16,window,window|country_title|title_kw|within_180|score_ok,10,title:liberia; body:george weah; title:weah; body:joseph boakai; title:boakai; body:unity party; election:run-off|election|vote
2023,14/11/2023,Liberia,Presidential Run-off,17614,post,07/03/2024,31/03/2024,114,akufo-addo never reported boakai to ecowas parliament over unannounced visits,https://dubawa.org/akufo-addo-never-reported-boakai-to-ecowas-parliament-over-unannounced-visits/,437|1571|3815|1960|16,category-only,category-only|cat|country_title|title_kw|within_180|score_ok,9,category:1960; body:liberia; body:monrovia; body:joseph boakai; title:boakai; election:parliament
2023,14/11/2023,Liberia,Presidential Run-off,17325,post,26/01/2024,26/01/2024,73,boakai’s  presidential inauguration and the future of liberia,https://dubawa.org/boakais-presidential-inauguration-and-the-future-of-liberia/,1572|4|3812|3815|1960|16,category-only,category-only|cat|country_title|title_kw|within_180|score_ok,12,category:1960; title:liberia; body:george weah; body:weah; body:joseph boakai; title:boakai; body:unity party; election:presidential|election|vote
2023,14/11/2023,Liberia,Presidential Run-off,17156,post,31/12/2023,31/12/2023,47,viral election-related disinformation across west africa in 2023,https://dubawa.org/viral-election-related-disinformation-across-west-africa-in-2023/,5|1571|4|3812|3815|1960|1268,category-only,category-only|cat|country_body|title_kw|within_180|score_ok,9,category:1960; body:liberia; body:george weah; body:weah; body:joseph boakai; body:boakai; election:election|vote|voter
2023,14/11/2023,Liberia,Presidential Run-off,17085,post,27/12/2023,27/12/2023,43,israel-hamas war: did liberia vote a diplomatic embarrassment?,https://dubawa.org/israel-hamas-war-did-liberia-vote-a-diplomatic-embarrassment/,1572|3815|1960,category-only,category-only|cat|country_title|title_kw|within_180|score_ok,8,category:1960; title:liberia; body:george weah; body:weah; election:vote|poll
2023,14/11/2023,Liberia,Presidential Run-off,17057,post,22/12/2023,22/12/2023,38,liberia’s election 2023: unmasking disinformation actors and channels,https://dubawa.org/liberias-election-2023-unmasking-disinformation-actors-and-channels/,435|3815|1960|1573|1575,category-only,category-only|cat|country_title|title_kw|within_180|score_ok,13,category:1960; title:liberia; body:monrovia; body:george weah; body:weah; body:joseph boakai; body:boakai; body:nimba; body:unity party; election:election|vote|voter
2024,24/03/2024,Senegal,Presidential,18294,post,17/04/2024,17/04/2024,24,"jacques habib sy, supposé époux de yacine fall et impliqué dans un scandale de 65 milliards? démêler le vrai du faux autour de cette affirmation”",https://dubawa.org/jacques-habib-sy-suppose-epoux-de-yacine-fall-et-implique-dans-un-scandale-de-65-milliards-demeler-le-vrai-du-faux-autour-de-cette-affirmation/,4044,window,window|cat|within_180|score_ok,3,category:4044
2024,24/03/2024,Senegal,Presidential,18142,post,06/04/2024,06/04/2024,13,"fact-checking : non, le prix du renouvellement du passeport au sénégal n a pas doublé",https://dubawa.org/fact-checking-non-le-prix-du-renouvellement-du-passeport-au-senegal-na-pas-double/,4044,window,window|cat|country_title|body_kw|within_180|score_ok,9,category:4044; title:senegal; body:bassirou diomaye; body:diomaye faye; body:macky sall; election:élection
2024,24/03/2024,Senegal,Presidential,18102,post,04/04/2024,04/04/2024,11,sénégal : le travail journalistique face au défi de l accès à des sources d information ouvertes,https://dubawa.org/senegal-le-travail-journalistique-face-au-defi-de-lacces-a-des-sources-dinformation-ouvertes/,4044,window,window|cat|country_title|body_kw|within_180|score_ok,8,category:4044; title:senegal; body:dakar; body:bassirou diomaye; election:élection|vote
2024,24/03/2024,Senegal,Presidential,18093,post,04/04/2024,04/04/2024,11,sénégal : soubresauts pour une loi d’accès à l’information,https://dubawa.org/senegal-soubresauts-pour-une-loi-dacces-a-linformation/,4044,window,window|cat|country_title|within_180|score_ok,5,category:4044; title:senegal
2024,24/03/2024,Senegal,Presidential,17941,post,27/03/2024,28/03/2024,3,"nouveau président au sénégal, des félicitations tout azimut",https://dubawa.org/nouveau-president-au-senegal-des-felicitations-tout-azimut/,4044,window,window|cat|country_title|body_kw|within_180|score_ok,8,category:4044; title:senegal; body:bassirou diomaye; body:diomaye faye; election:élection
2024,24/03/2024,Senegal,Presidential,17906,post,25/03/2024,28/03/2024,1,parcours de bassirou diomaye faye,https://dubawa.org/parcours-de-bassirou-diomaye-faye/,4044,window,window|cat|country_title|within_180|score_ok,12,category:4044; body:dakar; title:bassirou diomaye; title:diomaye faye; body:ousmane sonko; body:sonko; body:amadou ba; body:pastef
2024,24/03/2024,Senegal,Presidential,17902,post,25/03/2024,28/03/2024,1,chapo,https://dubawa.org/chapo-2/,4044,window,window|cat|body_kw|within_180|score_ok,4,category:4044; election:vote
2024,24/03/2024,Senegal,Presidential,17882,post,25/03/2024,28/03/2024,1,le point des observateurs de wanep après le vote,https://dubawa.org/le-point-des-observateurs-de-wanep-apres-le-vote/,4044,window,window|cat|title_kw|within_180|score_ok,4,category:4044; election:vote
2024,24/03/2024,Senegal,Presidential,17879,post,24/03/2024,28/03/2024,0,mécontentement d’électeurs dans le département keur massar,https://dubawa.org/mecontentement-delecteurs-dans-le-departement-keur-massar/,4044,window,window|cat|body_kw|within_180|score_ok,4,category:4044; election:vote|voter
2024,24/03/2024,Senegal,Presidential,17875,post,24/03/2024,28/03/2024,0,présidentielle : le candidat daouda ndiaye dénonce l’absence de ses bulletins de vote,https://dubawa.org/presidentielle-le-candidat-daouda-ndiaye-denonce-labsence-de-ses-bulletins-de-vote/,4044,window,window|cat|title_kw|within_180|score_ok,4,category:4044; election:vote
2024,24/03/2024,Senegal,Presidential,17871,post,24/03/2024,28/03/2024,0,"election présidentielle : arrestation d’un jeune de benno à yeumbeul sud, le commissariat dément",https://dubawa.org/election-presidentielle-arrestation-dun-jeune-de-benno-a-yeumbeul-sud-le-commissariat-dement/,4044,window,window|cat|title_kw|within_180|score_ok,4,category:4044; election:election|vote
2024,24/03/2024,Senegal,Presidential,17862,post,24/03/2024,28/03/2024,0,"les infox, une menace réelle pour la présidentielle sénégalaise",https://dubawa.org/les-fake-news-une-menace-reelle-pour-la-presidentielle-senegalaise/,4044,window,window|cat|country_title|body_kw|within_180|score_ok,9,category:4044; title:senegal; body:bassirou diomaye; body:diomaye faye; body:amadou ba; election:élection
2024,24/03/2024,Senegal,Presidential,17858,post,24/03/2024,28/03/2024,0,bilan d étape la présidentielle sénégalaise,https://dubawa.org/bilan-detape-la-presidentielle-senegalaise/,4044,window,window|cat|country_title|body_kw|within_180|score_ok,13,category:4044; title:senegal; body:dakar; body:bassirou diomaye; body:diomaye faye; body:ousmane sonko; body:sonko; body:amadou ba; body:macky sall; election:élection|vote|candidate
2024,24/03/2024,Senegal,Presidential,17854,post,24/03/2024,28/03/2024,0,"at 10:50 a.m., wanep observers reported that voting was proceeding normally and calmly, wanep regional coordinatorjulien oussou, told mariama thiam and ludmila lengogha in an interview.",https://dubawa.org/at-1050-a-m-wanep-observers-reported-that-voting-was-proceeding-normally-and-calmly-wanep-regional-coordinatorjulien-oussou-told-mariama-thiam-and-ludmila-lengogha-in-an-interview/,4044,window,window|cat|within_180|score_ok,3,category:4044
2024,24/03/2024,Senegal,Presidential,17850,post,24/03/2024,28/03/2024,0,"bilan à 10h50 des observateurs de wanep le vote se déroule normalement et dans le calme nous explique le coordonnateur régional à wanep, julien oussou interrogé par mariama thiam et ludmila lengogha",https://dubawa.org/bilan-a-10h50-des-observateurs-de-wanep-le-vote-se-deroule-normalement-et-dans-le-calme-nous-explique-le-coordonnateur-regional-a-wanep-julien-oussou-interroge-par-mariama-thiam-et-ludmila-lengogha/,4044,window,window|cat|title_kw|within_180|score_ok,4,category:4044; election:vote
2024,24/03/2024,Senegal,Presidential,17845,post,24/03/2024,28/03/2024,0,chapo,https://dubawa.org/chapo/,4044,window,window|cat|country_body|body_kw|within_180|score_ok,6,category:4044; body:senegal; body:dakar; election:election|élection|vote
2024,24/03/2024,Senegal,Presidential,17838,post,24/03/2024,28/03/2024,0,sénégal: supposé incendie criminelle chez une députée du pds,https://dubawa.org/senegal-suppose-incendie-criminelle-chez-une-deputee-du-pds/,4044,window,window|cat|country_title|within_180|score_ok,8,category:4044; title:senegal; body:ousmane sonko; body:sonko; body:pastef
2024,24/03/2024,Senegal,Presidential,17825,post,23/03/2024,28/03/2024,-1,présidentielle au sénégal : dakar demdikk n’a pas suspendu ses navettes inter-régionales,https://dubawa.org/presidentielle-au-senegal-dakar-demdikk-na-pas-suspendu-ses-navettes-inter-regionales/,4044,window,window|cat|country_title|body_kw|within_180|score_ok,8,category:4044; title:senegal; title:dakar; election:vote
2024,24/03/2024,Senegal,Presidential,17823,post,23/03/2024,28/03/2024,-1,diaspora sénégalaise : une force démographique et électorale grandissante,https://dubawa.org/diaspora-senegalaise-une-force-demographique-et-electorale-grandissante/,4044,window,window|cat|country_title|body_kw|within_180|score_ok,9,category:4044; title:senegal; body:ousmane sonko; body:sonko; body:pastef; election:élection|vote
2024,24/03/2024,Senegal,Presidential,17818,post,23/03/2024,28/03/2024,-1,senegalese diaspora: a growing demographic and electoral force,https://dubawa.org/senegalese-diaspora-a-growing-demographic-and-electoral-force/,4044,window,window|cat|country_title|body_kw|within_180|score_ok,9,category:4044; title:senegal; body:ousmane sonko; body:sonko; body:pastef; election:election|vote|voter
2024,24/03/2024,Senegal,Presidential,17816,post,23/03/2024,28/03/2024,-1,what you need to know about the organization of polling stations and voting process in senegal,https://dubawa.org/what-you-need-to-know-about-the-organization-of-polling-stations-and-voting-process-in-senegal/,4044,window,window|cat|country_title|title_kw|within_180|score_ok,7,category:4044; title:senegal; body:cena; election:poll|election|vote
2024,24/03/2024,Senegal,Presidential,17813,post,23/03/2024,28/03/2024,-1,ce qu’il faut savoir sur l’organisation du bureau et le déroulement du vote au sénégal,https://dubawa.org/ce-quil-faut-savoir-sur-lorganisation-du-bureau-et-le-deroulement-du-vote-au-senegal/,4044,window,window|cat|country_title|title_kw|within_180|score_ok,7,category:4044; title:senegal; body:cena; election:vote|élection|voter
2024,24/03/2024,Senegal,Presidential,17792,post,22/03/2024,28/03/2024,-2,le digital en appoint de la communication électorale traditionnelle,https://dubawa.org/le-digital-en-appoint-de-la-communication-electorale-traditionnelle/,4044,window,window|cat|body_kw|within_180|score_ok,4,category:4044; election:élection
2024,24/03/2024,Senegal,Presidential,17765,post,22/03/2024,28/03/2024,-2,2 des 19 candidats se retirent de la présidentielle sénégalaise,https://dubawa.org/un-des-19-candidats-se-retire-de-la-presidentielle-senegalaise/,4044,window,window|cat|country_title|body_kw|within_180|score_ok,11,category:4044; title:senegal; body:bassirou diomaye; body:diomaye faye; body:ousmane sonko; body:sonko; body:macky sall; election:élection
2024,24/03/2024,Senegal,Presidential,17749,post,20/03/2024,28/03/2024,-4,qui sont les candidats à la présidentielle sénégalaise du 24 mars ?,https://dubawa.org/qui-sont-les-candidats-a-la-presidentielle-senegalaise-du-24-mars/,4044,window,window|cat|country_title|body_kw|within_180|score_ok,14,category:4044; title:senegal; body:dakar; body:bassirou diomaye; body:diomaye faye; body:ousmane sonko; body:sonko; body:amadou ba; body:macky sall; body:pastef; election:élection|candidate
2024,24/03/2024,Senegal,Presidential,17746,post,20/03/2024,28/03/2024,-4,"présidentielle sénégalaise : l’intelligence artificielle, entre opportunités et défis",https://dubawa.org/presidentielle-senegalaise-lintelligence-artificielle-entre-opportunites-et-defis/,4044,window,window|cat|country_title|body_kw|within_180|score_ok,6,category:4044; title:senegal; election:élection|vote|voter
2024,24/03/2024,Senegal,Presidential,17740,post,19/03/2024,28/03/2024,-5,election sénégal : une traversée du désert,https://dubawa.org/election-senegal-une-traversee-du-desert/,4044,window,window|cat|country_title|title_kw|within_180|score_ok,13,category:4044; title:senegal; body:dakar; body:bassirou diomaye; body:diomaye faye; body:ousmane sonko; body:sonko; body:amadou ba; body:macky sall; election:election|élection|vote
2024,24/03/2024,Senegal,Presidential,17737,post,19/03/2024,28/03/2024,-5,"anta babacar ngom, la voix féminine de la présidentielle sénégalaise",https://dubawa.org/anta-babacar-ngom-la-voix-feminine-de-la-presidentielle-senegalaise/,4044,window,window|cat|country_title|body_kw|within_180|score_ok,13,category:4044; title:senegal; body:dakar; body:bassirou diomaye; body:diomaye faye; body:ousmane sonko; body:sonko; body:amadou ba; body:macky sall; election:élection|vote|candidate
2024,24/03/2024,Senegal,Presidential,17516,post,18/02/2024,19/02/2024,-35,object-wearing goalkeeper in viral image not ivory coast’s fofana in afcon  final,https://dubawa.org/object-wearing-goalkeeper-in-viral-image-not-ivory-coasts-fofana-in-afcon-final/,435|1571|4|3815|1268|3704,window,window|country_body|body_kw|within_180|score_ok,3,body:senegal; body:dakar; election:presidential
2024,24/03/2024,Senegal,Presidential,17486,post,14/02/2024,14/02/2024,-39,analysis: internet shutdowns threaten media freedom in senegal,https://dubawa.org/analysis-internet-shutdowns-threaten-media-freedom-in-senegal/,210|435|4|3812|3815|1688|16|119|4044,window,window|cat|country_title|body_kw|within_180|score_ok,7,category:4044; title:senegal; body:macky sall; election:election|presidential
2024,24/03/2024,Senegal,Presidential,17471,post,13/02/2024,13/02/2024,-40,exploring the legal and political consequences of the postponement of senegal’s presidential election,https://dubawa.org/exploring-the-legal-and-political-consequences-of-the-postponement-of-senegals-presidential-election/,210|1572|4|3815|16|1576|1573|4044,window,window|cat|country_title|title_kw|within_180|score_ok,10,category:4044; title:senegal; body:ousmane sonko; body:sonko; body:macky sall; body:cena; election:election|presidential|vote
2024,24/03/2024,Senegal,Presidential,18541,post,06/05/2024,06/05/2024,43,tchad : déroulement du vote de ce 6 mai,https://dubawa.org/tchad-deroulement-du-vote-de-ce-6-mai/,4044,category-only,category-only|cat|title_kw|within_180|score_ok,4,category:4044; election:vote|election|élection
2024,17/11/2024,Senegal,Parliamentary,20934,post,26/11/2024,26/11/2024,9,arnaque sur une supposée « subvention de noël » offerte par le président du sénégal,https://dubawa.org/arnaque-sur-une-supposee-subvention-de-noel-offerte-par-le-president-du-senegal/,4044,window,window|cat|country_title|body_kw|within_180|score_ok,8,category:4044; title:senegal; body:bassirou diomaye; body:diomaye faye; election:élection
2024,17/11/2024,Senegal,Parliamentary,20850,post,18/11/2024,18/11/2024,1,"l’ex député, pape djibril fall, a-t-il raison sur la hausse du chômage au sénégal ?",https://dubawa.org/lex-depute-pape-djibril-fall-a-t-il-raison-sur-la-hausse-du-chomage-au-senegal/,1571|4044,window,window|cat|country_title|body_kw|within_180|score_ok,10,category:4044; title:senegal; body:bassirou diomaye; body:diomaye faye; body:ousmane sonko; body:sonko; election:élection
2024,17/11/2024,Senegal,Parliamentary,20843,post,18/11/2024,18/11/2024,1,discours de haine et violences : retour sur une campagne électorale très tendue au sénégal,https://dubawa.org/discours-de-haine-et-violences-retour-sur-une-campagne-electorale-tres-tendue-au-senegal/,4044,window,window|cat|country_title|body_kw|within_180|score_ok,11,category:4044; title:senegal; body:dakar; body:ousmane sonko; body:sonko; body:macky sall; body:pastef; election:élection
2024,17/11/2024,Senegal,Parliamentary,20836,post,17/11/2024,17/11/2024,0,"promesses électorales, abdoulaye sylla tente de séduire la communauté sénégalo-guinéenne ?",https://dubawa.org/promesses-electorales-abdoulaye-sylla-tente-de-seduire-la-communaute-senegalo-guineenne/,4044,window,window|cat|country_title|within_180|score_ok,6,category:4044; title:senegal; body:dakar
2024,17/11/2024,Senegal,Parliamentary,20829,post,17/11/2024,17/11/2024,0,"assemblée nationale, garante du pouvoir législatif sénégalais",https://dubawa.org/assemblee-nationale-garante-du-pouvoir-legislatif-senegalais/,4044,window,window|cat|country_title|body_kw|within_180|score_ok,7,category:4044; title:senegal; body:dakar; election:élection|vote|voter
2024,17/11/2024,Senegal,Parliamentary,20820,post,17/11/2024,17/11/2024,0,affirmation fallacieuse en période électorale : le candidat aux législatives tahirou sarr s’illustre,https://dubawa.org/affirmation-fallacieuse-en-periode-electorale-le-candidat-aux-legislatives-tahirou-sarr-sillustre/,4044,window,window|cat|country_body|title_kw|within_180|score_ok,6,category:4044; body:bassirou diomaye; body:diomaye faye; election:legislative
2024,17/11/2024,Senegal,Parliamentary,20807,post,17/11/2024,17/11/2024,0,tentative d’influence du vote des électeurs sénégalais,https://dubawa.org/tentative-dinfluence-du-vote-des-electeurs-senegalais/,4044,window,window|cat|country_title|title_kw|within_180|score_ok,9,category:4044; title:senegal; body:ousmane sonko; body:sonko; body:pastef; election:vote|élection|voter
2024,17/11/2024,Senegal,Parliamentary,20799,post,16/11/2024,16/11/2024,-1,législatives sénégalaises: les chiffres clés du corps électoral,https://dubawa.org/legislatives-senegalaises-les-chiffres-cles-du-corps-electoral/,4044,window,window|cat|country_title|title_kw|within_180|score_ok,7,category:4044; title:senegal; body:dakar; election:legislative|élection
2024,17/11/2024,Senegal,Parliamentary,20781,post,16/11/2024,16/11/2024,-1,législatives au sénégal : 41 listes au départ; mais 4 se détachent,https://dubawa.org/legislatives-au-senegal-41-listes-au-depart-mais-4-se-detachent/,4044,window,window|cat|country_title|title_kw|within_180|score_ok,14,category:4044; title:senegal; body:dakar; body:bassirou diomaye; body:diomaye faye; body:ousmane sonko; body:sonko; body:amadou ba; body:macky sall; body:pastef; election:legislative|élection|candidate
2024,17/11/2024,Senegal,Parliamentary,20773,post,16/11/2024,16/11/2024,-1,"en pleine campagne électorale pour les législatives au sénégal, l’ue annonce la fin de son accord de pêche",https://dubawa.org/en-pleine-campagne-electorale-pour-les-legislatives-au-senegal-lue-annonce-la-fin-de-son-accord-de-peche/,4044,window,window|cat|country_title|title_kw|within_180|score_ok,7,category:4044; title:senegal; body:pastef; election:legislative
2024,17/11/2024,Senegal,Parliamentary,20765,post,15/11/2024,16/11/2024,-2,elections législatives anticipées au sénégal : comprendre le système électif,https://dubawa.org/elections-legislatives-anticipees-au-senegal-comprendre-le-systeme-electif/,4044,window,window|cat|country_title|title_kw|within_180|score_ok,6,category:4044; title:senegal; election:election|legislative|élection
2024,17/11/2024,Senegal,Parliamentary,20601,post,29/10/2024,29/10/2024,-19,"non, le ghana n’importe pas plus de 300 millions de dollars de poulets",https://dubawa.org/non-le-ghana-nimporte-pas-plus-de-300-millions-de-dollars-de-poulets/,4044,window,window|cat|within_180|score_ok,3,category:4044
2024,17/11/2024,Senegal,Parliamentary,20399,post,09/10/2024,09/10/2024,-39,situation financière : le représentant du fmi a-t-il contredit le premier ministre sénégalais?,https://dubawa.org/situation-financiere-le-representant-du-fmi-a-t-il-contredit-le-premier-ministre-senegalais/,4044,window,window|cat|country_title|within_180|score_ok,9,category:4044; title:senegal; body:bassirou diomaye; body:diomaye faye; body:ousmane sonko; body:sonko
2024,17/11/2024,Senegal,Parliamentary,19982,post,13/09/2024,13/09/2024,-65,le président du sénégal dissout l’assemblée nationale et annonce des élections législatives anticipées en novembre,https://dubawa.org/le-president-du-senegal-dissout-lassemblee-nationale-et-annonce-des-elections-legislatives-anticipees-en-novembre/,4044,category-only,category-only|cat|country_title|title_kw|within_180|score_ok,11,category:4044; title:senegal; body:bassirou diomaye; body:diomaye faye; body:ousmane sonko; body:sonko; body:macky sall; election:election|élection|legislative
2024,07/12/2024,Ghana,Presidential and Parliamentary,10525,post,31/12/2024,31/12/2024,24,explainer: ghana’s supreme court’s ruling and its effects on ec’s  re-collation of results,https://ghana.dubawa.org/explainer-ghanas-supreme-courts-ruling-and-its-effects-on-ecs-re-collation-of-results/,5|863|16,window,window|country_title|body_kw|within_180|score_ok,7,title:ghana; body:accra; body:npp; body:ndc; body:electoral commission; election:election|candidate|parliament
2024,07/12/2024,Ghana,Presidential and Parliamentary,10508,post,27/12/2024,27/12/2024,20,was akufo-addo government smuggling gold bars to dubai?,https://ghana.dubawa.org/was-akufo-addo-government-smuggling-gold-bars-to-dubai/,120|863,window,window|country_body|body_kw|within_180|score_ok,4,body:ghana; body:accra; body:ndc; election:election
2024,07/12/2024,Ghana,Presidential and Parliamentary,10502,post,24/12/2024,24/12/2024,17,true! youth stormed angel fm looking for okatakyie afrifa-mensah after ndc win!,https://ghana.dubawa.org/true-youth-stormed-angel-fm-looking-for-okatakyie-afrifa-mensah-after-ndc-win/,5|862,window,window|country_title|body_kw|within_180|score_ok,6,body:ghana; body:accra; body:mahama; title:ndc; election:election
2024,07/12/2024,Ghana,Presidential and Parliamentary,10485,post,24/12/2024,24/12/2024,17,"viral tiktok video claiming mahama doesn’t allow questions during campaigns or community engagements, false!",https://ghana.dubawa.org/viral-tiktok-video-claiming-mahama-doesnt-allow-questions-during-campaigns-or-community-engagements-false/,5|862|16,window,window|country_title|body_kw|within_180|score_ok,7,body:ghana; title:mahama; body:bawumia; body:npp; body:ndc; election:election|candidate|presidential
2024,07/12/2024,Ghana,Presidential and Parliamentary,10481,post,23/12/2024,23/12/2024,16,"napo’s claim mahama promised gh¢5 for the dollar and gh¢1 for kenkey, false!",https://ghana.dubawa.org/napos-claim-mahama-promised-gh%c2%a25-for-the-dollar-and-gh%c2%a21-for-kenkey-false/,120|5|862|16,window,window|country_title|body_kw|within_180|score_ok,6,body:ghana; body:accra; title:mahama; body:npp; election:election|candidate|parliament
2024,07/12/2024,Ghana,Presidential and Parliamentary,10478,post,23/12/2024,23/12/2024,16,explainer: what does the law say about setting up a government transition team?,https://ghana.dubawa.org/explainer-what-does-the-law-say-about-setting-up-a-government-transition-team/,5|863|16,window,window|country_body|body_kw|within_180|score_ok,4,body:ghana; body:mahama; body:electoral commission; election:election|vote|candidate
2024,07/12/2024,Ghana,Presidential and Parliamentary,10475,post,23/12/2024,24/12/2024,16,false! seth terkper didn’t say mahama would limit free shs to only day students,https://ghana.dubawa.org/false-seth-terkper-didnt-say-mahama-would-limit-free-shs-to-only-day-students/,5|862|16,window,window|country_title|body_kw|within_180|score_ok,6,body:ghana; body:accra; title:mahama; body:ndc; election:election
2024,07/12/2024,Ghana,Presidential and Parliamentary,10467,post,18/12/2024,18/12/2024,11,false; e-gates launched by vice president mahamudu bawumia worked during his demonstration,https://ghana.dubawa.org/false-e-gates-launched-by-vice-president-mahamudu-bawumia-worked-during-his-demonstration/,862|123,window,window|country_title|body_kw|within_180|score_ok,5,body:ghana; body:accra; title:bawumia; election:election|vote
2024,07/12/2024,Ghana,Presidential and Parliamentary,10461,post,18/12/2024,18/12/2024,11,claim e-levy and betting tax are used to generate electricity in ghana is misleading!,https://ghana.dubawa.org/claim-e-levy-and-betting-tax-are-used-to-generate-electricity-in-ghana-is-misleading/,120|862,window,window|country_title|within_180|score_ok,3,title:ghana; body:mahama
2024,07/12/2024,Ghana,Presidential and Parliamentary,10447,post,18/12/2024,18/12/2024,11,"false, claim that tamale central polled 90,000 votes for mahama false",https://ghana.dubawa.org/false-claim-that-tamale-central-polled-90000-votes-for-mahama-false/,5|862,window,window|country_title|title_kw|within_180|score_ok,7,body:ghana; title:mahama; body:npp; body:ndc; body:electoral commission; election:vote|poll|election
2024,07/12/2024,Ghana,Presidential and Parliamentary,10429,post,17/12/2024,17/12/2024,10,did johnson asiedu nketia promise to cancel free shs if ndc is elected?,https://ghana.dubawa.org/did-johnson-asiedu-nketia-promise-to-cancel-free-shs-if-ndc-is-elected/,120|122|5|862,window,window|country_title|body_kw|within_180|score_ok,5,body:ghana; body:npp; title:ndc; election:election|vote
2024,07/12/2024,Ghana,Presidential and Parliamentary,10438,post,17/12/2024,17/12/2024,10,ghana fact-checking coalition closes 8-day live election fact-checking,https://ghana.dubawa.org/ghana-fact-checking-coalition-closes-8-day-live-election-fact-checking/,5|2011|899|865,window,window|country_title|title_kw|within_180|score_ok,5,title:ghana; body:mahama; body:bawumia; election:election|candidate|parliament
2024,07/12/2024,Ghana,Presidential and Parliamentary,10426,post,14/12/2024,15/12/2024,7,viral npp facebook page trolling party after election defeat is fake,https://ghana.dubawa.org/viral-npp-facebook-page-trolling-party-after-election-defeat-is-fake/,5|437|862|2011,window,window|country_title|title_kw|within_180|score_ok,3,title:npp; election:election
2024,07/12/2024,Ghana,Presidential and Parliamentary,10458,post,14/12/2024,18/12/2024,7,several false claims attributed to kapital radio ahead of  ghana’s december 7 elections,https://ghana.dubawa.org/several-false-claims-attributed-to-kapital-radio-ahead-of-ghanas-december-7-elections/,5|862,window,window|country_title|title_kw|within_180|score_ok,5,title:ghana; body:mahama; body:ndc; election:election
2024,07/12/2024,Ghana,Presidential and Parliamentary,10417,post,11/12/2024,11/12/2024,4,"viral claim about ndc’s plan to change all ecg meters, misleading!",https://ghana.dubawa.org/viral-claim-about-ndcs-plan-to-change-all-ecg-meters-misleading/,5|862,window,window|country_title|within_180|score_ok,4,body:ghana; body:mahama; title:ndc
2024,07/12/2024,Ghana,Presidential and Parliamentary,10410,post,11/12/2024,11/12/2024,4,lydia alhassan makes misleading claim about shss in ayawaso west wuogon,https://ghana.dubawa.org/lydia-alhassan-makes-misleading-claim-about-shss-in-ayawaso-west-wuogon/,122|5|862,window,window|country_body|body_kw|within_180|score_ok,5,body:ghana; body:accra; body:mahama; body:bawumia; election:election|poll|parliament
2024,07/12/2024,Ghana,Presidential and Parliamentary,10407,post,11/12/2024,11/12/2024,4,"true, ndc supporters stormed the kpandai collation centre to disrupt the exercise",https://ghana.dubawa.org/true-ndc-supporters-stormed-the-kpandai-collation-centre-to-disrupt-the-exercise/,5|862|2011,window,window|country_title|body_kw|within_180|score_ok,5,body:ghana; body:npp; title:ndc; election:election|candidate
2024,07/12/2024,Ghana,Presidential and Parliamentary,10404,post,11/12/2024,11/12/2024,4,false; ghana did not start constituency collation in 2020,https://ghana.dubawa.org/false-ghana-did-not-start-constituency-collation-in-2020/,5|862|2011,window,window|country_title|body_kw|within_180|score_ok,3,title:ghana; election:election|parliament
2024,07/12/2024,Ghana,Presidential and Parliamentary,10385,post,11/12/2024,11/12/2024,4,video of fight between ndc eastern regional executives dates back to 2023,https://ghana.dubawa.org/video-of-fight-between-ndc-eastern-regional-executives-dates-back-to-2023/,5|862|2011,window,window|country_title|within_180|score_ok,3,body:ghana; title:ndc
2024,07/12/2024,Ghana,Presidential and Parliamentary,10382,post,11/12/2024,11/12/2024,4,"claims mahama sold his dubai hotels to former land and natural resources minister, false",https://ghana.dubawa.org/claims-mahama-sold-his-dubai-hotels-to-former-land-and-natural-resources-minister-false/,862|1828|2011,window,window|country_title|within_180|score_ok,3,body:ghana; title:mahama
2024,07/12/2024,Ghana,Presidential and Parliamentary,10369,post,11/12/2024,11/12/2024,4,false! ndc’s prof opoku-agyemang did not advocate for some shss to be reserved for the privileged,https://ghana.dubawa.org/false-ndcs-prof-opoku-agyemang-did-not-advocate-for-some-shss-to-be-reserved-for-the-privileged/,5|437|862|2011|16,window,window|country_title|body_kw|within_180|score_ok,4,body:ghana; title:ndc; election:presidential
2024,07/12/2024,Ghana,Presidential and Parliamentary,10365,post,11/12/2024,11/12/2024,4,dr bawumia s claim confirmed: ghana ranks 2nd in africa for education quality,https://ghana.dubawa.org/dr-bawumias-claim-confirmed-ghana-ranks-2nd-in-africa-for-education-quality/,5|862|2011,window,window|country_title|within_180|score_ok,5,title:ghana; title:bawumia; body:npp
2024,07/12/2024,Ghana,Presidential and Parliamentary,10362,post,10/12/2024,10/12/2024,3,"true, bawumia recorded zero votes at some polling stations in bawku.",https://ghana.dubawa.org/true-bawumia-recorded-zero-votes-at-some-polling-stations-in-bawku/,5|862|4|16,window,window|country_title|title_kw|within_180|score_ok,6,body:ghana; body:mahama; title:bawumia; body:npp; election:vote|poll|election
2024,07/12/2024,Ghana,Presidential and Parliamentary,10347,post,10/12/2024,10/12/2024,3,claims of ballot papers spotted outside voting centres: here’s what we know,https://ghana.dubawa.org/claims-of-ballot-papers-spotted-outside-voting-centres-heres-what-we-know/,5|862|2011,window,window|country_body|title_kw|within_180|score_ok,5,body:ghana; body:bawumia; body:npp; body:electoral commission; election:ballot|poll|candidate
2024,07/12/2024,Ghana,Presidential and Parliamentary,10343,post,10/12/2024,10/12/2024,3,"true, ndc has pledged to prosecute bog governor over economic mismanagement",https://ghana.dubawa.org/true-ndc-has-pledged-to-prosecute-bog-governor-over-economic-mismanagement/,5|862|2011,window,window|country_title|within_180|score_ok,3,body:ghana; title:ndc
2024,07/12/2024,Ghana,Presidential and Parliamentary,10341,post,10/12/2024,10/12/2024,3,false! sale of old metro mass transit buses predates npp defeat,https://ghana.dubawa.org/false-sale-of-old-metro-mass-transit-buses-predates-npp-defeat/,5|862|2011,window,window|country_title|body_kw|within_180|score_ok,4,body:ghana; title:npp; election:election
2024,07/12/2024,Ghana,Presidential and Parliamentary,10338,post,10/12/2024,10/12/2024,3,"false, viral photo of kennedy agyapong in ndc paraphernalia old",https://ghana.dubawa.org/false-viral-photo-of-kennedy-agyapong-in-ndc-paraphernalia-old/,5|862|2011,window,window|country_title|body_kw|within_180|score_ok,5,body:ghana; body:npp; title:ndc; election:election
2024,07/12/2024,Ghana,Presidential and Parliamentary,10332,post,10/12/2024,10/12/2024,3,false! mahama did not take more than two days to concede after losing 2016 elections,https://ghana.dubawa.org/false-mahama-did-not-take-more-than-two-days-to-concede-after-losing-2016-elections/,5|862|2011|16,window,window|country_title|title_kw|within_180|score_ok,4,title:mahama; body:electoral commission; election:election|presidential
2024,07/12/2024,Ghana,Presidential and Parliamentary,10328,post,10/12/2024,10/12/2024,3,"election 2024: mfwa, cjid, gja condemn attack on ghana fact-checking coalition team member in tamale",https://ghana.dubawa.org/election-2024-mfwa-cjid-gja-condemn-attack-on-ghana-fact-checking-coalition-team-member-in-tamale/,910|5|1828|899|119,window,window|country_title|title_kw|within_180|score_ok,4,title:ghana; body:ndc; election:election
2024,07/12/2024,Ghana,Presidential and Parliamentary,10326,post,10/12/2024,10/12/2024,3,false! betting tax has not been abolished,https://ghana.dubawa.org/false-betting-tax-has-not-been-abolished/,5|862|1828|2011,window,window|country_body|body_kw|within_180|score_ok,4,body:ghana; body:mahama; body:bawumia; election:parliament
2024,07/12/2024,Ghana,Presidential and Parliamentary,10324,post,10/12/2024,10/12/2024,3,9 appointments mahama must make today,https://ghana.dubawa.org/9-appointments-mahama-must-make-today/,5|1828|2011|16,window,window|country_title|body_kw|within_180|score_ok,5,body:ghana; title:mahama; body:electoral commission; election:election|presidential
2024,07/12/2024,Ghana,Presidential and Parliamentary,10322,post,10/12/2024,10/12/2024,3,tepa chaos: what we know so far,https://ghana.dubawa.org/tepa-chaos-what-we-know-so-far/,5|862|2011,window,window|country_body|body_kw|within_180|score_ok,3,body:npp; body:ndc; election:vote|poll
2024,07/12/2024,Ghana,Presidential and Parliamentary,10316,post,10/12/2024,10/12/2024,3,does securing two-thirds majority in parliament give mahama power to remove supreme court judges?,https://ghana.dubawa.org/does-securing-two-thirds-majority-in-parliament-give-mahama-power-to-remove-supreme-court-judges/,5|862|1828|2011,window,window|country_title|title_kw|within_180|score_ok,5,body:ghana; title:mahama; body:ndc; election:parliament|election|candidate
2024,07/12/2024,Ghana,Presidential and Parliamentary,10305,post,09/12/2024,09/12/2024,2,video claiming kt hammond refused to speak to the press after his defeat old,https://ghana.dubawa.org/video-claiming-kt-hammond-refused-to-speak-to-the-press-after-his-defeat-old/,5|862|1828|2011,window,window|country_body|body_kw|within_180|score_ok,4,body:ghana; body:npp; body:ndc; election:election|vote|ballot
2024,07/12/2024,Ghana,Presidential and Parliamentary,10301,post,09/12/2024,09/12/2024,2,otumfuo tells mahama violence will not be effective if god doesn’t enstool a king himself,https://ghana.dubawa.org/otumfuo-tells-mahama-violence-will-not-be-effective-if-god-doesnt-enstool-a-king-himself/,5|437|862|1828|2011,window,window|country_title|body_kw|within_180|score_ok,5,body:ghana; title:mahama; body:ndc; election:candidate|presidential
2024,07/12/2024,Ghana,Presidential and Parliamentary,10288,post,09/12/2024,09/12/2024,2,did john mahama get 6.2m votes in 2020 and 2024?,https://ghana.dubawa.org/did-john-mahama-get-6-2m-votes-in-2020-and-2024/,910|862|1828|2011,window,window|country_title|title_kw|within_180|score_ok,5,body:ghana; title:mahama; body:electoral commission; election:vote|election|presidential
2024,07/12/2024,Ghana,Presidential and Parliamentary,10286,post,09/12/2024,09/12/2024,2,no evidence nana kwame bediako voted for npp,https://ghana.dubawa.org/no-evidence-nana-kwame-bediako-voted-for-npp/,5|862|2011,window,window|country_title|title_kw|within_180|score_ok,3,title:npp; election:vote|ballot|candidate
2024,07/12/2024,Ghana,Presidential and Parliamentary,10284,post,09/12/2024,09/12/2024,2,"video of mahama saying ndc will cancel free shs, doctored",https://ghana.dubawa.org/video-of-mahama-saying-ndc-will-cancel-free-shs-doctored/,5|862|1828|2011,window,window|country_title|body_kw|within_180|score_ok,6,body:ghana; title:mahama; title:ndc; election:vote|candidate|presidential
2024,07/12/2024,Ghana,Presidential and Parliamentary,10268,post,08/12/2024,08/12/2024,1,misleading! ndc national organiser not locked up in ashanti region,https://ghana.dubawa.org/misleading-ndc-national-organiser-not-locked-up-in-ashanti-region/,5|862|1828|2011,window,window|country_title|within_180|score_ok,3,body:ghana; title:ndc
2024,07/12/2024,Ghana,Presidential and Parliamentary,10266,post,08/12/2024,08/12/2024,1,no evidence of ballot stuffing at whyte gate hotel,https://ghana.dubawa.org/no-evidence-of-ballot-stuffing-at-whyte-gate-hotel/,5|862|1828|2011,window,window|country_body|title_kw|within_180|score_ok,3,body:ghana; body:ndc; election:ballot
2024,07/12/2024,Ghana,Presidential and Parliamentary,10264,post,08/12/2024,08/12/2024,1,false! npp gov’t didn t reduce unemployment to 4%,https://ghana.dubawa.org/false-npp-govt-didnt-reduce-it-to-4/,5|862|1828|2011,window,window|country_title|body_kw|within_180|score_ok,5,body:ghana; body:bawumia; title:npp; election:candidate|presidential
2024,07/12/2024,Ghana,Presidential and Parliamentary,10260,post,08/12/2024,08/12/2024,1,"claim ndc has never won parliamentary seat in sekondi constituency, false",https://ghana.dubawa.org/claim-ndc-has-never-won-parliamentary-seat-in-sekondi-constituency-false/,5|862|1828|2011,window,window|country_title|title_kw|within_180|score_ok,3,title:ndc; election:parliament
2024,07/12/2024,Ghana,Presidential and Parliamentary,10258,post,08/12/2024,08/12/2024,1,no evidence of russian interference in ghana’s election,https://ghana.dubawa.org/no-evidence-of-russian-interference-in-ghanas-election/,5|862|1828|2011,window,window|country_title|title_kw|within_180|score_ok,4,title:ghana; body:npp; election:election
2024,07/12/2024,Ghana,Presidential and Parliamentary,10256,post,08/12/2024,08/12/2024,1,did incumbent mp refuse to sign final result?,https://ghana.dubawa.org/did-incumbent-mp-refuse-to-sign-final-result/,5|437|862|2011,window,window|country_body|body_kw|within_180|score_ok,3,body:ghana; body:ndc; election:election|candidate|parliament
2024,07/12/2024,Ghana,Presidential and Parliamentary,10254,post,08/12/2024,08/12/2024,1,false; miracles aboagye has not said npp’s collation system has crashed,https://ghana.dubawa.org/false-miracles-aboagye-has-not-said-npps-collation-system-has-crashed/,862|1828|2011|16,window,window|country_title|body_kw|within_180|score_ok,4,body:ghana; title:npp; election:election|presidential
2024,07/12/2024,Ghana,Presidential and Parliamentary,10252,post,08/12/2024,08/12/2024,1,"true, tamale metro assembly warehouse looted moments after bawumia concedes defeat",https://ghana.dubawa.org/true-tamale-metro-assembly-warehouse-looted-moments-after-bawumia-concedes-defeat/,5|862|2011|119,window,window|country_title|body_kw|within_180|score_ok,5,body:ghana; body:mahama; title:bawumia; election:election
2024,07/12/2024,Ghana,Presidential and Parliamentary,10249,post,08/12/2024,08/12/2024,1,inside the hashtag cold wars: how coordinated networks on x are driving disinformation in ghana s 2024 elections,https://ghana.dubawa.org/inside-the-hashtag-cold-wars-how-coordinated-networks-on-x-are-driving-disinformation-in-ghanas-2024-elections/,5|862|1828|2011,window,window|country_title|title_kw|within_180|score_ok,6,title:ghana; body:mahama; body:bawumia; body:ndc; election:election|vote|voter
2024,07/12/2024,Ghana,Presidential and Parliamentary,10246,post,08/12/2024,08/12/2024,1,no evidence mahama got over 5 million votes and bawumia over 3 million votes,https://ghana.dubawa.org/no-evidence-mahama-got-over-5-million-votes-and-bawumia-over-3-million-votes/,5|862|1828|2011,window,window|country_title|title_kw|within_180|score_ok,9,body:ghana; title:mahama; title:bawumia; body:npp; body:ndc; body:electoral commission; election:vote|election|poll
2024,07/12/2024,Ghana,Presidential and Parliamentary,10240,post,08/12/2024,08/12/2024,1,"true, 2 ec officials passed out in okaikwei north as police deploy pepper spray",https://ghana.dubawa.org/true-2-ec-officials-passed-out-in-okaikwei-north-as-police-deploy-pepper-spray/,5|862|4|1828,window,window|country_body|body_kw|within_180|score_ok,3,body:ghana; body:electoral commission; election:ballot
2024,07/12/2024,Ghana,Presidential and Parliamentary,10237,post,08/12/2024,08/12/2024,1,false! ec yet to declare results from parliamentary elections,https://ghana.dubawa.org/false-ec-yet-to-declare-results-from-parliamentary-elections/,910|5|862|4|1828,window,window|country_body|title_kw|within_180|score_ok,4,body:ghana; body:npp; body:electoral commission; election:election|parliament
2024,07/12/2024,Ghana,Presidential and Parliamentary,10233,post,08/12/2024,08/12/2024,1,pre-thumb printed ballots spotted are not authentic 2024 ballot papers,https://ghana.dubawa.org/pre-thumb-printed-ballots-spotted-are-not-authentic-2024-ballot-papers/,910|5|437|862|1828,window,window|country_body|title_kw|within_180|score_ok,5,body:ghana; body:bawumia; body:npp; body:electoral commission; election:ballot|poll|candidate
2024,07/12/2024,Ghana,Presidential and Parliamentary,10214,post,08/12/2024,08/12/2024,1,ec has not confirmed that kt has lost his seat,https://ghana.dubawa.org/ec-has-not-confirmed-that-kt-has-lost-his-seat/,5|862|4|1828,window,window|country_body|body_kw|within_180|score_ok,3,body:ghana; body:electoral commission; election:vote|poll|parliament
2024,07/12/2024,Ghana,Presidential and Parliamentary,10211,post,07/12/2024,07/12/2024,0,bawumia vs. mahama: who’s spending big on meta ads ahead of ghana’s elections?,https://ghana.dubawa.org/bawumia-vs-mahama-whos-spending-big-on-meta-ads-ahead-of-ghanas-elections/,5|1828|16,window,window|country_title|title_kw|within_180|score_ok,11,title:ghana; body:accra; title:mahama; title:bawumia; body:npp; body:ndc; body:electoral commission; election:election|vote|voter
2024,07/12/2024,Ghana,Presidential and Parliamentary,10368,post,07/12/2024,11/12/2024,0,"false, no crowds were gathered at the npp headquarters in accra",https://ghana.dubawa.org/false-no-crowds-were-gathered-at-the-npp-headquarters-in-accra/,863|862|2011,window,window|country_title|within_180|score_ok,5,body:ghana; title:accra; title:npp
2024,07/12/2024,Ghana,Presidential and Parliamentary,10208,post,07/12/2024,08/12/2024,0,"35 togolese nationals arrested, repatriated at aflao border",https://ghana.dubawa.org/35-togolese-nationals-arrested-and-repatriated-at-the-aflao-border/,5|437|862|1828|2011,window,window|country_body|body_kw|within_180|score_ok,3,body:ghana; body:npp; election:election
2024,07/12/2024,Ghana,Presidential and Parliamentary,10351,post,07/12/2024,10/12/2024,0,valentino nii noi nortey did not lead in klottey korley constituency parliamentary elections,https://ghana.dubawa.org/valentino-nii-noi-nortey-did-not-lead-in-klottey-korley-constituency-parliamentary-elections/,5|862|2011,window,window|country_body|title_kw|within_180|score_ok,3,body:ghana; body:electoral commission; election:election|parliament|vote
2024,07/12/2024,Ghana,Presidential and Parliamentary,10399,post,07/12/2024,11/12/2024,0,aflao election-related issues: all that we know,https://ghana.dubawa.org/aflao-election-related-issues-all-that-we-know/,5|863|862|2011,window,window|country_body|title_kw|within_180|score_ok,4,body:ghana; body:npp; body:ndc; election:election|vote|ballot
2024,07/12/2024,Ghana,Presidential and Parliamentary,10371,post,07/12/2024,11/12/2024,0,false! donald trump has not  endorsed mahama.,https://ghana.dubawa.org/false-donald-trump-has-not-endorsed-mahama/,5|862|2011,window,window|country_title|body_kw|within_180|score_ok,4,title:mahama; body:ndc; election:election|candidate|presidential
2024,07/12/2024,Ghana,Presidential and Parliamentary,10205,post,07/12/2024,07/12/2024,0,pro-npp x accounts spread hate and false claims targeted at ndc’s john mahama,https://ghana.dubawa.org/pro-npp-x-accounts-spread-hate-and-false-claims-targeted-at-ndcs-john-mahama/,5|862|1828|2011,window,window|country_title|body_kw|within_180|score_ok,9,body:ghana; title:mahama; body:bawumia; title:npp; title:ndc; election:election|candidate|presidential
2024,07/12/2024,Ghana,Presidential and Parliamentary,10203,post,07/12/2024,07/12/2024,0,misleading! voting resumes in kintampo south constituency after temporary halt,https://ghana.dubawa.org/misleading-voting-resumes-in-kintampo-south-constituency-after-temporary-halt/,5|862|1828|2011,window,window|country_body|body_kw|within_180|score_ok,4,body:ghana; body:bawumia; body:electoral commission; election:vote|voter|ballot
2024,07/12/2024,Ghana,Presidential and Parliamentary,10354,post,07/12/2024,10/12/2024,0,social media card claiming npp victory with 51.12% lead ahead of ec results is false,https://ghana.dubawa.org/social-media-card-claiming-npp-victory-with-51-12-lead-ahead-of-ec-results-is-false/,5|862|2011,window,window|country_title|body_kw|within_180|score_ok,7,body:ghana; body:bawumia; title:npp; body:ndc; body:electoral commission; election:election|vote|poll
2024,07/12/2024,Ghana,Presidential and Parliamentary,10388,post,07/12/2024,11/12/2024,0,false! pre-thumbprinted papers allegedly seized by police in bolgatanga not official ballot papers,https://ghana.dubawa.org/false-pre-thumbprinted-papers-allegedly-seized-by-police-in-bolgatanga-not-official-ballot-papers/,5|862|2011,window,window|country_body|title_kw|within_180|score_ok,4,body:bawumia; body:npp; body:electoral commission; election:ballot|election|poll
2024,07/12/2024,Ghana,Presidential and Parliamentary,10196,post,07/12/2024,07/12/2024,0,did nelson mandela make statement about mahama?,https://ghana.dubawa.org/did-nelson-mandela-make-statement-about-mahama/,5|862|1828|2011,window,window|country_title|within_180|score_ok,3,body:ghana; title:mahama
2024,07/12/2024,Ghana,Presidential and Parliamentary,10194,post,07/12/2024,07/12/2024,0,"true, one person has died from tolon shooting incident",https://ghana.dubawa.org/true-one-person-has-died-from-talon-shooting-incidence/,5|862|1828|2011,window,window|country_body|body_kw|within_180|score_ok,3,body:ghana; body:ndc; election:election
2024,07/12/2024,Ghana,Presidential and Parliamentary,10383,post,07/12/2024,11/12/2024,0,"true, a former npp chairman of karaga constituency shared money to voters",https://ghana.dubawa.org/true-a-former-npp-chairman-of-karaga-constituency-shared-money-to-voters/,5|862|2011,window,window|country_title|title_kw|within_180|score_ok,3,title:npp; election:vote|voter|ballot
2024,07/12/2024,Ghana,Presidential and Parliamentary,10397,post,07/12/2024,11/12/2024,0,"true, blue saloon car was impounded in bolgatanga for carrying ballot papers",https://ghana.dubawa.org/true-blue-saloon-car-was-impounded-in-bolgatanga-for-carrying-ballot-papers/,5|862|2011,window,window|country_body|title_kw|within_180|score_ok,5,body:ghana; body:mahama; body:bawumia; body:npp; election:ballot|election|poll
2024,07/12/2024,Ghana,Presidential and Parliamentary,10188,post,07/12/2024,07/12/2024,0,"voter id with foreigner’s photo, doctored",https://ghana.dubawa.org/voter-id-with-a-foreigners-photo-doctored/,862|1828|2011|16,window,window|country_body|title_kw|within_180|score_ok,3,body:ghana; body:electoral commission; election:vote|voter
2024,07/12/2024,Ghana,Presidential and Parliamentary,10183,post,07/12/2024,07/12/2024,0,explainer: what percentage of votes does ndc require in volta and ashanti regions to win dec. 7 elections?,https://ghana.dubawa.org/explainer-what-percentage-of-votes-does-ndc-require-in-volta-and-ashanti-regions-to-win-dec-7-elections/,910|5|863|1828|16,window,window|country_title|title_kw|within_180|score_ok,6,body:ghana; body:accra; body:npp; title:ndc; election:election|vote|poll
2024,07/12/2024,Ghana,Presidential and Parliamentary,10392,post,07/12/2024,11/12/2024,0,are the handheld counting devices by ndc agents interfering with the biometric verification process?,https://ghana.dubawa.org/are-the-handheld-counting-devices-by-ndc-agents-interfering-with-the-biometric-verification-process/,5|862|2011,window,window|country_title|body_kw|within_180|score_ok,4,title:ndc; body:electoral commission; election:vote|voter
2024,07/12/2024,Ghana,Presidential and Parliamentary,10180,post,07/12/2024,07/12/2024,0,"viral video of kennedy agyapong criticising npp for vote-buying, not related to dec. 7 elections",https://ghana.dubawa.org/viral-video-of-kennedy-agyapong-criticising-npp-for-vote-buying-not-related-to-dec-7-elections/,5|862|1828|2011,window,window|country_title|title_kw|within_180|score_ok,7,body:ghana; body:mahama; body:bawumia; title:npp; body:ndc; election:election|vote|voter
2024,07/12/2024,Ghana,Presidential and Parliamentary,10178,post,07/12/2024,07/12/2024,0,"false! highest inflation rate under mahama, not 15%",https://ghana.dubawa.org/false-highest-inflation-rate-under-mahama-not-15/,120|437|1828|2011,window,window|country_title|within_180|score_ok,4,body:ghana; title:mahama; body:ndc
2024,07/12/2024,Ghana,Presidential and Parliamentary,10175,post,07/12/2024,07/12/2024,0,john dumelo didn t send sms calling maa lydia a  husband killer,https://ghana.dubawa.org/john-dumelo-didnt-send-sms-calling-maa-lydia-a-husband-killer/,5|862,window,window|country_body|body_kw|within_180|score_ok,3,body:ghana; body:ndc; election:vote|voter|candidate
2024,07/12/2024,Ghana,Presidential and Parliamentary,10169,post,07/12/2024,07/12/2024,0,npp borrowed more than ghs1 trillion between 2017 and 2024 not ghc 622 billion,https://ghana.dubawa.org/npp-borrowed-more-than-ghs1-trillion-between-2017-and-2024-not-ghc-622-billion/,120|5|862,window,window|country_title|within_180|score_ok,3,body:ghana; title:npp
2024,07/12/2024,Ghana,Presidential and Parliamentary,10161,post,07/12/2024,07/12/2024,0,misleading! vehicle spotted en route hohoe constituency not containing ballot papers,https://ghana.dubawa.org/misleading-vehicle-spotted-en-route-hohoe-constituency-not-containing-ballot-papers/,5|862|119,window,window|country_body|title_kw|within_180|score_ok,3,body:ghana; body:electoral commission; election:ballot|vote|voter
2024,07/12/2024,Ghana,Presidential and Parliamentary,10155,post,07/12/2024,07/12/2024,0,false! npp did not participate in any health walks in tottenham,https://ghana.dubawa.org/false-npp-did-not-participate-in-any-health-walks-in-tottenham/,5|862|121,window,window|country_title|body_kw|within_180|score_ok,4,body:ghana; title:npp; election:election
2024,07/12/2024,Ghana,Presidential and Parliamentary,10358,post,07/12/2024,10/12/2024,0,false! akosua manu has not been declared mp-elect for adentan,https://ghana.dubawa.org/false-akosua-manu-has-not-been-declared-mp-elect-for-adentan/,5|862|2011,window,window|country_body|body_kw|within_180|score_ok,4,body:ghana; body:npp; body:electoral commission; election:election|ballot|poll
2024,07/12/2024,Ghana,Presidential and Parliamentary,10152,post,06/12/2024,06/12/2024,-1,"yamin attacked by ndc ‘thugs’ in kumasi, but kofi boakye wasn’t there",https://ghana.dubawa.org/yamin-attacked-by-ndc-thugs-in-kumasi-but-kofi-boakye-wasnt-there/,862|2011|16,window,window|country_title|body_kw|within_180|score_ok,5,body:ghana; body:accra; title:ndc; election:ballot
2024,07/12/2024,Ghana,Presidential and Parliamentary,10149,post,06/12/2024,06/12/2024,-1,martin amidu did not accuse mahama of being father of corruption,https://ghana.dubawa.org/martin-amidu-did-not-accuse-mahama-of-being-father-of-corruption/,862|1828|2011|16,window,window|country_title|within_180|score_ok,3,body:ghana; title:mahama
2024,07/12/2024,Ghana,Presidential and Parliamentary,10147,post,06/12/2024,06/12/2024,-1,"false! ghana 7th not 3rd, most food-secure african country",https://ghana.dubawa.org/false-ghana-7th-not-3rd-most-food-secure-african-country/,120|862|2011|16,window,window|country_title|within_180|score_ok,4,title:ghana; body:bawumia; body:npp
2024,07/12/2024,Ghana,Presidential and Parliamentary,10145,post,06/12/2024,06/12/2024,-1,misleading! dr bawumia did not donate gh₵1 million to stephen adom kyei-duah,https://ghana.dubawa.org/misleading-dr-bawumia-did-not-donate-gh%e2%82%b51-million-to-stephen-adom-kyei-duah/,862|1828|2011|16,window,window|country_title|within_180|score_ok,4,body:ghana; title:bawumia; body:npp
2024,07/12/2024,Ghana,Presidential and Parliamentary,10141,post,06/12/2024,06/12/2024,-1,did mahama say rights of gays and lesbians in ghana must be legalised?,https://ghana.dubawa.org/did-mahama-say-the-rights-of-gays-and-lesbians-in-ghana-must-be-legalised-2/,862|1828|2011|16,window,window|country_title|within_180|score_ok,4,title:ghana; title:mahama
2024,07/12/2024,Ghana,Presidential and Parliamentary,10138,post,06/12/2024,06/12/2024,-1,"2024 general elections in ghana: research, support and efforts towards a safe and verified election",https://ghana.dubawa.org/2024-general-elections-in-ghana-research-support-and-efforts-towards-a-safe-and-verified-election/,862|1828|2011|16|865,window,window|country_title|title_kw|within_180|score_ok,5,title:ghana; body:accra; body:electoral commission; election:election|vote|voter
2024,07/12/2024,Ghana,Presidential and Parliamentary,10133,post,06/12/2024,06/12/2024,-1,"claim napo was denied speaking at npp rally, false!",https://ghana.dubawa.org/claim-napo-was-denied-speaking-at-npp-rally-false/,862|1828|2011|16,window,window|country_title|body_kw|within_180|score_ok,4,body:accra; title:npp; election:candidate|presidential
2024,07/12/2024,Ghana,Presidential and Parliamentary,10132,post,06/12/2024,06/12/2024,-1,did mahama say the rights of gays and lesbians in ghana must be legalised?,https://ghana.dubawa.org/did-mahama-say-the-rights-of-gays-and-lesbians-in-ghana-must-be-legalised/,5|862|1828,window,window|country_title|within_180|score_ok,4,title:ghana; title:mahama
2024,07/12/2024,Ghana,Presidential and Parliamentary,10122,post,06/12/2024,06/12/2024,-1,no evidence to support claim of goasomanhene’s death during election ritual for john mahama,https://ghana.dubawa.org/no-evidence-to-support-claim-of-goasomanhenes-death-during-election-ritual-for-john-mahama/,910|5|862|1828|2011,window,window|country_title|title_kw|within_180|score_ok,4,title:mahama; body:ndc; election:election|poll
2024,07/12/2024,Ghana,Presidential and Parliamentary,10123,post,06/12/2024,06/12/2024,-1,"misleading! mahama didn’t leave office with debt-to-gdp ratio at 56%, inflation at 15%, unemployment rate at 8%",https://ghana.dubawa.org/misleading-mahama-didnt-leave-office-with-debt-to-gdp-ratio-at-56-inflation-at-15-unemployment-rate-at-8/,120|5|862|1828|16,window,window|country_title|within_180|score_ok,4,body:ghana; title:mahama; body:ndc
2024,07/12/2024,Ghana,Presidential and Parliamentary,10442,post,06/12/2024,17/12/2024,-1,conditions for two-day voting in ghana s general elections,https://ghana.dubawa.org/conditions-for-two-day-voting-in-ghanas-general-elections/,5|863,window,window|country_title|title_kw|within_180|score_ok,4,title:ghana; body:electoral commission; election:election|vote|voter
2024,07/12/2024,Ghana,Presidential and Parliamentary,10120,post,06/12/2024,06/12/2024,-1,true. npp executives distributed money to teachers in akwatia constituency!,https://ghana.dubawa.org/true-npp-executives-distributed-money-to-teachers-in-akwatia-constituency/,120|5|862|16,window,window|country_title|body_kw|within_180|score_ok,4,body:ghana; title:npp; election:vote
2024,07/12/2024,Ghana,Presidential and Parliamentary,10113,post,06/12/2024,06/12/2024,-1,the picture of stonebwoy in an ndc shirt is doctored.,https://ghana.dubawa.org/the-picture-of-stonebwoy-in-an-ndc-shirt-is-doctored/,5|862|16,window,window|country_title|within_180|score_ok,3,body:ghana; title:ndc
2024,07/12/2024,Ghana,Presidential and Parliamentary,10111,post,06/12/2024,06/12/2024,-1,"claim mahama did not build a single university during his tenure, misleading!",https://ghana.dubawa.org/claim-mahama-did-not-build-a-single-university-during-his-tenure-misleading/,5|862|16,window,window|country_title|body_kw|within_180|score_ok,6,body:ghana; title:mahama; body:bawumia; body:npp; election:election|parliament
2024,07/12/2024,Ghana,Presidential and Parliamentary,10103,post,06/12/2024,06/12/2024,-1,whatsapp post of gh¢500 campaign fund donation by bawumia is a hoax   accompanied by a phishing link.,https://ghana.dubawa.org/whatsapp-post-of-gh%c2%a2500-campaign-fund-donation-by-bawumia-is-a-hoax-accompanied-by-a-phishing-link/,910|5|862|4|1828,window,window|country_title|within_180|score_ok,3,title:bawumia; body:npp
2024,07/12/2024,Ghana,Presidential and Parliamentary,10098,post,06/12/2024,06/12/2024,-1,viral mahama election rigging audio suspicious,https://ghana.dubawa.org/viral-mahama-election-rigging-audio-suspicious/,5|4|1828,window,window|country_title|title_kw|within_180|score_ok,5,title:mahama; body:ndc; body:electoral commission; election:election|parliament
2024,07/12/2024,Ghana,Presidential and Parliamentary,10095,post,06/12/2024,06/12/2024,-1,"misleading! men in metro mass buses at benchema, not thugs from burkina faso",https://ghana.dubawa.org/misleading-men-in-metro-mass-buses-at-benchema-not-thugs-from-burkina-faso/,5|862|4|1828|16,window,window|country_body|body_kw|within_180|score_ok,3,body:accra; body:npp; election:poll|parliament
2024,07/12/2024,Ghana,Presidential and Parliamentary,10063,post,06/12/2024,06/12/2024,-1,"false! booklets found in vehicle in ahafo ano, not ballot papers",https://ghana.dubawa.org/false-booklets-found-in-vehicle-in-ahafo-ano-not-ballot-papers/,5|862|4|1828|16,window,window|country_body|title_kw|within_180|score_ok,3,body:ghana; body:npp; election:ballot|election|vote
2024,07/12/2024,Ghana,Presidential and Parliamentary,10089,post,05/12/2024,05/12/2024,-2,old video of sammy gyamfi resurfaces,https://ghana.dubawa.org/old-video-of-sammy-gyamfi-resurfaces/,5|862|16|119,window,window|country_body|body_kw|within_180|score_ok,3,body:mahama; body:ndc; election:election|vote|voter
2024,07/12/2024,Ghana,Presidential and Parliamentary,10085,post,05/12/2024,05/12/2024,-2,mahama misspoke about ndc gov’t selling ghana but later corrected himself,https://ghana.dubawa.org/mahama-misspoke-about-ndc-govt-selling-ghana-but-later-corrected-himself/,120|5|862|16,window,window|country_title|body_kw|within_180|score_ok,8,title:ghana; title:mahama; body:npp; title:ndc; election:vote|candidate
2024,07/12/2024,Ghana,Presidential and Parliamentary,10081,post,05/12/2024,05/12/2024,-2,false! mahama did not say he “may not sign” anti-lgbtq+ bill,https://ghana.dubawa.org/false-mahama-did-not-say-he-may-not-sign-anti-lgbtq-bill/,5|862|1828,window,window|country_title|body_kw|within_180|score_ok,5,body:ghana; title:mahama; body:ndc; election:parliament
2024,07/12/2024,Ghana,Presidential and Parliamentary,10076,post,05/12/2024,05/12/2024,-2,"president akufo-addo, dr bawumia and kennedy agyapong’s claim 5.7 million students have benefitted from free shs policy false",https://ghana.dubawa.org/president-akufo-addo-and-kennedy-agyapongs-claim-5-7-million-students-have-benefitted-from-free-shs-policy-false/,120|5|862|16,window,window|country_title|within_180|score_ok,3,title:bawumia; body:npp
2024,07/12/2024,Ghana,Presidential and Parliamentary,10048,post,05/12/2024,05/12/2024,-2,"false! driver who drove bawumia in electric bus, not ‘kayayoo’",https://ghana.dubawa.org/false-driver-who-drove-bawumia-in-electric-bus-not-kayayoo/,120|862,window,window|country_title|body_kw|within_180|score_ok,6,body:ghana; body:accra; title:bawumia; body:npp; election:candidate|presidential
2024,07/12/2024,Ghana,Presidential and Parliamentary,10062,post,05/12/2024,05/12/2024,-2,viral audio of john mahama ai generated,https://ghana.dubawa.org/viral-audio-of-john-mahama-ai-generated/,5|862|16,window,window|country_title|body_kw|within_180|score_ok,4,body:ghana; title:mahama; election:election|vote
2024,07/12/2024,Ghana,Presidential and Parliamentary,10060,post,05/12/2024,05/12/2024,-2,mahama didn’t say he could win without votes from volta and greater accra regions,https://ghana.dubawa.org/mahama-didnt-say-he-could-win-without-votes-from-volta-and-greater-accra-regions/,5|862|16,window,window|country_title|title_kw|within_180|score_ok,6,title:accra; title:mahama; body:ndc; election:vote|election
2024,07/12/2024,Ghana,Presidential and Parliamentary,10053,post,05/12/2024,05/12/2024,-2,"reports of mahama, bawumia taking the lead in special voting, false",https://ghana.dubawa.org/reports-of-mahama-bawumia-taking-the-lead-in-special-voting-false/,910|5|862|16,window,window|country_title|body_kw|within_180|score_ok,6,title:mahama; title:bawumia; body:electoral commission; election:election|vote|ballot
2024,07/12/2024,Ghana,Presidential and Parliamentary,10044,post,05/12/2024,05/12/2024,-2,key issues shaping voter decisions ahead of ghana’s 2024 elections,https://ghana.dubawa.org/key-issues-shaping-voter-decisions-ahead-of-ghanas-2024-elections/,5|863|16,window,window|country_title|title_kw|within_180|score_ok,8,title:ghana; body:accra; body:mahama; body:bawumia; body:npp; body:ndc; election:election|vote|voter
2024,07/12/2024,Ghana,Presidential and Parliamentary,10040,post,05/12/2024,05/12/2024,-2,day one: ghana fact-checking coalition combats disinformation ahead of december 7 elections,https://ghana.dubawa.org/day-one-ghana-fact-checking-coalition-combats-disinformation-ahead-of-december-7-elections/,910|5|862|1828,window,window|country_title|title_kw|within_180|score_ok,8,title:ghana; body:mahama; body:bawumia; body:npp; body:ndc; body:electoral commission; election:election|ballot|poll
2024,07/12/2024,Ghana,Presidential and Parliamentary,10033,post,05/12/2024,05/12/2024,-2,did bawumia call ghanaians gullible and promise to deceive them into winning the election?,https://ghana.dubawa.org/did-bawumia-call-ghanaians-gullible-and-promise-to-deceive-them-into-winning-the-election/,5|862|1828,window,window|country_title|title_kw|within_180|score_ok,6,title:ghana; title:bawumia; body:npp; election:election|candidate|presidential
2024,07/12/2024,Ghana,Presidential and Parliamentary,10035,post,04/12/2024,05/12/2024,-3,false! mahama hasn’t won the special voting ballots,https://ghana.dubawa.org/false-mahama-hasnt-won-the-special-voting-ballots/,5|862|1828,window,window|country_title|title_kw|within_180|score_ok,5,title:mahama; body:ndc; body:electoral commission; election:ballot|election|poll
2024,07/12/2024,Ghana,Presidential and Parliamentary,10029,post,04/12/2024,05/12/2024,-3,"thumb-cutting incident occurred in prestea, not politically-motivated",https://ghana.dubawa.org/thumb-cutting-incident-occurred-in-prestea-not-politically-motivated/,5|862|4|1828,window,window|country_body|within_180|score_ok,3,body:ghana; body:npp; body:ndc
2024,07/12/2024,Ghana,Presidential and Parliamentary,10013,post,04/12/2024,17/12/2024,-3,misleading! ex-president john mahama did not promise to pay ghc500 to voters in pru east,https://ghana.dubawa.org/misleading-ex-president-john-mahama-did-not-promise-to-pay-ghc500-to-voters-in-pru-east/,120|5|862|16,window,window|country_title|title_kw|within_180|score_ok,6,body:ghana; title:mahama; body:npp; body:ndc; election:vote|voter|election
2024,07/12/2024,Ghana,Presidential and Parliamentary,10003,post,04/12/2024,04/12/2024,-3,"nana b’s narrative on different voting days for various presidential candidates, false",https://ghana.dubawa.org/nana-bs-narrative-on-different-voting-days-for-various-presidential-candidates-false/,5|862|1828|16,window,window|country_body|title_kw|within_180|score_ok,6,body:ghana; body:mahama; body:bawumia; body:npp; body:electoral commission; election:candidate|presidential|election
2024,07/12/2024,Ghana,Presidential and Parliamentary,10016,post,04/12/2024,04/12/2024,-3,press release: dubawa partners tiktok to promote media literacy ahead of 2024 elections in ghana,https://ghana.dubawa.org/press-release-dubawa-partners-tiktok-to-promote-media-literacy-ahead-of-2024-elections-in-ghana/,899|865,window,window|country_title|title_kw|within_180|score_ok,3,title:ghana; election:election|vote|voter
2024,07/12/2024,Ghana,Presidential and Parliamentary,10006,post,04/12/2024,04/12/2024,-3,"misleading, john mahama did not say his government would plant grasses across ghana",https://ghana.dubawa.org/misleading-john-mahama-did-not-say-his-government-would-plant-grasses-across-ghana/,5|862|16|1,window,window|country_title|body_kw|within_180|score_ok,6,title:ghana; title:mahama; body:ndc; election:election
2024,07/12/2024,Ghana,Presidential and Parliamentary,10001,post,04/12/2024,04/12/2024,-3,"john mahama poised for reset, vows to redeem ghana from economic ‘depression’",https://ghana.dubawa.org/john-mahama-poised-for-reset-vows-to-redeem-ghana-from-economic-depression/,900|5|863|1828,window,window|country_title|body_kw|within_180|score_ok,7,title:ghana; title:mahama; body:npp; body:ndc; election:election|vote|poll
2024,07/12/2024,Ghana,Presidential and Parliamentary,9997,post,04/12/2024,04/12/2024,-3,candidate profile: dr bawumia’s journey from vice president to presidential contender in ghana,https://ghana.dubawa.org/candidate-profile-dr-bawumias-journey-from-vice-president-to-presidential-contender-in-ghana/,900|5|863|1828|16,window,window|country_title|title_kw|within_180|score_ok,8,title:ghana; body:mahama; title:bawumia; body:npp; body:ndc; election:candidate|presidential|election
2024,07/12/2024,Ghana,Presidential and Parliamentary,9982,post,03/12/2024,03/12/2024,-4,"false,  npp s patrick boamah did not preach “skirt and blouse” at fadama",https://ghana.dubawa.org/false-npps-patrick-boamah-did-not-preach-skirt-and-blouse-at-fadama/,5|862|1828,window,window|country_title|body_kw|within_180|score_ok,7,body:ghana; body:mahama; body:bawumia; title:npp; body:ndc; election:election|vote|candidate
2024,07/12/2024,Ghana,Presidential and Parliamentary,9978,post,02/12/2024,02/12/2024,-5,npp’s kojo oppong-nkrumah makes misleading claims about mahama,https://ghana.dubawa.org/npps-kojo-oppong-nkrumah-makes-misleading-claims-about-mahama/,120|862|1828,window,window|country_title|body_kw|within_180|score_ok,8,body:ghana; title:mahama; body:bawumia; title:npp; body:ndc; election:poll
2024,07/12/2024,Ghana,Presidential and Parliamentary,9973,post,02/12/2024,02/12/2024,-5,explainer: does winning 75% of ashanti region guarantee npp victory in 2024?,https://ghana.dubawa.org/explainer-does-winning-75-of-ashanti-region-guarantee-npp-victory-in-2024/,5|863|1828|16,window,window|country_title|body_kw|within_180|score_ok,8,body:ghana; body:accra; body:mahama; body:bawumia; title:npp; body:ndc; election:election|vote|voter
2024,07/12/2024,Ghana,Presidential and Parliamentary,9965,post,02/12/2024,02/12/2024,-5,"fact card of napo saying without him, bawumia cannot get 50% votes in ashanti region, false!",https://ghana.dubawa.org/fact-card-of-napo-saying-without-him-bawumia-cannot-get-50-votes-in-ashanti-region-false/,5|862|1828,window,window|country_title|title_kw|within_180|score_ok,6,body:ghana; body:mahama; title:bawumia; body:npp; election:vote|election|voter
2024,07/12/2024,Ghana,Presidential and Parliamentary,9872,post,29/11/2024,13/05/2026,-8,agyapadie circus: a make-believe toxic politico-ethnic document for election,https://ghana.dubawa.org/agyapadie-circus-a-make-believe-toxic-politico-ethnic-document-for-election/,210|2657|5|863|4|1828|16,window,window|country_body|title_kw|within_180|score_ok,8,body:ghana; body:accra; body:mahama; body:bawumia; body:npp; body:ndc; body:electoral commission; election:election|vote|voter
2024,07/12/2024,Ghana,Presidential and Parliamentary,9866,post,26/11/2024,26/11/2024,-11,"freddie blay’s claim country’s inflation rate stands at 14%, false",https://ghana.dubawa.org/freddie-blays-claim-countrys-inflation-rate-stands-at-14-false/,120|862|1828,window,window|country_body|body_kw|within_180|score_ok,4,body:ghana; body:npp; body:ndc; election:election|vote
2024,07/12/2024,Ghana,Presidential and Parliamentary,9856,post,25/11/2024,25/11/2024,-12,"true, napo mentioned john mahama’s name instead of dr bawumia during address at upsa",https://ghana.dubawa.org/true-napo-mentioned-john-mahamas-name-instead-of-dr-bawumia-during-address-at-upsa/,5|862|1828|1,window,window|country_title|body_kw|within_180|score_ok,7,title:mahama; title:bawumia; body:npp; body:ndc; election:election|vote|voter
2024,07/12/2024,Ghana,Presidential and Parliamentary,9853,post,25/11/2024,25/11/2024,-12,false: viral campaign videos allegedly depicting violence not from npp or ndc,https://ghana.dubawa.org/false-viral-campaign-videos-allegedly-depicting-violence-not-from-npp-or-ndc/,5|862,window,window|country_title|body_kw|within_180|score_ok,6,body:ghana; title:npp; title:ndc; election:election|vote|voter
2024,07/12/2024,Ghana,Presidential and Parliamentary,9841,post,19/11/2024,02/12/2024,-18,kufuor s wheelchair comment falsely attributed to ndc’s sammy gyamfi,https://ghana.dubawa.org/kufuors-wheelchair-comment-falsely-attributed-to-ndcs-sammy-gyamfi/,5|862|1828|16,window,window|country_title|body_kw|within_180|score_ok,8,body:ghana; body:accra; body:mahama; body:bawumia; body:npp; title:ndc; election:election|vote|candidate
2024,07/12/2024,Ghana,Presidential and Parliamentary,9838,post,18/11/2024,18/11/2024,-19,false! uk television station did not discuss john mahama’s 24-hour economy,https://ghana.dubawa.org/false-uk-television-station-did-not-discuss-john-mahamas-24-hour-economy/,120|437|862|1828,window,window|country_title|body_kw|within_180|score_ok,4,body:ghana; title:mahama; election:election
2024,07/12/2024,Ghana,Presidential and Parliamentary,9831,post,18/11/2024,18/11/2024,-19,true! napo says it’s  haram  for muslim living in dagbon to vote ndc,https://ghana.dubawa.org/true-napo-says-its-haram-for-muslim-living-in-dagbon-to-vote-ndc/,5|862|1828|16,window,window|country_title|title_kw|within_180|score_ok,7,body:ghana; body:mahama; body:bawumia; body:npp; title:ndc; election:vote|election|candidate
2024,07/12/2024,Ghana,Presidential and Parliamentary,9811,post,14/11/2024,22/11/2024,-23,"viral post claiming john mahama offering ghs500 to ghanaians, false",https://ghana.dubawa.org/viral-post-claiming-john-mahama-offering-ghs500-to-ghanaians-false/,120|5|862|1828,window,window|country_title|body_kw|within_180|score_ok,6,title:ghana; title:mahama; body:ndc; election:election|vote|voter
2024,07/12/2024,Ghana,Presidential and Parliamentary,9800,post,07/11/2024,11/11/2024,-30,press release,https://ghana.dubawa.org/press-release/,910|5|16|865,window,window|country_body|body_kw|within_180|score_ok,3,body:ghana; body:accra; election:election|poll|parliament
2024,07/12/2024,Ghana,Presidential and Parliamentary,9795,post,06/11/2024,06/11/2024,-31,"bawumia’s claim on internet penetration growth in ghana, misleading!",https://ghana.dubawa.org/bawumias-claim-on-internet-penetration-growth-in-ghana-misleading/,862|1828,window,window|country_title|body_kw|within_180|score_ok,6,title:ghana; title:bawumia; body:npp; election:election|candidate|presidential
2024,07/12/2024,Ghana,Presidential and Parliamentary,9788,post,05/11/2024,05/11/2024,-32,"npp’s ishaq ibrahim makes false inflation, covid-19 claims about mahama",https://ghana.dubawa.org/npps-ishaq-ibrahim-makes-false-inflation-covid-19-claims-about-mahama/,910|5|862|121|1828|16|1,window,window|country_title|body_kw|within_180|score_ok,7,body:ghana; body:accra; title:mahama; title:npp; election:election
2024,07/12/2024,Ghana,Presidential and Parliamentary,9784,post,04/11/2024,04/11/2024,-33,false! ghana’s deputy education minister didn’t say teachers can’t be rich,https://ghana.dubawa.org/false-ghanas-deputy-education-minister-didnt-say-teachers-cant-be-rich/,120|437|862|1828,window,window|country_title|body_kw|within_180|score_ok,4,title:ghana; body:accra; election:vote
2024,07/12/2024,Ghana,Presidential and Parliamentary,9780,post,04/11/2024,04/11/2024,-33,"photo of ndc’s veep endorsing npp on showcased ballot paper, doctored!",https://ghana.dubawa.org/photo-of-ndcs-veep-endorsing-npp-on-showcased-ballot-paper-doctored/,910|5|437|862|1828|16,window,window|country_title|title_kw|within_180|score_ok,7,body:accra; body:bawumia; title:npp; title:ndc; election:ballot|election|vote
2024,07/12/2024,Ghana,Presidential and Parliamentary,9774,post,04/11/2024,04/11/2024,-33,"bawumia’s $80 bn market value claim for spotify, false!",https://ghana.dubawa.org/bawumias-80-bn-market-value-claim-for-spotify-false/,120|862|1828,window,window|country_title|within_180|score_ok,5,body:ghana; body:accra; body:mahama; title:bawumia
2024,07/12/2024,Ghana,Presidential and Parliamentary,9761,post,04/11/2024,04/11/2024,-33,false! mahama didn’t say akans ‘answer questions with questions’,https://ghana.dubawa.org/false-mahama-didnt-say-akans-answer-questions-with-questions/,862|1828|16,window,window|country_title|body_kw|within_180|score_ok,7,body:ghana; title:mahama; body:bawumia; body:npp; body:ndc; election:candidate|presidential
2024,07/12/2024,Ghana,Presidential and Parliamentary,9769,post,03/11/2024,03/11/2024,-34,what happens when presidential candidate dies close to election day in ghana?,https://ghana.dubawa.org/what-happens-when-presidential-candidate-dies-close-to-election-day-in-ghana/,910|5|863|1828|16,window,window|country_title|title_kw|within_180|score_ok,4,title:ghana; body:electoral commission; election:election|candidate|presidential
2024,07/12/2024,Ghana,Presidential and Parliamentary,9765,post,03/11/2024,03/11/2024,-34,"false! gmx, launched by dr bawumia, not ghanaian first music streaming platform",https://ghana.dubawa.org/false-gmx-launched-by-dr-bawumia-not-ghanaian-first-music-streaming-platform/,862|1828,window,window|country_title|body_kw|within_180|score_ok,6,title:ghana; body:accra; title:bawumia; election:candidate|presidential
2024,07/12/2024,Ghana,Presidential and Parliamentary,9747,post,31/10/2024,31/10/2024,-37,"new ballot paper image hours after akua donkor’s demise, false",https://ghana.dubawa.org/new-ballot-paper-image-hours-after-akua-donkors-demise-false/,900|910|5|437|862|1828|1,window,window|country_body|title_kw|within_180|score_ok,4,body:ghana; body:ndc; body:electoral commission; election:ballot|election|vote
2024,07/12/2024,Ghana,Presidential and Parliamentary,9739,post,30/10/2024,30/10/2024,-38,mahama makes a false claim about ghana’s 54% inflation being the highest in the 4th republic,https://ghana.dubawa.org/mahama-makes-a-false-claim-about-ghanas-54-inflation-being-the-highest-in-the-4th-republic/,120|910|5|862|1828|899|16,window,window|country_title|body_kw|within_180|score_ok,6,title:ghana; title:mahama; body:bawumia; election:election
2024,07/12/2024,Ghana,Presidential and Parliamentary,9736,post,29/10/2024,29/10/2024,-39,"dubawa, german embassy train first-time voters in kumasi, tamale, cape coast ahead of december elections",https://ghana.dubawa.org/dubawa-german-embassy-train-first-time-voters-in-kumasi-tamale-cape-coast-ahead-of-december-elections/,435|4|1828|440,window,window|country_body|title_kw|within_180|score_ok,3,body:ghana; body:accra; election:election|vote|voter
2024,07/12/2024,Ghana,Presidential and Parliamentary,9725,post,29/10/2024,29/10/2024,-39,"napo fact card with ethnocentric comments about gas, ewes, false!",https://ghana.dubawa.org/fact-card-claiming-napo-said-ga-and-ewes-bring-about-problems-and-shouldnt-have-been-part-of-ghana-false/,120|862|1828,window,window|country_title|body_kw|within_180|score_ok,5,title:ghana; body:bawumia; body:npp; election:election|candidate|presidential
2025,22/04/2025,Liberia,Nimba County Senate By-election,22762,post,19/05/2025,19/05/2025,27,"false! the estimated number of  liberia’s police officers not 2,373",https://dubawa.org/false-the-estimated-number-of-liberias-police-officers-not-2373/,1960|4|3812|3815,window,window|cat|country_title|within_180|score_ok,5,category:1960; title:liberia
2025,22/04/2025,Liberia,Nimba County Senate By-election,22731,post,16/05/2025,16/05/2025,24,did martin’s post trigger revocation of quack doctor’s license?,https://dubawa.org/did-martins-post-trigger-revocation-of-quack-doctors-license/,1571|1960,window,window|cat|country_body|within_180|score_ok,4,category:1960; body:liberia
2025,22/04/2025,Liberia,Nimba County Senate By-election,22728,post,16/05/2025,16/05/2025,24,koffa’s resignation: what it means for liberia,https://dubawa.org/koffas-resignation-what-it-means-for-liberia/,1572|1960,window,window|cat|country_title|body_kw|within_180|score_ok,6,category:1960; title:liberia; election:election|vote|parliament
2025,22/04/2025,Liberia,Nimba County Senate By-election,22705,post,14/05/2025,14/05/2025,22,does liberia fund 33 embassies or foreign missions?,https://dubawa.org/does-liberia-fund-33-embassies-or-foreign-missions/,1960|1571|4|3812|3815,window,window|cat|country_title|within_180|score_ok,5,category:1960; title:liberia
2025,22/04/2025,Liberia,Nimba County Senate By-election,22700,post,14/05/2025,14/05/2025,22,liberian government did not endorse protest for burkina faso’s president,https://dubawa.org/liberian-government-did-not-endorse-protest-for-burkina-fasos-president/,1571|3812|3815|1960,window,window|cat|country_title|within_180|score_ok,6,category:1960; title:liberia; body:monrovia
2025,22/04/2025,Liberia,Nimba County Senate By-election,22667,post,12/05/2025,12/05/2025,20,commerce inspector general dorr cooper has not been dismissed,https://dubawa.org/commerce-inspector-general-dorr-cooper-has-not-been-dismissed/,1571|4|3815|1960,window,window|cat|country_body|within_180|score_ok,7,category:1960; body:liberia; body:joseph boakai; body:boakai; body:unity party
2025,22/04/2025,Liberia,Nimba County Senate By-election,22658,post,12/05/2025,12/05/2025,20,dorley’s european titles comparison with weah is misleading,https://dubawa.org/dorleys-european-titles-comparison-with-weah-is-misleading/,1960|4|3812|3815,window,window|cat|country_title|within_180|score_ok,8,category:1960; body:liberia; body:monrovia; body:george weah; title:weah
2025,22/04/2025,Liberia,Nimba County Senate By-election,22637,post,10/05/2025,10/05/2025,18,did liberia’s first lady build high school in sinoe county?,https://dubawa.org/did-liberias-first-lady-build-high-school-in-sinoe-county/,1960|1571|4|3815,window,window|cat|country_title|within_180|score_ok,7,category:1960; title:liberia; body:joseph boakai; body:boakai
2025,22/04/2025,Liberia,Nimba County Senate By-election,22634,post,10/05/2025,10/05/2025,18,"lnba president only contested in 2017 elections, not  2023 elections.",https://dubawa.org/lnba-president-only-contested-in-2017-elections-not-2023-elections/,1571|4|3812|3815|1960,window,window|cat|country_body|title_kw|within_180|score_ok,7,category:1960; body:liberia; body:boakai; body:unity party; election:election|vote|candidate
2025,22/04/2025,Liberia,Nimba County Senate By-election,22570,post,06/05/2025,06/05/2025,14,"has liberian speaker, fonati koffa, resigned?",https://dubawa.org/has-liberian-speaker-fonati-koffa-resigned/,1571|3815|1960,window,window|cat|country_title|within_180|score_ok,5,category:1960; title:liberia
2025,22/04/2025,Liberia,Nimba County Senate By-election,22551,post,04/05/2025,04/05/2025,12,"round-up: pope’s death, plateau crisis, other major claims fact-checked this week",https://dubawa.org/round-up-popes-death-plateau-crisis-other-major-claims-fact-checked-this-week/,1571|3812|3815|1574,window,window|country_body|body_kw|within_180|score_ok,3,body:liberia; body:nimba; election:election|vote|voter
2025,22/04/2025,Liberia,Nimba County Senate By-election,22529,post,01/05/2025,01/05/2025,9,no agreement for cummings to become weah’s running mate in 2029,https://dubawa.org/no-agreement-for-cummings-to-become-weahs-running-mate-in-2029/,1571|4|3812|3815,window,window|country_title|body_kw|within_180|score_ok,4,body:george weah; title:weah; election:election
2025,22/04/2025,Liberia,Nimba County Senate By-election,22526,post,01/05/2025,01/05/2025,9,"online romance scam! how liberian senator, others became victims, bait",https://dubawa.org/online-romance-scam-how-liberian-senator-others-became-victims-bait/,1960|1572|4|3812|3815|234,window,window|cat|country_title|body_kw|within_180|score_ok,6,category:1960; title:liberia; election:parliament
2025,22/04/2025,Liberia,Nimba County Senate By-election,22491,post,28/04/2025,28/04/2025,6,must candidates be registered voters in constituencies they seek to represent?,https://dubawa.org/must-candidates-be-registered-voters-in-constituencies-they-seek-to-represent/,1571|5|3815|1960,window,window|cat|country_body|title_kw|within_180|score_ok,6,category:1960; body:liberia; body:nimba; election:vote|voter|candidate
2025,22/04/2025,Liberia,Nimba County Senate By-election,22488,post,28/04/2025,28/04/2025,6,false! university of liberia s budget has not increased to $35 million,https://dubawa.org/false-university-of-liberias-budget-has-not-increased-to-35-million/,1571|120|4|3812|3815|1960,window,window|cat|country_title|within_180|score_ok,5,category:1960; title:liberia
2025,22/04/2025,Liberia,Nimba County Senate By-election,22466,post,27/04/2025,27/04/2025,5,"round-up: ali ndume in senate, juju musician s death hoax, others, top claims we fact-checked this week",https://dubawa.org/round-up-ali-ndume-in-senate-juju-musicians-death-hoax-others-top-claims-we-fact-checked-this-week/,1571|3812|3815|1574,window,window|country_body|body_kw|within_180|score_ok,3,body:liberia; body:nimba; election:election|vote|by-election
2025,22/04/2025,Liberia,Nimba County Senate By-election,22463,post,26/04/2025,26/04/2025,4,liberia’s supreme court validates speakership of fonati koffa,https://dubawa.org/liberias-supreme-court-validates-speakership-of-fonati-koffa/,1960|5|3815,window,window|cat|country_title|body_kw|within_180|score_ok,6,category:1960; title:liberia; election:election
2025,22/04/2025,Liberia,Nimba County Senate By-election,22460,post,26/04/2025,26/04/2025,4,did alcop put out press release endorsing samuel korgar’s candidacy?,https://dubawa.org/did-alcop-put-out-press-release-endorsing-samuel-korgars-candidacy/,1960|1571|4|3812|3815,window,window|cat|country_body|body_kw|within_180|score_ok,6,category:1960; body:liberia; body:nimba; election:election|vote|candidate
2025,22/04/2025,Liberia,Nimba County Senate By-election,22456,post,26/04/2025,28/04/2025,4,samuel kogar wins nimba by-election,https://dubawa.org/samuel-kogar-wins-nimba-by-election/,1960|5|3815,window,window|cat|country_title|title_kw|within_180|score_ok,8,category:1960; body:liberia; body:nec liberia; title:nimba; election:election|by-election|vote
2025,22/04/2025,Liberia,Nimba County Senate By-election,22433,post,24/04/2025,24/04/2025,2,has kogar been declared winner of nimba election?,https://dubawa.org/has-kogar-been-declared-winner-of-nimba-election/,5|4|3812|3815|1960,window,window|cat|country_title|title_kw|within_180|score_ok,6,category:1960; title:nimba; election:election|candidate|by-election
2025,22/04/2025,Liberia,Nimba County Senate By-election,22430,post,23/04/2025,23/04/2025,1,is edith gongloe-weh senator-elect of nimba county,https://dubawa.org/is-edith-gongloe-weh-senator-elect-of-nimba-county/,5|1571|4|3812|3815|1960,window,window|cat|country_title|body_kw|within_180|score_ok,7,category:1960; body:liberia; title:nimba; election:election|candidate|by-election
2025,22/04/2025,Liberia,Nimba County Senate By-election,22425,post,23/04/2025,23/04/2025,1,nec disputes claim of missing voter rolls in nimba,https://dubawa.org/nec-disputes-claim-of-missing-voter-rolls-in-nimba/,1571|5|4|3812|3815|1960,window,window|cat|country_title|title_kw|within_180|score_ok,6,category:1960; title:nimba; election:vote|voter
2025,22/04/2025,Liberia,Nimba County Senate By-election,22421,post,23/04/2025,23/04/2025,1,no evidence to show yeakeh sayequee voted in nimba by-election,https://dubawa.org/no-evidence-to-show-yeakeh-sayequee-voted-in-nimba-by-election/,1571|5|4|3812|3815|1960,window,window|cat|country_title|title_kw|within_180|score_ok,7,category:1960; body:monrovia; title:nimba; election:election|vote|by-election
2025,22/04/2025,Liberia,Nimba County Senate By-election,22396,post,22/04/2025,22/04/2025,0,did lta shut down internet services in nimba for the senatorial by-election?,https://dubawa.org/did-lta-shut-down-internet-services-in-nimba-for-the-senatorial-by-election/,1960|5|1571|3815,window,window|cat|country_title|title_kw|within_180|score_ok,7,category:1960; body:liberia; title:nimba; election:election|by-election|vote
2025,22/04/2025,Liberia,Nimba County Senate By-election,22393,post,22/04/2025,22/04/2025,0,no final registration roll claim in nimba districts false,https://dubawa.org/no-final-registration-roll-claim-in-nimba-districts-false/,5|1571|4|3815|1960,window,window|cat|country_title|body_kw|within_180|score_ok,6,category:1960; title:nimba; election:election|poll|by-election
2025,22/04/2025,Liberia,Nimba County Senate By-election,22390,post,22/04/2025,22/04/2025,0,"false! nimba has 736 pollen stations, not 681",https://dubawa.org/false-nimba-has-736-pollen-stations-not-681/,1960|5|1571|3815,window,window|cat|country_title|title_kw|within_180|score_ok,6,category:1960; title:nimba; election:poll|election
2025,22/04/2025,Liberia,Nimba County Senate By-election,22372,post,21/04/2025,21/04/2025,-1,is bong mines liberia’s biggest iron ore mine?,https://dubawa.org/is-bong-mines-liberias-biggest-iron-ore-mine/,1571|4|3812|3815|1960,window,window|cat|country_title|body_kw|within_180|score_ok,7,category:1960; title:liberia; body:nimba; election:election|vote|voter
2025,22/04/2025,Liberia,Nimba County Senate By-election,22369,post,21/04/2025,21/04/2025,-1,"false! video of man set ablaze is from nigeria, not liberia",https://dubawa.org/false-video-of-man-set-ablaze-is-from-nigeria-not-liberia/,1960|1571|3812|3815,window,window|cat|country_title|within_180|score_ok,6,category:1960; title:liberia; body:monrovia
2025,22/04/2025,Liberia,Nimba County Senate By-election,22358,post,20/04/2025,20/04/2025,-2,round-up: five claims we fact-checked this week,https://dubawa.org/round-up-five-claims-we-fact-checked-this-week/,1571|1572|3812|3815,window,window|country_body|body_kw|within_180|score_ok,7,body:liberia; body:george weah; body:weah; body:joseph boakai; body:boakai; body:unity party; election:election|vote
2025,22/04/2025,Liberia,Nimba County Senate By-election,22327,post,16/04/2025,16/04/2025,-6,#behindthefacts: jackson shares lessons from fact-checking prominent liberian activist,https://dubawa.org/behindthefacts-jackson-shares-lessons-from-fact-checking-prominent-liberian-activist/,1572|3815|1960,window,window|cat|country_title|within_180|score_ok,5,category:1960; title:liberia
2025,22/04/2025,Liberia,Nimba County Senate By-election,22324,post,16/04/2025,17/04/2025,-6,"misleading! cdc did not lose by less than 20,000 votes",https://dubawa.org/misleading-cdc-did-not-lose-by-less-than-20000-votes/,1571|3815|1960,window,window|cat|country_body|title_kw|within_180|score_ok,11,category:1960; body:liberia; body:monrovia; body:george weah; body:weah; body:joseph boakai; body:boakai; body:unity party; election:vote|election|runoff
2025,22/04/2025,Liberia,Nimba County Senate By-election,22310,post,16/04/2025,16/04/2025,-6,did the cdc endorse three candidates in nimba by-election?,https://dubawa.org/did-the-cdc-endorse-three-candidates-in-nimba-by-election/,1571|4|3815|1960,window,window|cat|country_title|title_kw|within_180|score_ok,8,category:1960; body:liberia; title:nimba; body:unity party; election:election|candidate|by-election
2025,22/04/2025,Liberia,Nimba County Senate By-election,22294,post,15/04/2025,15/04/2025,-7,how prepared is joint security for the nimba by-election?,https://dubawa.org/how-prepared-is-joint-security-for-the-nimba-by-election/,1960|1572|4|3812|3815,window,window|cat|country_title|title_kw|within_180|score_ok,7,category:1960; body:liberia; title:nimba; election:election|by-election|vote
2025,22/04/2025,Liberia,Nimba County Senate By-election,22291,post,15/04/2025,15/04/2025,-7,"misleading! former cdc did not lose the 2023 elections by 17,000 votes",https://dubawa.org/misleading-former-cdc-did-not-lose-the-2023-elections-by-17000-votes/,1960|1571|4|3815,window,window|cat|country_body|title_kw|within_180|score_ok,9,category:1960; body:liberia; body:george weah; body:weah; body:joseph boakai; body:boakai; election:election|vote|runoff
2025,22/04/2025,Liberia,Nimba County Senate By-election,22268,post,15/04/2025,15/04/2025,-7,nimba decides2025: the candidates and the opinion polls during the campaign season,https://dubawa.org/nimba-decides2025-the-candidates-and-the-opinion-polls-during-the-campaign-season/,1572|4|3812|3815|1960,window,window|cat|country_title|title_kw|within_180|score_ok,7,category:1960; title:nimba; body:unity party; election:poll|candidate|election
2025,22/04/2025,Liberia,Nimba County Senate By-election,22262,post,14/04/2025,14/04/2025,-8,religious groups deny issuing viral statement in support of koon,https://dubawa.org/religious-groups-deny-issuing-viral-statement-in-support-of-koon/,1571|4|3815|1960,window,window|cat|country_body|within_180|score_ok,4,category:1960; body:liberia
2025,22/04/2025,Liberia,Nimba County Senate By-election,22257,post,13/04/2025,13/04/2025,-9,"round-up: fluoride-cancer link, alleged reprisal attacks on igbos in kano, others top false claims verified this week",https://dubawa.org/round-up-fluoride-cancer-link-alleged-reprisal-attacks-on-igbos-in-kano-others-top-false-claims-verified-this-week/,1571|3812|3815|1574,window,window|country_body|body_kw|within_180|score_ok,3,body:liberia; body:nimba; election:election|by-election
2025,22/04/2025,Liberia,Nimba County Senate By-election,22235,post,09/04/2025,09/04/2025,-13,more than four counties have elected female senators,https://dubawa.org/more-than-four-counties-have-elected-female-senators/,1571|4|3815|1960|16,window,window|cat|country_body|body_kw|within_180|score_ok,6,category:1960; body:liberia; body:nimba; election:election|candidate|by-election
2025,22/04/2025,Liberia,Nimba County Senate By-election,22217,post,08/04/2025,08/04/2025,-14,"explainer: a disqualified candidate, a brewing election crisis, and liberia’s uneasy dance with democracy",https://dubawa.org/explainer-a-disqualified-candidate-a-brewing-election-crisis-and-liberias-uneasy-dance-with-democracy/,123|1572|3815|1960,window,window|cat|country_title|title_kw|within_180|score_ok,8,category:1960; title:liberia; body:monrovia; body:nimba; election:election|candidate|vote
2025,22/04/2025,Liberia,Nimba County Senate By-election,22191,post,03/04/2025,03/04/2025,-19,false! liberia council of churches president not suspended,https://dubawa.org/false-liberia-council-of-churches-president-not-suspended/,437|1571|4|3812|3815|1960,window,window|cat|country_title|within_180|score_ok,7,category:1960; title:liberia; body:monrovia; body:boakai
2025,22/04/2025,Liberia,Nimba County Senate By-election,22181,post,02/04/2025,02/04/2025,-20,liberia: did the house of representatives reject the ecowas mediation team?,https://dubawa.org/liberia-did-the-house-of-representatives-reject-the-ecowas-mediation-team/,1571|4|1960,window,window|cat|country_title|body_kw|within_180|score_ok,6,category:1960; title:liberia; election:parliament
2025,22/04/2025,Liberia,Nimba County Senate By-election,22126,post,27/03/2025,27/03/2025,-26,"kogar’s nomination printout not stamped, though valid",https://dubawa.org/kogars-nomination-printout-not-stamped-though-valid/,1571|4|3812|3815|1960,window,window|cat|country_body|body_kw|within_180|score_ok,5,category:1960; body:nimba; election:election|candidate|by-election
2025,22/04/2025,Liberia,Nimba County Senate By-election,22101,post,26/03/2025,26/03/2025,-27,all you need to know about nimba county by-election,https://dubawa.org/all-you-need-to-know-about-nimba-county-by-election/,1572|3815|1960,window,window|cat|country_title|title_kw|within_180|score_ok,7,category:1960; body:liberia; title:nimba; election:election|by-election|vote
2025,22/04/2025,Liberia,Nimba County Senate By-election,22035,post,25/03/2025,25/03/2025,-28,false! burkina faso’s president ibrahim traoré has not rejected loans from the world bank,https://dubawa.org/false-burkina-fasos-president-ibrahim-traore-has-not-rejected-loans-from-the-world-bank/,1571|4|3815|1960|16,window,window|cat|within_180|score_ok,3,category:1960
2025,22/04/2025,Liberia,Nimba County Senate By-election,22018,post,21/03/2025,21/03/2025,-32,false! international investigators didn’t attribute capitol building fire to natural causes,https://dubawa.org/false-international-investigators-didnt-attribute-capitol-building-fire-to-natural-causes/,1571|3815|1960,window,window|cat|country_body|body_kw|within_180|score_ok,5,category:1960; body:liberia; election:legislative
2025,22/04/2025,Liberia,Nimba County Senate By-election,22003,post,20/03/2025,20/03/2025,-33,"false! the bong county council did not approve $100,000 for bean cultivation",https://dubawa.org/false-the-bong-county-council-did-not-approve-100000-for-bean-cultivation/,1571|3815|1960,window,window|cat|country_body|within_180|score_ok,4,category:1960; body:liberia
2025,22/04/2025,Liberia,Nimba County Senate By-election,22000,post,20/03/2025,20/03/2025,-33,false! supreme court did not order liberia’s finance ministry to pay seven suspended lawmakers,https://dubawa.org/false-supreme-court-did-not-order-liberias-finance-ministry-to-pay-seven-suspended-lawmakers/,1571|3815|1960,window,window|cat|country_title|within_180|score_ok,5,category:1960; title:liberia
2025,22/04/2025,Liberia,Nimba County Senate By-election,21997,post,20/03/2025,20/03/2025,-33,misleading! matenokay tingban has not been declared a candidate in the nimba by-election,https://dubawa.org/misleading-matenokay-tingban-has-not-been-declared-a-candidate-in-the-nimba-by-election/,1571|3815|1960,window,window|cat|country_title|title_kw|within_180|score_ok,7,category:1960; body:liberia; title:nimba; election:election|candidate|by-election
2025,22/04/2025,Liberia,Nimba County Senate By-election,21957,post,17/03/2025,17/03/2025,-36,dubawa verifies several claims by liberian activist martin kollie,https://dubawa.org/dubawa-verifies-several-claims-by-liberian-activist-martin-kollie/,1571|4|3812|3815|1960,window,window|cat|country_title|within_180|score_ok,7,category:1960; title:liberia; body:joseph boakai; body:boakai
2025,22/04/2025,Liberia,Nimba County Senate By-election,21940,post,16/03/2025,16/03/2025,-37,"round-up: citizens’ freedom to buy guns, pineapple cure, death hoax, others, top claims verified last week",https://dubawa.org/round-up-citizens-freedom-to-buy-guns-pineapple-cure-death-hoax-others-top-claims-verified-last-week/,1571|3812|3815|123|1574,window,window|country_body|within_180|score_ok,4,body:liberia; body:monrovia; body:joseph boakai; body:boakai
2025,22/04/2025,Liberia,Nimba County Senate By-election,21937,post,15/03/2025,15/03/2025,-38,false! liberia’s former traditional chief is not dead,https://dubawa.org/false-liberias-former-traditional-chief-is-not-dead/,1571|3815|1960,window,window|cat|country_title|within_180|score_ok,5,category:1960; title:liberia
2025,22/04/2025,Liberia,Nimba County Senate By-election,21933,post,15/03/2025,15/03/2025,-38,is monrovia the dirtiest city in the world?,https://dubawa.org/is-monrovia-the-dirtiest-city-in-the-world/,1571|3815|1960,window,window|cat|country_title|body_kw|within_180|score_ok,7,category:1960; body:liberia; title:monrovia; election:poll
2025,22/04/2025,Liberia,Nimba County Senate By-election,21926,post,13/03/2025,13/03/2025,-40,did president boakai tell citizens to buy guns?,https://dubawa.org/did-president-boakai-tell-citizens-to-buy-guns/,1571|4|3815|1960,window,window|cat|country_title|within_180|score_ok,8,category:1960; body:liberia; body:monrovia; body:joseph boakai; title:boakai
2025,22/04/2025,Liberia,Nimba County Senate By-election,21917,post,12/03/2025,12/03/2025,-41,"speaker koon’s alleged $5m budget, false",https://dubawa.org/speaker-koons-alleged-5m-budget-false/,1571|3815|1960,window,window|cat|country_body|body_kw|within_180|score_ok,5,category:1960; body:liberia; election:election
2025,22/04/2025,Liberia,Nimba County Senate By-election,21912,post,12/03/2025,12/03/2025,-41,no factual basis for claim umu is introducing same-sex marriage courses,https://dubawa.org/no-factual-basis-for-claim-umu-is-introducing-same-sex-marriage-courses/,1571|1960,window,window|cat|country_body|within_180|score_ok,4,category:1960; body:liberia
2025,22/04/2025,Liberia,Nimba County Senate By-election,22859,post,23/05/2025,23/05/2025,31,"misleading! bong county council did not approve $300,000 for presidential palace renovation",https://dubawa.org/misleading-bong-county-council-did-not-approve-300000-for-presidential-palace-renovation/,1960|1571|3815,category-only,category-only|cat|country_body|title_kw|within_180|score_ok,6,category:1960; body:liberia; body:unity party; election:presidential|legislative
2025,22/04/2025,Liberia,Nimba County Senate By-election,21662,post,18/02/2025,18/02/2025,-63,false! boakai did not steal the election,https://dubawa.org/false-boakai-did-not-steal-the-election/,1571|4|3812|3815|1960|16,category-only,category-only|cat|country_title|title_kw|within_180|score_ok,10,category:1960; body:liberia; body:monrovia; body:george weah; body:weah; title:boakai; election:election|vote
2025,22/04/2025,Liberia,Nimba County Senate By-election,21269,post,15/01/2025,15/01/2025,-97,"false! president boakai did not win with less than 18,000 votes",https://dubawa.org/false-president-boakai-did-not-win-with-less-than-18000-votes/,1571|1960|16,category-only,category-only|cat|country_title|title_kw|within_180|score_ok,10,category:1960; body:liberia; body:george weah; body:weah; body:joseph boakai; title:boakai; election:vote|election|run-off
2025,22/04/2025,Liberia,Nimba County Senate By-election,21244,post,08/01/2025,08/01/2025,-104,true! representative koon was invited by ghana’s speaker of parliament for inauguration,https://dubawa.org/true-representative-koon-was-invited-by-ghanas-speaker-of-parliament-for-inauguration/,1571|4|3812|3815|1960,category-only,category-only|cat|country_body|title_kw|within_180|score_ok,5,category:1960; body:liberia; election:parliament
2025,22/04/2025,Liberia,Nimba County Senate By-election,21057,post,18/12/2024,18/12/2024,-125,national elections commission did not dismiss over sixty employees.,https://dubawa.org/national-elections-commission-did-not-dismiss-over-sixty-employees/,1960|120|5|1571|3812|3815|16,category-only,category-only|cat|country_body|title_kw|within_180|score_ok,5,category:1960; body:liberia; election:election
2025,21/09/2025,Guinea,Referendum,25016,post,13/10/2025,13/10/2025,22,la reconnaissance des langues nationales comme langues officielles ne réduit pas l’analphabétisme en guinée,https://dubawa.org/la-reconnaissance-des-langues-nationales-comme-langues-officielles-ne-reduit-pas-lanalphabetisme-en-guinee/,4482|1571,window,window|cat|country_title|within_180|score_ok,7,category:4482; title:guinée; body:doumbouya; body:référendum
2025,21/09/2025,Guinea,Referendum,25008,post,13/10/2025,13/10/2025,22,guinée : la nouvelle constitution permet-elle à mamadi doumbouya d’être candidat à la présidentielle de décembre 2025 ?,https://dubawa.org/guinee-la-nouvelle-constitution-permet-elle-a-mamadi-doumbouya-detre-candidat-a-la-presidentielle-de-decembre-2025/,4482|1571|16,window,window|cat|country_title|body_kw|within_180|score_ok,9,category:4482; title:guinée; title:doumbouya; body:référendum; election:élection
2025,21/09/2025,Guinea,Referendum,24862,post,06/10/2025,11/10/2025,15,le secrétaire général à la présidence guinéenne n’a pas prononcé son discours devant une salle vide à l’onu,https://dubawa.org/le-secretaire-general-a-la-presidence-guineenne-na-pas-prononce-son-discours-devant-une-salle-vide-a-lonu/,4482|1571,window,window|cat|country_title|within_180|score_ok,5,category:4482; title:guinée
2025,21/09/2025,Guinea,Referendum,24622,post,22/09/2025,23/09/2025,1,de faux résultats du référendum constitutionnel en guinée circulent sur les réseaux sociaux,https://dubawa.org/de-faux-resultats-du-referendum-constitutionnel-en-guinee-circulent-sur-les-reseaux-sociaux/,4482|5|1571,window,window|cat|country_title|title_kw|within_180|score_ok,10,category:4482; title:guinée; title:referendum; title:référendum; election:referendum|élection|vote
2025,21/09/2025,Guinea,Referendum,24617,post,22/09/2025,23/09/2025,1,"en guinée la rumeur selon laquelle “si tu ne votes pas, ta carte d’électeur ne sera pas valable” est fausse",https://dubawa.org/en-guinee-la-rumeur-selon-laquelle-si-tu-ne-votes-pas-ta-carte-delecteur-ne-sera-pas-valable-est-fausse/,4482|5|1571,window,window|cat|country_title|title_kw|within_180|score_ok,8,category:4482; title:guinée; body:ceni; body:référendum; election:vote|élection|voter
2025,21/09/2025,Guinea,Referendum,24599,post,21/09/2025,23/09/2025,0,des retards ont-ils été enregistrés dans l’ouverture de certains bureaux de vote à n’zérékoré en guinée ?,https://dubawa.org/des-retards-ont-ils-ete-enregistres-dans-louverture-de-certains-bureaux-de-vote-a-nzerekore-en-guinee/,4482|5|1571,window,window|cat|country_title|title_kw|within_180|score_ok,6,category:4482; title:guinée; election:vote
2025,21/09/2025,Guinea,Referendum,24594,post,21/09/2025,21/09/2025,0,"faranah : non, quatre bureaux de vote n’ont pas été fermés faute de matériel électoral",https://dubawa.org/faranah-non-quatre-bureaux-de-vote-nont-pas-ete-fermes-faute-de-materiel-electoral/,4482|5|1571,window,window|cat|country_body|title_kw|within_180|score_ok,5,category:4482; body:guinée; election:vote|élection|voter
2025,21/09/2025,Guinea,Referendum,24589,post,21/09/2025,23/09/2025,0,des agents de bureaux de vote ont-ils manifesté dans la commune de tombolia en guinée?,https://dubawa.org/des-agents-de-bureaux-de-vote-ont-ils-manifeste-dans-la-commune-de-tombolia-en-guinee/,4482|1571,window,window|cat|country_title|title_kw|within_180|score_ok,7,category:4482; title:guinée; body:conakry; election:vote|élection
2025,21/09/2025,Guinea,Referendum,24582,post,21/09/2025,11/10/2025,0,guinée : un discours contre le référendum de 2020 présenté comme récent,https://dubawa.org/guinee-un-discours-contre-le-referendum-de-2020-presente-comme-recente/,4482|1571,window,window|cat|country_title|title_kw|within_180|score_ok,11,category:4482; title:guinée; title:referendum; title:référendum; body:cellou dalein; election:referendum|vote
2025,21/09/2025,Guinea,Referendum,24565,post,21/09/2025,23/09/2025,0,la proposition de nouvelle constitution guinéenne garantit-elle une prise en charge de 80% des frais médicaux ?,https://dubawa.org/la-proposition-de-nouvelle-constitution-guineenne-garantit-elle-une-prise-en-charge-de-80-des-frais-medicaux/,4482|1571,window,window|cat|country_title|body_kw|within_180|score_ok,6,category:4482; title:guinée; election:élection|vote
2025,21/09/2025,Guinea,Referendum,24549,post,21/09/2025,23/09/2025,0,des avions de guerre sont-ils utilisés pour sécuriser le scrutin référendaire en guinée?,https://dubawa.org/des-avions-de-guerre-sont-ils-utilises-pour-securiser-le-scrutin-referendaire-en-guinee/,4482|1571,window,window|cat|country_title|body_kw|within_180|score_ok,7,category:4482; title:guinée; body:référendum; election:élection|vote|voter
2025,21/09/2025,Guinea,Referendum,24541,post,20/09/2025,23/09/2025,-1,"non, la profession du citoyen n’est pas mentionnée sur la carte d’électeur guinéenne",https://dubawa.org/la-profession-du-citoyen-nest-pas-mentionnee-sur-la-carte-delecteur-guineenne/,4482|1571,window,window|cat|country_title|body_kw|within_180|score_ok,6,category:4482; title:guinée; election:élection
2025,21/09/2025,Guinea,Referendum,24536,post,20/09/2025,11/10/2025,-1,"fake news, réseaux sociaux et élections : la guinée face au désordre informationnel",https://dubawa.org/fake-news-reseaux-sociaux-et-elections-la-guinee-face-au-desordre-informationnel/,4482|1572,window,window|cat|country_title|title_kw|within_180|score_ok,8,category:4482; title:guinée; body:référendum; body:cellou dalein; election:election|élection|vote
2025,21/09/2025,Guinea,Referendum,24533,post,19/09/2025,11/10/2025,-2,"enjeux et zones d’ombre du projet constitutionnel guinéen, l’analyse d’un juriste",https://dubawa.org/enjeux-et-zones-dombre-du-projet-constitutionnel-guineen-lanalyse-dun-juriste/,4482|1572,window,window|cat|country_title|body_kw|within_180|score_ok,8,category:4482; title:guinée; body:conakry; body:référendum; election:élection|vote
2025,21/09/2025,Guinea,Referendum,24523,post,19/09/2025,19/09/2025,-2,apc member makes misleading claim about sierra leone’s presidential terms,https://dubawa.org/apc-member-makes-misleading-claim-about-sierra-leones-presidential-terms/,1571|3815|1268,window,window|country_body|title_kw|within_180|score_ok,3,body:guinea; body:conakry; election:presidential|election
2025,21/09/2025,Guinea,Referendum,24510,post,18/09/2025,11/10/2025,-3,organisation électorale en guinée : rupture et craintes après le remplacement de la ceni par la dge,https://dubawa.org/guinee-craintes-apres-le-remplacement-de-la-ceni-par-la-dge/,4482|5|1572,window,window|cat|country_title|body_kw|within_180|score_ok,10,category:4482; title:guinée; title:ceni; body:référendum; body:cellou dalein; election:election|élection|vote
2025,21/09/2025,Guinea,Referendum,24433,post,15/09/2025,23/09/2025,-6,guinée : une fausse annonce de recrutement du groupement des forces spéciales circule sur facebook,https://dubawa.org/guinee-une-fausse-annonce-de-recrutement-du-groupement-des-forces-speciales-circule-sur-facebook/,1571|4482,window,window|cat|country_title|within_180|score_ok,6,category:4482; title:guinée; body:doumbouya
2025,21/09/2025,Guinea,Referendum,24384,post,12/09/2025,11/10/2025,-9,"guinée : l’opposant politique, cellou dalein diallo, a-t-il appelé à voter « oui » au référendum constitutionnel du 21 septembre?",https://dubawa.org/guinee-lopposant-politique-cellou-dalein-diallo-a-t-il-appele-a-voter-oui-au-referendum-constitutionnel-du-21-septembre/,4482|1571,window,window|cat|country_title|title_kw|within_180|score_ok,13,category:4482; title:guinée; body:doumbouya; title:referendum; title:référendum; title:cellou dalein; election:vote|voter|referendum
2025,21/09/2025,Guinea,Referendum,24013,post,19/08/2025,20/08/2025,-33,guinée : des chiffres sur la répartition ethnique en 2025 circulent sur facebook sans aucune base officielle,https://dubawa.org/guinee-des-chiffres-sur-la-repartition-ethnique-en-2025-circulent-sur-facebook-sans-aucune-base-officielle/,4482,window,window|cat|country_title|within_180|score_ok,5,category:4482; title:guinée
2025,21/09/2025,Guinea,Referendum,23923,post,13/08/2025,13/08/2025,-39,guinée : fausse rumeur sur la réapparition de deux acteurs de la société civile en sierra leone,https://dubawa.org/guinee-fausse-rumeur-sur-la-reapparition-de-deux-acteurs-de-la-societe-civile-en-sierra-leone/,4482,window,window|cat|country_title|within_180|score_ok,6,category:4482; title:guinée; body:conakry
2025,21/09/2025,Guinea,Referendum,25573,post,02/11/2025,02/11/2025,42,présidentielle 2025 en guinée : le jour du vote a-t-il été reporté?,https://dubawa.org/presidentielle-2025-en-guinee-le-jour-du-vote-a-t-il-ete-reporte/,4482|1571|16,category-only,category-only|cat|country_title|title_kw|within_180|score_ok,7,category:4482; title:guinée; body:référendum; election:vote|élection
2025,21/09/2025,Guinea,Referendum,23438,post,02/07/2025,02/07/2025,-81,"référendum constitutionnel en guinée : nouvelle charte, une vulgarisation sur le terrain et sur les réseaux sociaux",https://dubawa.org/referendum-constitutionnel-en-guinee-nouvelle-charte-une-vulgarisation-sur-le-terrain-et-sur-les-reseaux-sociaux/,4482,category-only,category-only|cat|country_title|title_kw|within_180|score_ok,11,category:4482; title:guinée; body:conakry; title:referendum; title:référendum; election:referendum
2025,25/10/2025,Cote d'Ivoire,Presidential,25989,post,17/11/2025,17/11/2025,23,"la femme politique, simone gbagbo, souhaite-t-elle épouser le chef de l’etat ivoirien?",https://dubawa.org/la-femme-politique-simone-gbagbo-souhaite-t-elle-epouser-le-chef-de-letat-ivoirien/,4269|1571|16,window,window|cat|country_title|body_kw|within_180|score_ok,8,category:4269; body:abidjan; body:ouattara; title:gbagbo; election:élection|candidate
2025,25/10/2025,Cote d'Ivoire,Presidential,25952,post,15/11/2025,15/11/2025,21,le procureur de la république de côte d’ivoire visé par une désinformation,https://dubawa.org/le-procureur-de-la-republique-de-cote-divoire-vise-par-une-desinformation/,4269|1571|16,window,window|cat|body_kw|within_180|score_ok,4,category:4269; election:élection
2025,25/10/2025,Cote d'Ivoire,Presidential,25948,post,15/11/2025,15/11/2025,21,le chef d’état-major de l’armée de terre de côte d ivoire aurait-il disparu?,https://dubawa.org/le-chef-detat-major-de-larmee-de-terre-de-cote-divoire-aurait-il-disparu/,4269|1571|16,window,window|cat|country_body|within_180|score_ok,4,category:4269; body:gbagbo
2025,25/10/2025,Cote d'Ivoire,Presidential,25944,post,15/11/2025,15/11/2025,21,une déclaration de 2024 refait surface à quelques semaines des législatives ivoiriennes,https://dubawa.org/une-declaration-de-2024-refait-surface-a-quelques-semaines-des-legislatives-ivoiriennes/,4269|1571|16,window,window|cat|country_body|title_kw|within_180|score_ok,6,category:4269; body:ouattara; body:tidjane thiam; election:legislative|élection
2025,25/10/2025,Cote d'Ivoire,Presidential,25940,post,15/11/2025,15/11/2025,21,une photo d’un proche de laurent gbagbo manipulée,https://dubawa.org/une-photo-dun-proche-de-laurent-gbagbo-manipulee/,4269|1571,window,window|cat|country_title|within_180|score_ok,6,category:4269; body:ouattara; title:gbagbo
2025,25/10/2025,Cote d'Ivoire,Presidential,25674,post,06/11/2025,06/11/2025,12,des élèves d’une école islamique auraient-ils chanté les prouesses d’alassane ouattara ?,https://dubawa.org/des-eleves-dune-ecole-islamique-auraient-ils-chante-les-prouesses-dalassane-ouattara/,4269|1571,window,window|cat|country_title|within_180|score_ok,6,category:4269; body:abidjan; title:ouattara
2025,25/10/2025,Cote d'Ivoire,Presidential,25653,post,06/11/2025,06/11/2025,12,infox sur une annulation de la présidentielle ivoirienne de 2025,https://dubawa.org/infox-sur-une-annulation-de-la-presidentielle-ivoirienne-de-2025/,4269|5|1571,window,window|cat|country_body|body_kw|within_180|score_ok,7,category:4269; body:abidjan; body:ouattara; body:cei; election:élection|vote
2025,25/10/2025,Cote d'Ivoire,Presidential,25583,post,02/11/2025,04/11/2025,8,"le secrétaire général du ppa-ci, parti fondé par laurent gbagbo, n’est pas démissionnaire",https://dubawa.org/le-secretaire-general-du-ppa-ci-parti-fonde-par-laurent-gbagbo-nest-pas-demissionnaire/,4269|1571|16,window,window|cat|country_title|within_180|score_ok,6,category:4269; body:rhdp; title:gbagbo
2025,25/10/2025,Cote d'Ivoire,Presidential,25577,post,02/11/2025,02/11/2025,8,le déploiement de soldats français au mali utilisé dans le contexte ivoirien,https://dubawa.org/le-deploiement-de-soldats-francais-au-mali-utilise-dans-le-contexte-ivoirien/,1571|4269,window,window|cat|country_body|body_kw|within_180|score_ok,5,category:4269; body:cei; election:vote
2025,25/10/2025,Cote d'Ivoire,Presidential,25567,post,02/11/2025,02/11/2025,8,l’intelligence artificielle utilisée en soutien à un leader politique ivoirien,https://dubawa.org/lintelligence-artificielle-utilisee-en-soutien-a-un-leader-politique-ivoirien/,4269|1571,window,window|cat|country_body|within_180|score_ok,5,category:4269; body:ouattara; body:gbagbo
2025,25/10/2025,Cote d'Ivoire,Presidential,25487,post,28/10/2025,28/10/2025,3,mésinformation relative aux résultats de la présidentielle ivoirienne 2025,https://dubawa.org/mesinformation-relative-aux-resultats-de-la-presidentielle-ivoirienne-2025/,4269|1571|16,window,window|cat|country_body|within_180|score_ok,5,category:4269; body:ouattara; body:cei
2025,25/10/2025,Cote d'Ivoire,Presidential,25478,post,28/10/2025,28/10/2025,3,présidentielle 2025 : une image prise au togo utilisée pour indiquer un incendie dans des localités ivoiriennes,https://dubawa.org/presidentielle-2025-une-image-prise-au-togo-utilisee-pour-indiquer-un-incendie-dans-des-localites-ivoiriennes/,4269|1571|16,window,window|cat|country_body|body_kw|within_180|score_ok,5,category:4269; body:cei; election:vote
2025,25/10/2025,Cote d'Ivoire,Presidential,25440,post,27/10/2025,27/10/2025,2,de faux résultats de la présidentielle ivoirienne présentés comme une fuite de documents secrets,https://dubawa.org/de-faux-resultats-de-la-presidentielle-ivoirienne-presentes-comme-une-fuite-de-documents-secrets/,4269|1571|16,window,window|cat|country_body|body_kw|within_180|score_ok,6,category:4269; body:abidjan; body:cei; election:élection|vote
2025,25/10/2025,Cote d'Ivoire,Presidential,25436,post,27/10/2025,27/10/2025,2,"côte d’ivoire : incendie à nahio, une image de 2023 utilisée par certains internautes",https://dubawa.org/cote-divoire-incendie-a-nahio-une-image-de-2023-utilisee-par-certains-internautes/,4269|1571|16,window,window|cat|country_body|body_kw|within_180|score_ok,5,category:4269; body:ouattara; election:élection|vote
2025,25/10/2025,Cote d'Ivoire,Presidential,25432,post,26/10/2025,26/10/2025,1,faux : le nord n’a pas été le seul à voter en côte d’ivoire,https://dubawa.org/faux-le-nord-na-pas-ete-le-seul-a-voter-en-cote-divoire/,4269|1571|16,window,window|cat|country_body|title_kw|within_180|score_ok,7,category:4269; body:ouattara; body:rhdp; body:cei; election:vote|voter|élection
2025,25/10/2025,Cote d'Ivoire,Presidential,25427,post,26/10/2025,26/10/2025,1,côte d’ivoire : la présidente du sénat victime de désinformation,https://dubawa.org/cote-divoire-la-presidente-du-senat-victime-de-desinformation/,4269|1571|16,window,window|cat|country_body|within_180|score_ok,5,category:4269; body:ouattara; body:rhdp
2025,25/10/2025,Cote d'Ivoire,Presidential,25423,post,26/10/2025,26/10/2025,1,une vidéo sortie de son contexte pour jeter le doute sur la transparence du vote en côte d’ivoire,https://dubawa.org/une-video-sortie-de-son-contexte-pour-jeter-le-doute-sur-la-transparence-du-vote-en-cote-divoire/,4269|1571|16,window,window|cat|title_kw|within_180|score_ok,4,category:4269; election:vote|élection
2025,25/10/2025,Cote d'Ivoire,Presidential,25416,post,26/10/2025,26/10/2025,1,une vidéo manipulée pour prétendre à un soulèvement dans le nord de la côte d’ivoire,https://dubawa.org/une-video-manipulee-pour-pretendre-a-un-soulevement-dans-le-nord-de-la-cote-divoire/,4269|1571|16,window,window|cat|country_body|body_kw|within_180|score_ok,5,category:4269; body:cei; election:élection
2025,25/10/2025,Cote d'Ivoire,Presidential,25411,post,25/10/2025,25/10/2025,0,aucun civil n’a été tué entre dabou et grand lahou,https://dubawa.org/aucun-civil-na-ete-tue-entre-dabou-et-grand-lahou/,4269|1571,window,window|cat|within_180|score_ok,3,category:4269
2025,25/10/2025,Cote d'Ivoire,Presidential,25405,post,25/10/2025,25/10/2025,0,fake news sur la tenue de l’élection présidentielle en côte d’ivoire,https://dubawa.org/fake-news-sur-la-tenue-de-lelection-presidentielle-en-cote-divoire/,4269|1571|16,window,window|cat|country_body|title_kw|within_180|score_ok,6,category:4269; body:ouattara; body:cei; election:election|élection|vote
2025,25/10/2025,Cote d'Ivoire,Presidential,25402,post,25/10/2025,25/10/2025,0,"non, le directeur de publication d’abidjan.net n’a pas été enlevé, ni assassiné",https://dubawa.org/non-le-directeur-de-publication-dabidjan-net-na-pas-ete-enleve-ni-assassine/,4269|1571|16,window,window|cat|country_title|body_kw|within_180|score_ok,8,category:4269; title:abidjan; body:ouattara; body:cei; election:élection|vote
2025,25/10/2025,Cote d'Ivoire,Presidential,25397,post,25/10/2025,25/10/2025,0,"des bureaux de vote n’ont pas été incendiés à yopougon, en côte d’ivoire",https://dubawa.org/des-bureaux-de-vote-nont-pas-ete-incendies-a-yopougon-en-cote-divoire/,4269|5|1571,window,window|cat|country_body|title_kw|within_180|score_ok,6,category:4269; body:abidjan; body:cei; election:vote
2025,25/10/2025,Cote d'Ivoire,Presidential,25392,post,25/10/2025,25/10/2025,0,fausse information sur des terroristes aperçus à korhogo,https://dubawa.org/fausse-information-sur-des-terroristes-apercus-a-korhogo/,4269|1571|16,window,window|cat|country_body|body_kw|within_180|score_ok,7,category:4269; body:abidjan; body:ouattara; body:cei; election:élection|vote
2025,25/10/2025,Cote d'Ivoire,Presidential,25384,post,25/10/2025,25/10/2025,0,aucune caméra de surveillance publique n’a été détruite en côte d’ivoire,https://dubawa.org/aucune-camera-de-surveillance-publique-na-ete-detruite-en-cote-divoire/,4269|1571|16,window,window|cat|country_body|within_180|score_ok,5,category:4269; body:rhdp; body:gbagbo
2025,25/10/2025,Cote d'Ivoire,Presidential,25379,post,25/10/2025,25/10/2025,0,aucun incident ayant conduit à des décès ne s’est produit à la présidence de la république ivoirienne,https://dubawa.org/aucun-incident-ayant-conduit-a-des-deces-ne-sest-produit-a-la-presidence-de-la-republique-ivoirienne/,4269|1571|16,window,window|cat|country_body|within_180|score_ok,4,category:4269; body:ouattara
2025,25/10/2025,Cote d'Ivoire,Presidential,25363,post,25/10/2025,25/10/2025,0,faux : le ministre kobenan kouassi adjoumani n’a jamais déclaré son attachement à guillaume soro,https://dubawa.org/faux-le-ministre-kobenan-kouassi-adjoumani-na-jamais-declare-son-attachement-a-guillaume-soro/,4269|1571|16,window,window|cat|country_body|within_180|score_ok,5,category:4269; body:ouattara; body:rhdp
2025,25/10/2025,Cote d'Ivoire,Presidential,25368,post,25/10/2025,25/10/2025,0,fausse information sur une supposée arrestation de l’ex-président ivoirien laurent gbagbo,https://dubawa.org/fausse-information-sur-une-supposee-arrestation-de-lex-president-ivoirien-laurent-gbagbo/,4269|1571|16,window,window|cat|country_title|body_kw|within_180|score_ok,9,category:4269; body:abidjan; body:ouattara; title:gbagbo; body:tidjane thiam; election:élection|vote|voter
2025,25/10/2025,Cote d'Ivoire,Presidential,25356,post,24/10/2025,24/10/2025,-1,côte d’ivoire : ces photos ne montrent pas l’axe dimbokro–bocanda,https://dubawa.org/cote-divoire-ces-photos-ne-montrent-pas-laxe-dimbokro-bocanda/,4269|5|1571,window,window|cat|within_180|score_ok,3,category:4269
2025,25/10/2025,Cote d'Ivoire,Presidential,25332,post,24/10/2025,24/10/2025,-1,faux : le péage d’attingué en côte d’ivoire n’a pas été incendié par des manifestants,https://dubawa.org/faux-le-peage-dattingue-en-cote-divoire-na-pas-ete-incendie-par-des-manifestants/,4269|1571|16,window,window|cat|country_body|within_180|score_ok,5,category:4269; body:abidjan; body:ouattara
2025,25/10/2025,Cote d'Ivoire,Presidential,25321,post,24/10/2025,24/10/2025,-1,"non, le directeur général adjoint de la police scientifique ivoirienne n’a pas été assassiné",https://dubawa.org/non-le-directeur-general-adjoint-de-la-police-scientifique-ivoirienne-na-pas-ete-assassine/,4269|1571|16,window,window|cat|country_body|within_180|score_ok,8,category:4269; body:abidjan; body:ouattara; body:rhdp; body:gbagbo; body:tidjane thiam
2025,25/10/2025,Cote d'Ivoire,Presidential,25295,post,24/10/2025,24/10/2025,-1,des images sorties de leur contexte font croire à une révolution en côte d’ivoire,https://dubawa.org/des-images-sorties-de-leur-contexte-font-croire-a-une-revolution-en-cote-divoire/,4269|1571|16,window,window|cat|country_body|within_180|score_ok,5,category:4269; body:ouattara; body:cei
2025,25/10/2025,Cote d'Ivoire,Presidential,25277,post,24/10/2025,24/10/2025,-1,l’accès internet est-il interrompu en côte d’ivoire avant la présidentielle du 25 octobre ?,https://dubawa.org/lacces-internet-est-il-interrompu-en-cote-divoire-avant-la-presidentielle-du-25-octobre/,4269|1571|16,window,window|cat|country_body|within_180|score_ok,5,category:4269; body:abidjan; body:ouattara
2025,25/10/2025,Cote d'Ivoire,Presidential,25263,post,24/10/2025,24/10/2025,-1,"ce n’est pas la technologie qui fait la différence, mais la conscience et l’intention de celui qui la manie » selon le consultant ivoirien en inclusion numérique et en gouvernance de l information, cyriac gbogou",https://dubawa.org/ce-nest-pas-la-technologie-qui-fait-la-difference-mais-la-conscience-et-lintention-de-celui-qui-la-manie-selon-le-consultant-ivoirien-en-inclusion-numerique-et-en-gouvernance/,4269|1572,window,window|cat|country_body|body_kw|within_180|score_ok,5,category:4269; body:cei; election:élection
2025,25/10/2025,Cote d'Ivoire,Presidential,25187,post,21/10/2025,21/10/2025,-4,une vidéo de sensibilisation au vote détournée pour faire croire que certaines localités ont déjà voté en côte d’ivoire,https://dubawa.org/une-video-de-sensibilisation-au-vote-detournee-pour-faire-croire-que-certaines-localites-ont-deja-vote-en-cote-divoire/,4269|1571|16,window,window|cat|country_body|title_kw|within_180|score_ok,8,category:4269; body:abidjan; body:ouattara; body:gbagbo; body:cei; election:vote|élection|voter
2025,25/10/2025,Cote d'Ivoire,Presidential,25183,post,21/10/2025,22/10/2025,-4,la résidence de l’ambassadrice du liban en côte d’ivoire n’a pas été incendiée,https://dubawa.org/la-residence-de-lambassadrice-du-liban-en-cote-divoire-na-pas-ete-incendiee/,4269|1571|16,window,window|cat|country_body|body_kw|within_180|score_ok,6,category:4269; body:abidjan; body:ouattara; election:élection
2025,25/10/2025,Cote d'Ivoire,Presidential,25166,post,21/10/2025,21/10/2025,-4,fausse information sur un supposé incendie d’une résidence du chef d’état-major de l’armée de terre ivoirienne,https://dubawa.org/fausse-information-sur-un-suppose-incendie-dune-residence-du-chef-detat-major-de-larmee-de-terre-ivoirienne/,4269|1571,window,window|cat|country_body|within_180|score_ok,6,category:4269; body:abidjan; body:ouattara; body:gbagbo
2025,25/10/2025,Cote d'Ivoire,Presidential,25163,post,20/10/2025,20/10/2025,-5,chronologie de la campagne électorale ivoirienne pour la présidentielle 2025,https://dubawa.org/chronologie-de-la-campagne-electorale-ivoirienne-pour-la-presidentielle-2025/,16|4269|1572,window,window|cat|country_body|body_kw|within_180|score_ok,8,category:4269; body:abidjan; body:gbagbo; body:tidjane thiam; body:cei; election:élection|vote
2025,25/10/2025,Cote d'Ivoire,Presidential,25129,post,17/10/2025,21/10/2025,-8,comment les observateurs électoraux veillent sur le scrutin en côte d’ivoire?,https://dubawa.org/comment-les-observateurs-electoraux-veillent-sur-le-scrutin-en-cote-divoire/,4269|1572|16,window,window|cat|country_body|body_kw|within_180|score_ok,6,category:4269; body:abidjan; body:cei; election:élection|vote
2025,25/10/2025,Cote d'Ivoire,Presidential,25098,post,16/10/2025,21/10/2025,-9,élection ivoirienne : le rôle de la cei et du conseil constitutionnel,https://dubawa.org/election-ivoirienne-le-role-de-la-cei-et-du-conseil-constitutionnel/,4269|1572|16,window,window|cat|country_title|title_kw|within_180|score_ok,7,category:4269; body:gbagbo; title:cei; election:election|élection|vote
2025,25/10/2025,Cote d'Ivoire,Presidential,25086,post,16/10/2025,21/10/2025,-9,fonctionnement de la liste électorale ivoirienne : de l’inscription à la vérification,https://dubawa.org/fonctionnement-de-la-liste-electorale-ivoirienne-de-linscription-a-la-verification/,4269|1572|16,window,window|cat|country_body|body_kw|within_180|score_ok,5,category:4269; body:cei; election:vote|voter
2025,25/10/2025,Cote d'Ivoire,Presidential,25069,post,15/10/2025,15/10/2025,-10,présidentielle du 25 octobre en côte d ivoire : les candidats en lice,https://dubawa.org/presidentielle-du-25-octobre-en-cote-divoire-les-candidats-en-lice/,1572|4269|16,window,window|cat|country_body|body_kw|within_180|score_ok,9,category:4269; body:ouattara; body:rhdp; body:gbagbo; body:tidjane thiam; body:cei; election:élection|vote|candidate
2025,25/10/2025,Cote d'Ivoire,Presidential,25037,post,14/10/2025,14/10/2025,-11,présidentielle du 25 octobre 2025 en côte d’ivoire : les grandes étapes du processus,https://dubawa.org/presidentielle-du-25-octobre-2025-en-cote-divoire-les-grandes-etapes-du-processus/,4269|1572|16,window,window|cat|country_body|body_kw|within_180|score_ok,6,category:4269; body:abidjan; body:cei; election:élection|vote|voter
2025,25/10/2025,Cote d'Ivoire,Presidential,24975,post,13/10/2025,13/10/2025,-12,une ancienne vidéo du ministre ivoirien de l’enseignement supérieur manipulée pour accréditer un financement de “gros bras”,https://dubawa.org/une-ancienne-video-du-ministre-ivoirien-de-lenseignement-superieur-manipulee-pour-accrediter-un-financement-de-gros-bras/,4269|16,window,window|cat|country_body|body_kw|within_180|score_ok,6,category:4269; body:abidjan; body:rhdp; election:élection
2025,25/10/2025,Cote d'Ivoire,Presidential,24849,post,06/10/2025,11/10/2025,-19,désinformation autour d’un prétendu putsch en côte d’ivoire,https://dubawa.org/desinformation-autour-dun-pretendu-putsch-en-cote-divoire/,4269|1571|16,window,window|cat|country_body|body_kw|within_180|score_ok,6,category:4269; body:abidjan; body:ouattara; election:élection
2025,25/10/2025,Cote d'Ivoire,Presidential,22670,post,12/05/2025,12/05/2025,-166,700 soldats français auraient-ils été déployés à abidjan en mai 2025 pour sécuriser les élections ?,https://dubawa.org/700-soldats-francais-auraient-ils-ete-deployes-a-abidjan-en-mai-2025-pour-securiser-les-elections/,4269,category-only,category-only|cat|country_title|title_kw|within_180|score_ok,7,category:4269; title:abidjan; body:ouattara; election:election|élection
2025,23/11/2025,Guinée Bissau,Presidential (suspended - attempted coup),26480,post,08/12/2025,08/12/2025,15,la transition bissau-guinéenne durera-t-elle trois ans après le putsch de novembre 2025?,https://dubawa.org/la-transition-bissau-guineenne-durera-t-elle-trois-ans-apres-le-putsch-de-novembre-2025/,1571|4270,window,window|cat|country_title|body_kw|within_180|score_ok,8,category:4270; body:guinée-bissau; title:bissau; body:coup; election:élection|vote
2025,23/11/2025,Guinée Bissau,Presidential (suspended - attempted coup),26291,post,25/11/2025,25/11/2025,2,"non, aucun magistrat n’a été retiré des commissions régionales électorales bissau-guinéennes",https://dubawa.org/non-aucun-magistrat-na-ete-retire-des-commissions-regionales-electorales-bissau-guineennes/,1571|4270,window,window|cat|country_title|body_kw|within_180|score_ok,9,category:4270; body:guinée-bissau; title:bissau; body:embaló; body:coup; election:élection|vote
2025,23/11/2025,Guinée Bissau,Presidential (suspended - attempted coup),26242,post,24/11/2025,24/11/2025,1,"non, le vote anticipé en guinée-bissau ne se tient pas un jour avant le scrutin",https://dubawa.org/non-le-vote-anticipe-en-guinee-bissau-ne-se-tient-pas-un-jour-avant-le-scrutin/,4270|1571|16,window,window|cat|country_title|title_kw|within_180|score_ok,8,category:4270; title:guinée-bissau; title:bissau; election:vote|élection
2025,23/11/2025,Guinée Bissau,Presidential (suspended - attempted coup),26236,post,24/11/2025,24/11/2025,1,bissau : une source opaque place fernando dias da costa en tête avec près de 70% des suffrages,https://dubawa.org/bissau-une-source-opaque-place-fernando-dias-da-costa-en-tete-avec-pres-de-70-des-suffrages/,4270|1571,window,window|cat|country_title|body_kw|within_180|score_ok,8,category:4270; body:guinée-bissau; title:bissau; body:embaló; election:election|élection|vote
2025,23/11/2025,Guinée Bissau,Presidential (suspended - attempted coup),26230,post,24/11/2025,24/11/2025,1,comment sont proclamés les résultats électoraux en guinée-bissau ?,https://dubawa.org/comment-sont-proclames-les-resultats-electoraux-en-guinee-bissau/,4270|1572,window,window|cat|country_title|body_kw|within_180|score_ok,8,category:4270; title:guinée-bissau; title:bissau; election:élection|vote
2025,23/11/2025,Guinée Bissau,Presidential (suspended - attempted coup),26224,post,24/11/2025,24/11/2025,1,guinée-bissau : une infographie non fiable annonce la victoire d’umaro sissoco embaló,https://dubawa.org/guinee-bissau-une-infographie-non-fiable-annonce-la-victoire-dumaro-sissoco-embalo/,4270|1571,window,window|cat|country_title|body_kw|within_180|score_ok,12,category:4270; title:guinée-bissau; title:bissau; title:embaló; title:embalo; election:élection|vote
2025,23/11/2025,Guinée Bissau,Presidential (suspended - attempted coup),26216,post,23/11/2025,23/11/2025,0,"le soutien du paigc, vítor ‘’nado’’ mandinga, arrêté puis libéré environ trois heures plus tard, a pu voté",https://dubawa.org/le-soutien-du-paigc-vitor-nado-mandinga-arrete-puis-libere-environ-trois-heures-plus-tard-a-pu-vote/,1571|4270,window,window|cat|country_body|title_kw|within_180|score_ok,5,category:4270; body:bissau; election:vote|élection|voter
2025,23/11/2025,Guinée Bissau,Presidential (suspended - attempted coup),26211,post,23/11/2025,23/11/2025,0,sondages non sourcés : une page facebook crédite à la coalition du président sortant 90 à 100 députés,https://dubawa.org/sondages-non-sources-une-page-facebook-credite-a-la-coalition-du-president-sortant-90-a-100-deputes/,1571|4270,window,window|cat|country_body|within_180|score_ok,5,category:4270; body:guinée-bissau; body:bissau
2025,23/11/2025,Guinée Bissau,Presidential (suspended - attempted coup),26206,post,23/11/2025,23/11/2025,0,une image utilisée pour faire croire à l’implication d’un juge dans la campagne électorale,https://dubawa.org/une-image-utilisee-pour-faire-croire-a-limplication-dun-juge-dans-la-campagne-electorale/,4270|1571,window,window|cat|country_body|within_180|score_ok,6,category:4270; body:guinée-bissau; body:bissau; body:embaló
2025,23/11/2025,Guinée Bissau,Presidential (suspended - attempted coup),26202,post,23/11/2025,23/11/2025,0,"non, le président du sénégal n’a pas adressé des félicitations au président embaló de la guinée-bissau avant le vote du 23 novembre 2025",https://dubawa.org/non-le-president-du-senegal-na-pas-adresse-des-felicitations-au-president-embalo-de-la-guinee-bissau-avant-le-vote-du-23-novembre-2025/,4270|1571,window,window|cat|country_title|title_kw|within_180|score_ok,12,category:4270; title:guinée-bissau; title:bissau; title:embaló; title:embalo; election:vote|élection
2025,23/11/2025,Guinée Bissau,Presidential (suspended - attempted coup),26198,post,23/11/2025,23/11/2025,0,de faux procès-verbaux attribués au vote anticipé des militaires de bolama circulent sur facebook,https://dubawa.org/de-faux-proces-verbaux-attribues-au-vote-anticipe-des-militaires-de-bolama-circulent-sur-facebook/,1571|4270,window,window|cat|country_body|title_kw|within_180|score_ok,6,category:4270; body:bissau; body:embaló; election:vote|élection
2025,23/11/2025,Guinée Bissau,Presidential (suspended - attempted coup),26191,post,23/11/2025,23/11/2025,0,vote anticipé des militaires et policiers bissau-guinéens : la prétendue victoire de fernando dias est infondée,https://dubawa.org/vote-anticipe-des-militaires-et-policiers-bissau-guineens-la-pretendue-victoire-de-fernando-dias-est-infondee/,4270|1571|16,window,window|cat|country_title|title_kw|within_180|score_ok,8,category:4270; body:guinée-bissau; title:bissau; body:embaló; election:vote|élection
2025,23/11/2025,Guinée Bissau,Presidential (suspended - attempted coup),26166,post,22/11/2025,22/11/2025,-1,transport urbain : malinformation sur la gratuité du ticket en pleine campagne électorale en guinée-bissau,https://dubawa.org/transport-urbain-malinformation-sur-la-gratuite-du-ticket-en-pleine-campagne-electorale-en-guinee-bissau/,1571|4270|16,window,window|cat|country_title|body_kw|within_180|score_ok,10,category:4270; title:guinée-bissau; title:bissau; body:embaló; body:coup; election:élection|vote
2025,23/11/2025,Guinée Bissau,Presidential (suspended - attempted coup),26162,post,22/11/2025,22/11/2025,-1,guinée-bissau : comment la diversité ethnique redevient un enjeu sensible des élections couplées,https://dubawa.org/guinee-bissau-comment-la-diversite-ethnique-redevient-un-enjeu-sensible-des-elections-couplees/,4270|1572,window,window|cat|country_title|title_kw|within_180|score_ok,11,category:4270; title:guinée-bissau; title:bissau; body:embaló; title:coup; election:election|élection
2025,23/11/2025,Guinée Bissau,Presidential (suspended - attempted coup),26157,post,22/11/2025,22/11/2025,-1,guinée-bissau : une vidéo accuse le proviseur d’un lycée d’envoyer des élèves à un meeting politique,https://dubawa.org/guinee-bissau-une-video-accuse-le-proviseur-dun-lycee-denvoyer-des-eleves-a-un-meeting-politique/,4270|1571|16,window,window|cat|country_title|within_180|score_ok,7,category:4270; title:guinée-bissau; title:bissau
2025,23/11/2025,Guinée Bissau,Presidential (suspended - attempted coup),26154,post,22/11/2025,22/11/2025,-1,élections couplées en guinée-bissau : la désinformation mine la campagne électorale,https://dubawa.org/elections-couplees-en-guinee-bissau-la-desinformation-mine-la-campagne-electorale/,1572|4270,window,window|cat|country_title|title_kw|within_180|score_ok,10,category:4270; title:guinée-bissau; title:bissau; title:coup; election:election|élection|vote
2025,23/11/2025,Guinée Bissau,Presidential (suspended - attempted coup),26149,post,22/11/2025,22/11/2025,-1,bissau: l’assassinat de nino vieira et de tagme na waié ressurgit et nourrit des propos hostiles,https://dubawa.org/bissau-lassassinat-de-nino-vieira-et-de-tagme-na-waie-ressurgit-et-nourrit-des-propos-hostiles/,1571|4270|16,window,window|cat|country_title|body_kw|within_180|score_ok,8,category:4270; body:guinée-bissau; title:bissau; body:embaló; election:élection
2025,23/11/2025,Guinée Bissau,Presidential (suspended - attempted coup),26139,post,21/11/2025,21/11/2025,-2,fact-checking en période électorale : des journalistes des différentes régions de la guinée-bissau bénéficient d’une formation de wanep et du cjid,https://dubawa.org/fact-checking-en-periode-electorale-des-journalistes-des-differentes-regions-de-la-guinee-bissau-beneficient-dune-formation-de-wanep-et-du-cjid/,4270|1571,window,window|cat|country_title|body_kw|within_180|score_ok,8,category:4270; title:guinée-bissau; title:bissau; election:élection
2025,23/11/2025,Guinée Bissau,Presidential (suspended - attempted coup),26090,post,21/11/2025,21/11/2025,-2,"intrusion au domicile d’un responsable du paigc, parti politique historique bissau-guinéen",https://dubawa.org/intrusion-au-domicile-dun-responsable-du-paigc-parti-politique-historique-bissau-guineen/,4270|1571|16,window,window|cat|country_title|within_180|score_ok,5,category:4270; title:bissau
2025,23/11/2025,Guinée Bissau,Presidential (suspended - attempted coup),26051,post,19/11/2025,19/11/2025,-4,élections en guinée-bissau : un faux sondage crédite 69% d’intention de vote à fernando dias da costa,https://dubawa.org/elections-en-guinee-bissau-un-faux-sondage-credite-69-dintention-de-vote-a-fernando-dias-da-costa/,1571|4270|16,window,window|cat|country_title|title_kw|within_180|score_ok,9,category:4270; title:guinée-bissau; title:bissau; body:embaló; election:election|élection|vote
2025,23/11/2025,Guinée Bissau,Presidential (suspended - attempted coup),26029,post,18/11/2025,18/11/2025,-5,"organisation des élections en guinée-bissau : rôles, structures et responsabilités",https://dubawa.org/organisation-des-elections-en-guinee-bissau-roles-structures-et-responsabilites/,1572|4270,window,window|cat|country_title|title_kw|within_180|score_ok,8,category:4270; title:guinée-bissau; title:bissau; election:election|élection
2025,23/11/2025,Guinée Bissau,Presidential (suspended - attempted coup),26024,post,18/11/2025,18/11/2025,-5,"non, joão bernardo vieira n’a pas promis 65 000 fcfa par mois (environ 99 euros) à tous les bissau-guinéens",https://dubawa.org/non-joao-bernardo-vieira-na-pas-promis-65-000-fcfa-par-mois-environ-99-euros-a-tous-les-bissau-guineens/,1571|4270|16,window,window|cat|country_title|body_kw|within_180|score_ok,8,category:4270; title:bissau; body:embaló; body:coup; election:élection|vote|voter
2025,23/11/2025,Guinée Bissau,Presidential (suspended - attempted coup),25994,post,17/11/2025,17/11/2025,-6,"non, la guinée-bissau ne compte pas 860 000 électeurs inscrits",https://dubawa.org/non-la-guinee-bissau-ne-compte-pas-860-000-electeurs-inscrits/,4270,window,window|cat|country_title|body_kw|within_180|score_ok,9,category:4270; title:guinée-bissau; title:bissau; body:coup; election:élection|vote|voter
2025,23/11/2025,Guinée Bissau,Presidential (suspended - attempted coup),25869,post,11/11/2025,11/11/2025,-12,une présentation trompeuse de la guinée-bissau relayée sur tiktok,https://dubawa.org/une-presentation-trompeuse-de-la-guinee-bissau-relayee-sur-tiktok/,1571|4270,window,window|cat|country_title|within_180|score_ok,7,category:4270; title:guinée-bissau; title:bissau
2025,23/11/2025,Guinée Bissau,Presidential (suspended - attempted coup),25587,post,02/11/2025,02/11/2025,-21,démarrage de la campagne électorale en guinée bissau au lendemain d’une tentative de subversion,https://dubawa.org/demarrage-de-la-campagne-electorale-en-guinee-bissau-au-lendemain-dune-tentative-de-subversion/,4270|1572,window,window|cat|country_title|within_180|score_ok,9,category:4270; title:guinée bissau; title:bissau; body:embaló; body:coup
2025,23/11/2025,Guinée Bissau,Presidential (suspended - attempted coup),25547,post,31/10/2025,31/10/2025,-23,l’armée bissau-guinéenne annonce avoir déjoué une tentative de subversion à la veille de la campagne électorale,https://dubawa.org/larmee-bissau-guineenne-annonce-avoir-dejoue-une-tentative-de-subversion-a-la-veille-de-la-campagne-electorale/,4270|1572,window,window|cat|country_title|body_kw|within_180|score_ok,6,category:4270; title:bissau; election:élection
2025,23/11/2025,Guinée Bissau,Presidential (suspended - attempted coup),25535,post,31/10/2025,31/10/2025,-23,"guinée-bissau : des élections 2025 sans le paigc, une grande première",https://dubawa.org/guinee-bissau-des-elections-2025-sans-le-paigc-une-grande-premiere/,1572|4270,window,window|cat|country_title|title_kw|within_180|score_ok,11,category:4270; body:guinée bissau; title:guinée-bissau; title:bissau; body:embaló; body:coup; election:election|élection
2025,23/11/2025,Guinée Bissau,Presidential (suspended - attempted coup),23613,post,17/07/2025,17/07/2025,-129,élections du 23 novembre en guinée bissau : comprendre le système électoral,https://dubawa.org/elections-du-23-novembre-en-guinee-bissau-comprendre-le-systeme-electoral/,4270,category-only,category-only|cat|country_title|title_kw|within_180|score_ok,10,category:4270; title:guinée bissau; body:guinée-bissau; title:bissau; body:coup; election:election|élection
2025,23/11/2025,Guinée Bissau,Presidential (suspended - attempted coup),23538,post,10/07/2025,10/07/2025,-136,présidentielle et législatives en guinée-bissau : clarification sur la date du scrutin,https://dubawa.org/presidentielle-et-legislatives-en-guinee-bissau-clarification-sur-la-date-du-scrutin/,4270,category-only,category-only|cat|country_title|title_kw|within_180|score_ok,10,category:4270; title:guinée-bissau; title:bissau; body:embaló; body:coup; election:legislative|élection|vote
2025,27/12/2025,Cote d'Ivoire,Parliamentary,27126,post,07/01/2026,07/01/2026,11,2025: four ridiculous claims on coups in west africa,https://dubawa.org/2025-four-ridiculous-claims-on-coups-in-west-africa/,1572|3812|3815,window,window|country_body|body_kw|within_180|score_ok,5,body:ivory coast; body:ouattara; body:gbagbo; body:cei; election:election
2025,27/12/2025,Cote d'Ivoire,Parliamentary,27088,post,06/01/2026,06/01/2026,10,da’awa hudu masu sarkakiya game da juyin  mulki a afurka ta yamma a 2025,https://dubawa.org/daawa-hudu-masu-sarkakiya-game-da-juyin-mulki-a-afurka-ta-yamma-a-2025/,3137|2451,window,window|country_body|within_180|score_ok,3,body:ivory coast; body:ouattara; body:gbagbo
2025,27/12/2025,Cote d'Ivoire,Parliamentary,27009,post,03/01/2026,01/01/2026,7,four ridiculous claims on coups across west africa verified in 2025,https://dubawa.org/4-ridiculous-claims-on-coups-across-west-africa-verified-in-2025/,1572|1571|3812|3815|123,window,window|country_body|body_kw|within_180|score_ok,5,body:ivory coast; body:ouattara; body:gbagbo; body:cei; election:election
2025,27/12/2025,Cote d'Ivoire,Parliamentary,26996,post,31/12/2025,31/12/2025,4,old footage from côte d ivoire represented as trump s intervention in nigeria,https://dubawa.org/old-footage-from-cote-divoire-represented-as-trumps-intervention-in-nigeria/,437|3812|3815|16,window,window|country_body|body_kw|within_180|score_ok,4,body:ivory coast; body:ouattara; body:gbagbo; election:election
2025,27/12/2025,Cote d'Ivoire,Parliamentary,26978,post,30/12/2025,30/12/2025,3,10 misleading videos recirculated in 2025,https://dubawa.org/10-misleading-videos-recirculated-in-2025/,1572|1571|3812|3815|123,window,window|country_body|body_kw|within_180|score_ok,3,body:abidjan; body:cei; election:election|poll|presidential
2025,27/12/2025,Cote d'Ivoire,Parliamentary,26921,post,28/12/2025,28/12/2025,1,des fausses images utilisées pour faire croire à un coup d’état en côte d’ivoire,https://dubawa.org/des-fausses-images-utilisees-pour-faire-croire-a-un-coup-detat-en-cote-divoire/,4269|1571,window,window|cat|country_body|within_180|score_ok,4,category:4269; body:ouattara
2025,27/12/2025,Cote d'Ivoire,Parliamentary,26901,post,28/12/2025,28/12/2025,1,une vidéo trompeuse accuse la cei de fraude électorale,https://dubawa.org/une-video-trompeuse-accuse-la-cei-de-fraude-electorale/,4269|1571,window,window|cat|country_title|body_kw|within_180|score_ok,7,category:4269; body:rhdp; title:cei; election:élection|vote
2025,27/12/2025,Cote d'Ivoire,Parliamentary,26880,post,27/12/2025,27/12/2025,0,législatives à marcory : un candidat affirme que des citoyens utilisent des cartes d’électeurs appartenant à d’autres,https://dubawa.org/legislatives-a-marcory-un-candidat-affirme-que-des-citoyens-utilisent-des-cartes-delecteurs-appartenant-a-dautres/,4269|1571,window,window|cat|country_body|title_kw|within_180|score_ok,5,category:4269; body:cei; election:legislative|élection|vote
2025,27/12/2025,Cote d'Ivoire,Parliamentary,26850,post,27/12/2025,27/12/2025,0,"une fausse déclaration attribuée au ministre ivoirien de la défense, téné birahima ouattara",https://dubawa.org/une-fausse-declaration-attribuee-au-ministre-ivoirien-de-la-defense-tene-birahima-ouattara/,4269|1571,window,window|cat|country_title|body_kw|within_180|score_ok,6,category:4269; title:ouattara; election:élection
2025,27/12/2025,Cote d'Ivoire,Parliamentary,26846,post,27/12/2025,27/12/2025,0,"affirmation sur des bulletins vierges à yopougon : aucune preuve existante, la cei dément",https://dubawa.org/affirmation-sur-des-bulletins-vierges-a-yopougon-aucune-preuve-existante-la-cei-dement/,4269|1571,window,window|cat|country_title|body_kw|within_180|score_ok,9,category:4269; body:abidjan; body:rhdp; body:gbagbo; title:cei; election:élection|vote
2025,27/12/2025,Cote d'Ivoire,Parliamentary,26829,post,27/12/2025,27/12/2025,0,combien de députés compte l’assemblée nationale de côte d’ivoire et comment sont répartis les sièges ?,https://dubawa.org/combien-de-deputes-compte-lassemblee-nationale-de-cote-divoire-et-comment-sont-repartis-les-sieges/,4269|1572,window,window|cat|country_body|body_kw|within_180|score_ok,5,category:4269; body:cei; election:élection|vote|voter
2025,27/12/2025,Cote d'Ivoire,Parliamentary,26825,post,27/12/2025,27/12/2025,0,une vidéo détournée de son contexte pour faire croire à la victoire de simone gbagbo à la présidentielle 2025 en côte d’ivoire,https://dubawa.org/une-video-detournee-de-son-contexte-pour-faire-croire-a-la-victoire-de-simone-gbagbo-a-la-presidentielle-2025-en-cote-divoire/,4269|1571,window,window|cat|country_title|body_kw|within_180|score_ok,7,category:4269; body:ouattara; title:gbagbo; election:élection|candidate
2025,27/12/2025,Cote d'Ivoire,Parliamentary,26822,post,27/12/2025,27/12/2025,0,comment est élu un député en côte d’ivoire ?,https://dubawa.org/comment-est-elu-un-depute-en-cote-divoire/,4269|1572,window,window|cat|country_body|body_kw|within_180|score_ok,5,category:4269; body:cei; election:élection|vote|voter
2025,27/12/2025,Cote d'Ivoire,Parliamentary,26818,post,27/12/2025,27/12/2025,0,une vidéo générée par l’intelligence artificielle tente de faire croire à un coup d’état en côte d’ivoire,https://dubawa.org/une-video-generee-par-lintelligence-artificielle-tente-de-faire-croire-a-un-coup-detat-en-cote-divoire/,4269|1571,window,window|cat|country_body|body_kw|within_180|score_ok,5,category:4269; body:ouattara; election:élection
2025,27/12/2025,Cote d'Ivoire,Parliamentary,26814,post,27/12/2025,27/12/2025,0,législatives 2025 ivoiriennes : des propos du président de la commission électorale indépendante modifiés,https://dubawa.org/legislatives-2025-ivoiriennes-des-propos-du-president-de-la-commission-electorale-independante-modifies/,4269|1571,window,window|cat|country_body|title_kw|within_180|score_ok,7,category:4269; body:abidjan; body:ouattara; body:cei; election:legislative|élection|vote
2025,27/12/2025,Cote d'Ivoire,Parliamentary,26789,post,26/12/2025,26/12/2025,-1,la cedeao n’a pas annulé le scrutin législatif du 27 décembre en côte d’ivoire,https://dubawa.org/la-cedeao-na-pas-annule-le-scrutin-legislatif-du-27-decembre-en-cote-divoire/,4269|1571,window,window|cat|country_body|body_kw|within_180|score_ok,6,category:4269; body:ouattara; body:gbagbo; election:élection
2025,27/12/2025,Cote d'Ivoire,Parliamentary,26750,post,25/12/2025,25/12/2025,-2,"l’élection des députés en côte d’ivoire, un pilier de la démocratie",https://dubawa.org/lelection-des-deputes-en-cote-divoire-un-pilier-de-la-democratie/,4269|1572,window,window|cat|title_kw|within_180|score_ok,4,category:4269; election:election|élection|vote
2025,27/12/2025,Cote d'Ivoire,Parliamentary,26747,post,25/12/2025,25/12/2025,-2,élections législatives en côte d’ivoire : un processus juridique et institutionnel en plusieurs étapes,https://dubawa.org/elections-legislatives-en-cote-divoire-un-processus-juridique-et-institutionnel-en-plusieurs-etapes/,4269|1572,window,window|cat|country_body|title_kw|within_180|score_ok,5,category:4269; body:cei; election:election|élection|legislative
2025,27/12/2025,Cote d'Ivoire,Parliamentary,26619,post,18/12/2025,18/12/2025,-9,"tentative de coup d’état au bénin du 7 décembre 2025, un faux communiqué attribué au gouvernement ivoirien",https://dubawa.org/tentative-de-coup-detat-au-benin-du-7-decembre-2025-un-faux-communique-attribue-au-gouvernement-ivoirien/,4269,window,window|cat|country_body|within_180|score_ok,4,category:4269; body:abidjan
2025,27/12/2025,Cote d'Ivoire,Parliamentary,26551,post,15/12/2025,15/12/2025,-12,des images de la tanzanie utilisée pour faire croire à une manifestation à abidjan,https://dubawa.org/des-images-de-la-tanzanie-utilisee-pour-faire-croire-a-une-manifestation-a-abidjan/,4269|1571,window,window|cat|country_title|body_kw|within_180|score_ok,8,category:4269; title:abidjan; body:ouattara; body:gbagbo; election:élection
2025,28/12/2025,Guinea,Presidential,27409,post,21/01/2026,21/01/2026,24,la prestation de serment de mamadi doumbouya modifiée par l’intelligence artificielle,https://dubawa.org/la-prestation-de-serment-de-mamadi-doumbouya-modifiee-par-lintelligence-artificielle/,4482|1571,window,window|cat|country_title|body_kw|within_180|score_ok,7,category:4482; body:guinée; title:doumbouya; election:élection
2025,28/12/2025,Guinea,Presidential,27322,post,16/01/2026,16/01/2026,19,"non, alpha condé et cellou dalein diallo n ont pas félicité l’actuel président de la république de guinée",https://dubawa.org/non-alpha-conde-et-cellou-dalein-diallo-nont-pas-felicite-lactuel-president-de-la-republique-de-guinee/,4482|1571,window,window|cat|country_title|body_kw|within_180|score_ok,9,category:4482; title:guinée; body:doumbouya; title:cellou dalein; election:élection|vote
2025,28/12/2025,Guinea,Presidential,27055,post,02/01/2026,02/01/2026,5,plusieurs vidéos sorties de leurs contextes pour faire croire à des manifestations lors de la présidentielle en guinée,https://dubawa.org/plusieurs-videos-sorties-de-leurs-contextes-pour-faire-croire-a-des-manifestations-lors-de-la-presidentielle-en-guinee/,4482|1571,window,window|cat|country_title|body_kw|within_180|score_ok,8,category:4482; title:guinée; body:conakry; body:doumbouya; election:élection|vote
2025,28/12/2025,Guinea,Presidential,27043,post,02/01/2026,02/01/2026,5,"de faux chiffres créditent le candidat à la présidentielle guinéenne, abdoulaye yéro baldé, de 53% des voix",https://dubawa.org/de-faux-chiffres-creditent-le-candidat-a-la-presidentielle-guineenne-abdoulaye-yero-balde-de-53-des-voix/,4482|1571,window,window|cat|country_title|body_kw|within_180|score_ok,7,category:4482; title:guinée; body:doumbouya; election:élection|vote
2025,28/12/2025,Guinea,Presidential,27037,post,02/01/2026,02/01/2026,5,présidentielle en guinée : le bulletin de vote n’a pas été conçu pour favoriser mamadi doumbouya,https://dubawa.org/presidentielle-en-guinee-le-bulletin-de-vote-na-pas-ete-concu-pour-favoriser-mamadi-doumbouya/,4482|1571,window,window|cat|country_title|title_kw|within_180|score_ok,8,category:4482; title:guinée; title:doumbouya; election:vote|élection|voter
2025,28/12/2025,Guinea,Presidential,26969,post,29/12/2025,29/12/2025,1,des agents de bureaux de vote ont-ils manifesté dans la commune de matoto en guinée?,https://dubawa.org/des-agents-de-bureaux-de-vote-ont-ils-manifeste-dans-la-commune-de-matoto-en-guinee/,4482|1571,window,window|cat|country_title|title_kw|within_180|score_ok,7,category:4482; title:guinée; body:conakry; election:vote|élection
2025,28/12/2025,Guinea,Presidential,26963,post,29/12/2025,29/12/2025,1,"non, cette vidéo d une altercation dans un bureau de vote n’est pas filmée en guinée",https://dubawa.org/non-cette-video-dune-altercation-dans-un-bureau-de-vote-nest-pas-filmee-en-guinee/,4482|1571,window,window|cat|country_title|title_kw|within_180|score_ok,7,category:4482; title:guinée; body:ceni; election:vote|élection
2025,28/12/2025,Guinea,Presidential,26957,post,29/12/2025,29/12/2025,1,"guinée : attention, le contenu de cette vidéo d’une présentatrice critiquant la transition est un deepfake",https://dubawa.org/guinee-attention-le-contenu-de-cette-video-dune-presentatrice-critiquant-la-transition-est-un-deepfake/,4482|1571,window,window|cat|country_title|within_180|score_ok,6,category:4482; title:guinée; body:conakry
2025,28/12/2025,Guinea,Presidential,26949,post,29/12/2025,29/12/2025,1,guinée : une image générée par intelligence artificielle présentée comme un bourrage d’urnes par des militaires le jour du vote,https://dubawa.org/guinee-une-image-generee-par-intelligence-artificielle-presentee-comme-un-bourrage-durnes-par-des-militaires-le-jour-du-vote/,4482|1571,window,window|cat|country_title|title_kw|within_180|score_ok,6,category:4482; title:guinée; election:vote|élection
2025,28/12/2025,Guinea,Presidential,26927,post,28/12/2025,28/12/2025,0,une vidéo sortie de son contexte présentée comme une manifestation dans un quartier de conakry le jour du scrutin,https://dubawa.org/une-video-sortie-de-son-contexte-presentee-comme-une-manifestation-dans-un-quartier-de-conakry-le-jour-du-scrutin/,4482|1571,window,window|cat|country_title|body_kw|within_180|score_ok,7,category:4482; body:guinée; title:conakry; election:élection|vote
2025,28/12/2025,Guinea,Presidential,26913,post,28/12/2025,28/12/2025,0,"aucune preuve concernant une démission du président ivoirien, alassane ouattara",https://dubawa.org/aucune-preuve-concernant-une-demission-du-president-ivoirien-alassane-ouattara/,4269|1571,window,window|country_body|body_kw|within_180|score_ok,3,body:guinée; body:doumbouya; election:élection
2025,28/12/2025,Guinea,Presidential,26906,post,28/12/2025,28/12/2025,0,guinée : aucune preuve d’un déploiement des forces spéciales pour sécuriser l’après-scrutin présidentiel,https://dubawa.org/guinee-aucune-preuve-dun-deploiement-des-forces-speciales-pour-securiser-lapres-scrutin-presidentiel/,4482|1571,window,window|cat|country_title|body_kw|within_180|score_ok,8,category:4482; title:guinée; body:conakry; body:doumbouya; election:élection|vote
2025,28/12/2025,Guinea,Presidential,26896,post,28/12/2025,28/12/2025,0,une vidéo manipulée jette le discrédit sur les mouvements de soutien au président de transition de la guinée,https://dubawa.org/une-video-manipulee-jette-le-discredit-sur-les-mouvements-de-soutien-au-president-de-transition-de-la-guinee/,4482|1571,window,window|cat|country_title|body_kw|within_180|score_ok,7,category:4482; title:guinée; body:doumbouya; election:élection
2025,28/12/2025,Guinea,Presidential,26890,post,28/12/2025,28/12/2025,0,des tirs dans la banlieue de conakry provoquent une désinformation sur un coup d’etat,https://dubawa.org/des-tirs-dans-la-banlieue-de-conakry-provoquent-une-desinformation-sur-un-coup-detat/,4482|1571,window,window|cat|country_title|body_kw|within_180|score_ok,7,category:4482; body:guinée; title:conakry; election:élection|vote
2025,28/12/2025,Guinea,Presidential,26885,post,28/12/2025,28/12/2025,0,en guinée : un soutien du président de transition présenté comme un manipulateur visant sa destitution,https://dubawa.org/en-guinee-un-soutien-du-president-de-transition-presente-comme-un-manipulateur-visant-sa-destitution/,4482|1571,window,window|cat|country_title|body_kw|within_180|score_ok,7,category:4482; title:guinée; body:doumbouya; election:élection
2025,28/12/2025,Guinea,Presidential,26859,post,27/12/2025,27/12/2025,-1,guinée : une vidéo de gn224 montrant une manifestation pour les leaders du fndc est fausse,https://dubawa.org/guinee-une-video-de-gn224-montrant-une-manifestation-pour-les-leaders-du-fndc-est-fausse/,4482|1571,window,window|cat|country_title|body_kw|within_180|score_ok,7,category:4482; title:guinée; body:doumbouya; election:élection
2025,28/12/2025,Guinea,Presidential,26840,post,27/12/2025,27/12/2025,-1,aucun électeur n’a voté en haute-guinée 2 jours avant la date initiale de la présidentielle,https://dubawa.org/aucun-electeur-na-vote-en-haute-guinee-2-jours-avant-la-date-initiale-de-la-presidentielle/,4482|1571,window,window|cat|country_title|title_kw|within_180|score_ok,7,category:4482; title:guinée; body:doumbouya; election:vote|élection
2025,28/12/2025,Guinea,Presidential,26835,post,27/12/2025,27/12/2025,-1,guinée : un discours autocritique faussement attribué au général mamadi doumbouya,https://dubawa.org/guinee-un-discours-autocritique-faussement-attribue-au-general-mamadi-doumbouya/,4482|1571,window,window|cat|country_title|body_kw|within_180|score_ok,10,category:4482; title:guinée; title:doumbouya; body:référendum; body:cellou dalein; election:élection
2025,28/12/2025,Guinea,Presidential,26794,post,26/12/2025,26/12/2025,-2,"présidentielle du 28 décembre 2025, neuf candidats pour clore quatre ans de transition en guinée",https://dubawa.org/presidentielle-du-28-decembre-2025-neuf-candidats-pour-clore-quatre-ans-de-transition-en-guinee/,4482|5,window,window|cat|country_title|body_kw|within_180|score_ok,12,category:4482; body:guinea; title:guinée; body:conakry; body:doumbouya; body:ceni; body:référendum; body:cellou dalein; election:élection|vote|candidate
2025,28/12/2025,Guinea,Presidential,26744,post,25/12/2025,25/12/2025,-3,guinée : manipulation de l’opinion publique sur les réalisations routières du président de transition,https://dubawa.org/guinee-manipulation-de-lopinion-publique-sur-les-realisations-routieres-du-president-de-transition/,4482|4,window,window|cat|country_title|body_kw|within_180|score_ok,7,category:4482; title:guinée; body:doumbouya; election:élection|vote|voter
2025,28/12/2025,Guinea,Presidential,26739,post,25/12/2025,25/12/2025,-3,présidentielle 2025 en guinée : l’ufr de sidya touré a-t-elle vraiment levé son mot d’ordre de boycott ?,https://dubawa.org/presidentielle-2025-en-guinee-lufr-de-sidya-toure-a-t-elle-vraiment-leve-son-mot-dordre-de-boycott/,4482|1571,window,window|cat|country_title|body_kw|within_180|score_ok,7,category:4482; title:guinée; body:cellou dalein; election:élection|vote|voter
2025,28/12/2025,Guinea,Presidential,26730,post,24/12/2025,24/12/2025,-4,sénégal : une publication accuse un chauffeur de l’ambassade de guinée d’avoir fabriqué de fausses cartes consulaires,https://dubawa.org/senegal-une-publication-accuse-un-chauffeur-de-lambassade-de-guinee-davoir-fabrique-de-fausses-cartes-consulaires/,4044|1571,window,window|country_title|body_kw|within_180|score_ok,3,title:guinée; election:élection
2025,28/12/2025,Guinea,Presidential,26722,post,24/12/2025,24/12/2025,-4,"guinée : le président de transition, mamadi doumbouya, apprendrait-il à lire?",https://dubawa.org/guinee-le-president-de-transition-mamadi-doumbouya-apprendrait-il-a-lire/,4482,window,window|cat|country_title|body_kw|within_180|score_ok,10,category:4482; title:guinée; body:conakry; title:doumbouya; body:référendum; election:élection
2025,28/12/2025,Guinea,Presidential,26675,post,22/12/2025,22/12/2025,-6,aucun nouveau coup d état n a eu lieu en guinée en décembre 2025,https://dubawa.org/aucun-nouveau-coup-detat-na-eu-lieu-en-guinee-en-decembre-2025/,4482,window,window|cat|country_title|body_kw|within_180|score_ok,9,category:4482; title:guinée; body:doumbouya; body:référendum; body:cellou dalein; election:élection|vote
2025,28/12/2025,Guinea,Presidential,26671,post,22/12/2025,22/12/2025,-6,"guinée : non, 80 % de la population guinéenne ne parle pas le soussou",https://dubawa.org/guinee-non-80-de-la-population-guineenne-ne-parle-pas-le-soussou/,4482,window,window|cat|country_title|within_180|score_ok,5,category:4482; title:guinée
2025,28/12/2025,Guinea,Presidential,26613,post,17/12/2025,17/12/2025,-11,"l’opposant politique guinéen, cellou dalein diallo, a-t-il avoué une malversation à air guinée?",https://dubawa.org/lopposant-politique-guineen-cellou-dalein-diallo-a-t-il-avoue-une-malversation-a-air-guinee/,4482|1571,window,window|cat|country_title|body_kw|within_180|score_ok,10,category:4482; title:guinée; body:doumbouya; body:référendum; title:cellou dalein; election:élection
2025,28/12/2025,Guinea,Presidential,26595,post,15/12/2025,15/12/2025,-13,"l’ex président de la guinée, alpha condé, aurait-il soutenu un candidat à la présidentielle du 28 décembre 2025?",https://dubawa.org/lex-president-de-la-guinee-alpha-conde-aurait-il-soutenu-un-candidat-a-la-presidentielle-du-28-decembre-2025/,4482|1571,window,window|cat|country_title|body_kw|within_180|score_ok,8,category:4482; title:guinée; body:conakry; body:doumbouya; election:élection
2025,28/12/2025,Guinea,Presidential,26485,post,08/12/2025,08/12/2025,-20,"non, le président de transition de la guinée n a pas déclaré : « ceux qui ne croyaient pas en moi, vous avez compris je ne suis pas homme de parole »",https://dubawa.org/non-le-president-de-transition-de-la-guinee-na-pas-declare-ceux-qui-ne-croyaient-pas-en-moi-vous-avez-compris-je-ne-suis-pas-homme-de-parole/,4482|1571,window,window|cat|country_title|body_kw|within_180|score_ok,8,category:4482; title:guinée; body:doumbouya; body:référendum; election:élection
2025,28/12/2025,Guinea,Presidential,26306,post,25/11/2025,25/11/2025,-33,"non, l’homme politique guinéen alpha condé 2, n’est pas victime d’un ténia et ne souffre pas d’hémorroïdes aiguës",https://dubawa.org/non-lhomme-politique-guineen-alpha-conde-2-nest-pas-victime-dun-tenia-et-ne-souffre-pas-dhemorroides-aigues/,4482|1571,window,window|cat|country_title|body_kw|within_180|score_ok,8,category:4482; title:guinée; body:doumbouya; body:référendum; election:élection
2025,28/12/2025,Guinea,Presidential,26296,post,25/11/2025,25/11/2025,-33,la mère du nouveau maire de new york  zohran mamdani est-elle peule et originaire de la guinée ?,https://dubawa.org/la-mere-du-nouveau-maire-de-new-york-zohran-mamdani-est-elle-peule-et-originaire-de-la-guinee/,4482,window,window|cat|country_title|body_kw|within_180|score_ok,6,category:4482; title:guinée; election:élection
2025,28/12/2025,Guinea,Presidential,25865,post,11/11/2025,11/11/2025,-47,"désinformation, ia et élections en afrique : entretien avec peter cunliffe-jones",https://dubawa.org/desinformation-ia-et-elections-en-afrique-entretien-avec-peter-cunliffe-jones/,4482|1572,category-only,category-only|cat|title_kw|within_180|score_ok,4,category:4482; election:election|élection|vote
2026,11/01/2026,Benin,Parliamentary,27288,post,14/01/2026,14/01/2026,3,"elections au bénin : non, ce n’est pas la cour suprême qui donne les résultats définitifs pour les communales",https://dubawa.org/elections-au-benin-non-ce-nest-pas-la-cour-supreme-qui-donne-les-resultats-definitifs-pour-les-communales/,4519|1571,window,window|cat|country_title|title_kw|within_180|score_ok,8,category:4519; title:benin; title:bénin; election:election|élection
2026,11/01/2026,Benin,Parliamentary,27249,post,12/01/2026,12/01/2026,1,la supposée victoire nationale de ld aux élections législatives au bénin ne repose sur aucune donnée officielle,https://dubawa.org/la-supposee-victoire-nationale-de-ld-aux-elections-legislatives-au-benin-ne-repose-sur-aucune-donnee-officielle/,4519|1571,window,window|cat|country_title|title_kw|within_180|score_ok,8,category:4519; title:benin; title:bénin; election:election|élection|legislative
2026,11/01/2026,Benin,Parliamentary,27244,post,12/01/2026,12/01/2026,1,de prétendus “résultats généraux” des législatives et municipales du bénin diffusés sur facebook,https://dubawa.org/de-pretendus-resultats-generaux-des-legislatives-et-municipales-du-benin-diffuses-sur-facebook/,4519|1571,window,window|cat|country_title|title_kw|within_180|score_ok,8,category:4519; title:benin; title:bénin; election:legislative|élection|vote
2026,11/01/2026,Benin,Parliamentary,27240,post,12/01/2026,12/01/2026,1,elections communales 2026 au bénin : aucune preuve que l’upr a remporté  2 sièges à ouèdo,https://dubawa.org/elections-communales-2026-au-benin-aucune-preuve-que-lupr-a-remporte-2-sieges-a-ouedo/,4519|1571,window,window|cat|country_title|title_kw|within_180|score_ok,8,category:4519; title:benin; title:bénin; election:election|élection|vote
2026,11/01/2026,Benin,Parliamentary,27228,post,12/01/2026,12/01/2026,1,déroulement du vote des législatives et municipales du 11 janvier 2026 au bénin,https://dubawa.org/deroulement-du-vote-des-legislatives-et-municipales-du-11-janvier-2026-au-benin/,4519|1572,window,window|cat|country_title|title_kw|within_180|score_ok,10,category:4519; title:benin; title:bénin; body:cotonou; body:talon; election:vote|legislative|élection
2026,11/01/2026,Benin,Parliamentary,27216,post,11/01/2026,11/01/2026,0,bénin : des retards d’ouverture de postes de vote signalés lors des législatives et municipales,https://dubawa.org/benin-des-retards-douverture-de-postes-de-vote-signales-lors-des-legislatives-et-municipales/,4519|1571,window,window|cat|country_title|title_kw|within_180|score_ok,9,category:4519; title:benin; title:bénin; body:cotonou; election:vote|legislative|élection
2026,11/01/2026,Benin,Parliamentary,27209,post,11/01/2026,11/01/2026,0,bénin : un faux taux de participation mis en exergue dans le commentaire d’un internaute,https://dubawa.org/benin-un-faux-taux-de-participation-mis-en-exergue-dans-le-commentaire-dun-internaute/,4519|1571,window,window|cat|country_title|body_kw|within_180|score_ok,8,category:4519; title:benin; title:bénin; election:élection|vote
2026,11/01/2026,Benin,Parliamentary,27195,post,11/01/2026,11/01/2026,0,bénin : les frontières terrestres restent ouvertes le jour de vote suite à la modification de la décision du gouvernement,https://dubawa.org/benin-les-frontieres-terrestres-restent-ouvertes-le-jour-de-vote-suite-a-la-modification-de-la-decision-du-gouvernement/,4519|1571,window,window|cat|country_title|title_kw|within_180|score_ok,8,category:4519; title:benin; title:bénin; election:vote|élection|voter
2026,11/01/2026,Benin,Parliamentary,27190,post,10/01/2026,10/01/2026,-1,bénin : aucune preuve n’atteste l’implication du président du niger dans la tentative de coup d’etat,https://dubawa.org/benin-aucune-preuve-natteste-limplication-du-president-du-niger-dans-la-tentative-de-coup-detat/,4519|1571,window,window|cat|country_title|within_180|score_ok,9,category:4519; title:benin; title:bénin; body:cotonou; body:talon
2026,11/01/2026,Benin,Parliamentary,27186,post,10/01/2026,10/01/2026,-1,absence d’engouement pour les élections législatives et communales au bénin,https://dubawa.org/absence-dengouement-pour-les-elections-legislatives-et-communales-au-benin/,4519|1572,window,window|cat|country_title|title_kw|within_180|score_ok,8,category:4519; title:benin; title:bénin; election:election|élection|legislative
2026,11/01/2026,Benin,Parliamentary,27180,post,10/01/2026,10/01/2026,-1,bénin : le recrutement de 89 686 agents électoraux par la cena fait-il chuter le taux de chômage à 0 % ?,https://dubawa.org/benin-le-recrutement-de-89-686-agents-electoraux-par-la-cena-fait-il-chuter-le-taux-de-chomage-a-0/,4519|1571,window,window|cat|country_title|body_kw|within_180|score_ok,8,category:4519; title:benin; title:bénin; election:élection|vote
2026,11/01/2026,Benin,Parliamentary,27168,post,10/01/2026,11/01/2026,-1,une vidéo fait croire à une manifestation pour le départ du président du bénin,https://dubawa.org/une-video-fait-croire-a-une-manifestation-pour-le-depart-du-president-du-benin/,1571|4519,window,window|cat|country_title|body_kw|within_180|score_ok,9,category:4519; title:benin; title:bénin; body:talon; election:élection
2026,11/01/2026,Benin,Parliamentary,26656,post,20/12/2025,20/12/2025,-22,benin foiled coup: can nigerian president deploy military to another country without the senate’s approval?,https://dubawa.org/benin-foiled-coup-can-nigerian-president-deploy-military-to-another-country-without-the-senates-approval/,1571|3812|3815,window,window|country_title|body_kw|within_180|score_ok,3,title:benin; election:election|presidential|legislative
2026,11/01/2026,Benin,Parliamentary,26624,post,18/12/2025,06/01/2026,-24,un communiqué attribué à la présidence du faso accorde le statut de réfugié politique au colonel pascal tigri du bénin,https://dubawa.org/un-communique-attribue-a-la-presidence-du-faso-accorde-le-statut-de-refugie-politique-au-colonel-pascal-tigri-du-benin/,4519|1571,window,window|cat|country_title|within_180|score_ok,8,category:4519; title:benin; title:bénin; body:talon
2026,11/01/2026,Benin,Parliamentary,26587,post,15/12/2025,15/12/2025,-27,"non, le colonel pascal tigré n’est pas le nouveau président du bénin",https://dubawa.org/non-le-colonel-pascal-tigre-nest-pas-le-nouveau-president-du-benin/,1571|4519,window,window|cat|country_title|within_180|score_ok,8,category:4519; title:benin; title:bénin; body:talon
2026,11/01/2026,Benin,Parliamentary,26557,post,15/12/2025,15/12/2025,-27,le directeur général de la sécurité extérieure de la france a-t-il évoqué une intervention au bénin suite à la tentative de coup d état?,https://dubawa.org/le-directeur-general-de-la-securite-exterieure-de-la-france-a-t-il-evoque-une-intervention-au-benin-suite-a-la-tentative-de-coup-detat/,1571|4519,window,window|cat|country_title|within_180|score_ok,8,category:4519; title:benin; title:bénin; body:talon
2026,12/04/2026,Benin,Presidential,28648,post,13/04/2026,13/04/2026,1,bénin : une image utilisée pour illustrer une forte affluence au vote est-elle authentique et liée à la présidentielle du 12 avril 2026 ?,https://dubawa.org/benin-une-image-utilisee-pour-illustrer-une-forte-affluence-au-vote-est-elle-authentique-et-liee-a-la-presidentielle-du-12-avril-2026/,4519,window,window|cat|country_title|title_kw|within_180|score_ok,9,category:4519; title:benin; title:bénin; body:cotonou; election:vote|élection
2026,12/04/2026,Benin,Presidential,28644,post,13/04/2026,13/04/2026,1,bénin : des postes de vote ont-ils été vandalisés lors de la présidentielle du 12 avril 2026 ?,https://dubawa.org/benin-des-postes-de-vote-ont-ils-ete-vandalises-lors-de-la-presidentielle-du-12-avril-2026/,4519,window,window|cat|country_title|title_kw|within_180|score_ok,8,category:4519; title:benin; title:bénin; election:vote|élection
2026,12/04/2026,Benin,Presidential,28639,post,13/04/2026,13/04/2026,1,élections présidentielles au bénin : rumeur sur le taux de participation au cours du vote,https://dubawa.org/elections-presidentielles-au-benin-rumeur-sur-le-taux-de-participation-au-cours-du-vote/,4519,window,window|cat|country_title|title_kw|within_180|score_ok,10,category:4519; title:benin; title:bénin; body:talon; body:wadagni; election:election|élection|vote
2026,12/04/2026,Benin,Presidential,28621,post,12/04/2026,12/04/2026,0,le candidat à la présidentielle romuald wadagni et sa colistière n ont pas distribué de l argent,https://dubawa.org/le-candidat-a-la-presidentielle-romuald-wadagni-et-sa-colistiere-nont-pas-distribue-de-largent/,4519,window,window|cat|country_title|within_180|score_ok,6,category:4519; body:bénin; title:wadagni
2026,12/04/2026,Benin,Presidential,28615,post,12/04/2026,12/04/2026,0,"non, ce ne sont pas 6,6 millions d’électeurs qui sont attendus à la présidentielle du 12 avril 2026 au bénin ?",https://dubawa.org/non-ce-ne-sont-pas-66-millions-delecteurs-qui-sont-attendus-a-la-presidentielle-du-12-avril-2026-au-benin/,4519,window,window|cat|country_title|body_kw|within_180|score_ok,9,category:4519; title:benin; title:bénin; body:talon; election:élection
2026,12/04/2026,Benin,Presidential,28610,post,12/04/2026,12/04/2026,0,bénin : le vote est-il une obligation pour les citoyens ?,https://dubawa.org/benin-le-vote-est-il-une-obligation-pour-les-citoyens/,4519,window,window|cat|country_title|title_kw|within_180|score_ok,8,category:4519; title:benin; title:bénin; election:vote|élection|voter
2026,12/04/2026,Benin,Presidential,28602,post,11/04/2026,11/04/2026,-1,incompréhension autour d’une déclaration d’un candidat à la présidentielle au bénin,https://dubawa.org/incomprehension-autour-dune-declaration-dun-candidat-a-la-presidentielle-au-benin/,4519,window,window|cat|country_title|body_kw|within_180|score_ok,9,category:4519; title:benin; title:bénin; body:wadagni; election:vote
2026,12/04/2026,Benin,Presidential,28598,post,11/04/2026,11/04/2026,-1,présidentielle 2026 au bénin : 12 pièces d’identité peuvent être utilisées pour voter,https://dubawa.org/presidentielle-2026-au-benin-12-pieces-didentite-peuvent-etre-utilisees-pour-voter/,4519,window,window|cat|country_title|title_kw|within_180|score_ok,9,category:4519; title:benin; title:bénin; body:cotonou; election:vote|voter|élection
2026,12/04/2026,Benin,Presidential,28593,post,11/04/2026,11/04/2026,-1,"désinformation en période électorale au bénin : acteurs, mécanismes et réponses face à un enjeu démocratique",https://dubawa.org/esinformation-en-periode-electorale-au-benin-acteurs-mecanismes-et-reponses-face-a-un-enjeu-democratique/,4519,window,window|cat|country_title|body_kw|within_180|score_ok,8,category:4519; title:benin; title:bénin; election:élection
2026,12/04/2026,Benin,Presidential,28530,post,08/04/2026,08/04/2026,-4,présidentielle du 12 avril 2026 au bénin : comprendre les profils des candidats et les enjeux du scrutin,https://dubawa.org/presidentielle-du-12-avril-2026-au-benin-comprendre-les-profils-des-candidats-et-les-enjeux-du-scrutin/,4519,window,window|cat|country_title|body_kw|within_180|score_ok,10,category:4519; title:benin; title:bénin; body:talon; body:wadagni; election:élection|vote
2026,31/05/2026,Guinea,Parliamentary,29567,post,09/06/2026,09/06/2026,9,la guinée-bissau n a pas annoncé son retrait de la cedeao,https://dubawa.org/la-guinee-bissau-na-pas-annonce-son-retrait-de-la-cedeao/,4270,window,window|country_title|body_kw|within_180|score_ok,3,title:guinée; election:élection
2026,31/05/2026,Guinea,Parliamentary,29445,post,01/06/2026,01/06/2026,1,"non, le président de la république n a pas désigné le candidat de la gmd pour diriger la commune urbaine de labé",https://dubawa.org/source-page-facebook-gmd-labe-unis-pour-batir-la-guinee/,4482,window,window|cat|country_body|body_kw|within_180|score_ok,6,category:4482; body:guinée; body:doumbouya; election:élection|vote|voter
2026,31/05/2026,Guinea,Parliamentary,29440,post,01/06/2026,01/06/2026,1,conakry : des tirs à balles réelles dans la banlieue ont-ils eu lieu le jour du vote ?,https://dubawa.org/conakry-des-tirs-a-balles-reelles-dans-la-banlieue-ont-ils-eu-lieu-le-jour-du-vote/,4482,window,window|cat|country_title|title_kw|within_180|score_ok,7,category:4482; body:guinée; title:conakry; election:vote|élection
2026,31/05/2026,Guinea,Parliamentary,29430,post,31/05/2026,31/05/2026,0,élection en guinée : une altercation dans un bureau de vote à beyla,https://dubawa.org/election-en-guinee-une-altercation-dans-un-bureau-de-vote-a-beyla/,4482,window,window|cat|country_title|title_kw|within_180|score_ok,7,category:4482; title:guinée; body:référendum; election:election|élection|vote
2026,31/05/2026,Guinea,Parliamentary,29426,post,31/05/2026,31/05/2026,0,guinée : disparition d’un candidat aux élections communales,https://dubawa.org/guinee-disparition-dun-candidat-aux-elections-communales/,4482,window,window|cat|country_title|title_kw|within_180|score_ok,6,category:4482; title:guinée; election:election|élection|vote
2026,31/05/2026,Guinea,Parliamentary,29414,post,31/05/2026,31/05/2026,0,guinée : le candidat de la gmd à pita n’est pas tombé d’un pont,https://dubawa.org/guinee-le-candidat-de-la-gmd-a-pita-nest-pas-tombe-dun-pont/,4482,window,window|cat|country_title|body_kw|within_180|score_ok,8,category:4482; title:guinée; body:doumbouya; body:cellou dalein; election:élection
2026,31/05/2026,Guinea,Parliamentary,29411,post,31/05/2026,31/05/2026,0,faible nombre de publications relatives aux élections législatives et communales,https://dubawa.org/faible-nombre-de-publications-relatives-aux-elections-legislatives-et-communales/,4482,window,window|cat|country_body|title_kw|within_180|score_ok,6,category:4482; body:guinée; body:référendum; election:election|élection|legislative
2026,31/05/2026,Guinea,Parliamentary,29405,post,30/05/2026,30/05/2026,-1,les forces vives de guinée ont-elles appelé au boycott des élections du 31 mai 2026 ?,https://dubawa.org/les-forces-vives-de-guinee-ont-elles-appele-au-boycott-des-elections-du-31-mai-2026/,4482,window,window|cat|country_title|title_kw|within_180|score_ok,7,category:4482; title:guinée; body:référendum; election:election|élection
2026,31/05/2026,Guinea,Parliamentary,29401,post,30/05/2026,31/05/2026,-1,que retenir des élections législatives et communales du 31 mai 2026 en guinée?,https://dubawa.org/que-retenir-des-elections-legislatives-et-communales-du-31-mai-2026-en-guinee/,4482,window,window|cat|country_title|title_kw|within_180|score_ok,8,category:4482; title:guinée; body:référendum; body:cellou dalein; election:election|élection|legislative
2026,31/05/2026,Guinea,Parliamentary,29164,post,18/05/2026,18/05/2026,-13,false! president boakai did not agree to give portion of liberia’s land to guinea,https://dubawa.org/false-president-boakai-did-not-agree-to-give-portion-of-liberias-land-to-guinea/,1960,window,window|country_title|body_kw|within_180|score_ok,5,title:guinea; body:conakry; body:doumbouya; election:presidential
2026,31/05/2026,Guinea,Parliamentary,28890,post,28/04/2026,28/04/2026,-33,liberia’s house of representatives member expelled over guinea border crisis comment,https://dubawa.org/liberias-house-of-representatives-member-expelled-over-guinea-border-crisis-comment/,1572|1960,window,window|country_title|body_kw|within_180|score_ok,3,title:guinea; election:election|vote|legislative