election_year,election_date,country,election_type,post_id,post_type,post_date,modified,days_from_election,title,url,categories,source,match_score,match_reasons
2023,25/02/2023,Nigeria,Presidential,14254,post,23/03/2023,23/03/2023,26,misleading to suggest weah increased armed forces of liberia budget by us$4 million in 2022 fiscal year,https://dubawa.org/misleading-to-suggest-weah-increased-armed-forces-of-liberia-budget-by-us4-million-in-2022-fiscal-year/,120|1960,window,1,election:legislative
2023,25/02/2023,Nigeria,Presidential,14243,post,23/03/2023,23/03/2023,26,assessing weah’s claim to fame as “feminist-in-chief” and the cry of women in liberia,https://dubawa.org/assessing-weahs-claim-to-fame-as-feminist-in-chief-and-the-cry-of-women-in-liberia/,120|5|1572|1960|123|1574,window,1,election:election|candidate|presidential
2023,25/02/2023,Nigeria,Presidential,14233,post,22/03/2023,22/03/2023,25,"dubawa launches community verification/fact-checking service with ifcn, meta support",https://dubawa.org/dubawa-launches-community-verification-fact-checking-service-with-ifcn-meta-support/,1576|1268,window,1,body:nigeria
2023,25/02/2023,Nigeria,Presidential,14178,post,20/03/2023,20/03/2023,23,no clash between apga and lp supporters in anambra,https://dubawa.org/no-clash-between-apga-and-lp-supporters-in-anambra/,1571|3797,window,2,body:labour party; election:election|vote|voter
2023,25/02/2023,Nigeria,Presidential,14148,post,19/03/2023,19/03/2023,22,"hon. chinasa, not yoruba!",https://dubawa.org/hon-chinasa-not-yoruba/,1571|3797,window,1,body:labour party
2023,25/02/2023,Nigeria,Presidential,14132,post,19/03/2023,19/03/2023,22,wasiu ayinde not among thugs that disrupted guber election,https://dubawa.org/wasiu-ayinde-not-among-thugs-that-disrupted-guber-election/,5|1571,window,2,body:nigeria; election:election|ballot
2023,25/02/2023,Nigeria,Presidential,14120,post,19/03/2023,19/03/2023,22,did dapo abiodun lead thugs to snatch ballot boxes at iperu?,https://dubawa.org/did-dapo-abiodun-lead-thugs-to-snatch-ballot-boxes-at-iperu/,1571|3797,window,2,body:apc; election:ballot|candidate
2023,25/02/2023,Nigeria,Presidential,14090,post,18/03/2023,18/03/2023,21,video of uk parliament session unrelated to election rigging,https://dubawa.org/video-of-uk-parliament-session-unrelated-to-election-rigging/,1571|3797,window,2,body:apc; election:election|parliament|presidential
2023,25/02/2023,Nigeria,Presidential,14087,post,18/03/2023,18/03/2023,21,true! ndlea arrested four party agents with credit cards for vote-buying,https://dubawa.org/true-ndlea-arrested-four-party-agents-with-credit-cards-for-vote-buying/,1571|3797,window,1,election:vote
2023,25/02/2023,Nigeria,Presidential,14073,post,18/03/2023,18/03/2023,21,true! thugs threatened voters at ojo,https://dubawa.org/true-thugs-threatened-voters-at-ojo/,1571|3797,window,2,body:apc; election:election|vote|voter
2023,25/02/2023,Nigeria,Presidential,14061,post,18/03/2023,18/03/2023,21,old video used to make false political claim,https://dubawa.org/old-video-used-to-make-false-political-claim/,5|1571|3797,window,1,body:apc
2023,25/02/2023,Nigeria,Presidential,14058,post,18/03/2023,18/03/2023,21,no! sangotedo polling unit not attacked,https://dubawa.org/no-sangotedo-polling-unit-not-attacked/,1571|3797,window,2,body:inec; election:election|poll
2023,25/02/2023,Nigeria,Presidential,14031,post,18/03/2023,18/03/2023,21,gbadebo rhodes-vivour remains lp candidate,https://dubawa.org/gbadebo-rhodes-vivour-remains-lp-candidate/,1571,window,2,body:labour party; election:candidate
2023,25/02/2023,Nigeria,Presidential,14012,post,16/03/2023,16/03/2023,19,sierra leone election: how abuse and incendiary language could spark tensions,https://dubawa.org/sierra-leone-election-how-abuse-and-incendiary-language-could-spark-tensions/,5|1268,window,2,body:apc; election:election|poll|candidate
2023,25/02/2023,Nigeria,Presidential,14003,post,15/03/2023,15/03/2023,18,"live-check: delta state governorship candidates debate   wednesday, march 15, 2023",https://dubawa.org/live-check-delta-state-governorship-candidates-debate-wednesday-march-15-2023/,5|3797,window,2,body:nigeria; election:candidate
2023,25/02/2023,Nigeria,Presidential,13974,post,14/03/2023,14/03/2023,17,how true is twitter users’ claim fasting cures cancer?,https://dubawa.org/how-true-is-twitter-users-claim-fasting-cures-cancer/,1571|121,window,1,body:nigeria
2023,25/02/2023,Nigeria,Presidential,13971,post,14/03/2023,14/03/2023,17,true! women representation in sanwo-olu’s cabinet over 30%,https://dubawa.org/true-women-representation-in-sanwo-olus-cabinet-over-30/,5|1571,window,1,election:election|candidate
2023,25/02/2023,Nigeria,Presidential,13963,post,12/03/2023,12/03/2023,15,"scam! beware of fake bbc, nta facebook pages soliciting funds for ailing man",https://dubawa.org/scam-beware-of-fake-bbc-nta-facebook-pages-soliciting-funds-for-ailing-man/,437|1571|123,window,1,body:nigeria
2023,25/02/2023,Nigeria,Presidential,13960,post,12/03/2023,12/03/2023,15,liberia and biometric voters registration ahead of october’s elections,https://dubawa.org/liberia-and-biometric-voters-registration-ahead-of-octobers-elections/,5|1572|1960|1574,window,1,election:election|vote|voter
2023,25/02/2023,Nigeria,Presidential,13954,post,10/03/2023,10/03/2023,13,four ways to detect fake naira note,https://dubawa.org/four-ways-to-detect-fake-naira-note/,1572|1574,window,2,body:nigeria; election:election
2023,25/02/2023,Nigeria,Presidential,13931,post,07/03/2023,07/03/2023,10,barrow’s partisan commission of inquiry and matters arising,https://dubawa.org/barrows-partisan-commission-of-inquiry-and-matters-arising/,5|1572|2815,window,1,election:election|poll|candidate
2023,25/02/2023,Nigeria,Presidential,13910,post,06/03/2023,06/03/2023,9,"false! divorce cases filed in fct in january 2023, not 4,000 as claimed in viral tweet",https://dubawa.org/false-divorce-cases-filed-in-fct-in-january-2023-not-4000-as-claimed-in-viral-tweet/,1571|123,window,1,body:nigeria
2023,25/02/2023,Nigeria,Presidential,13906,post,06/03/2023,06/03/2023,9,sierra leone 2023 election: tracking the differences between voter and national identity cards,https://dubawa.org/sierra-leone-2023-election-tracking-the-differences-between-voter-and-national-identity-cards/,1572|123|1574|1268,window,1,election:election|vote|voter
2023,25/02/2023,Nigeria,Presidential,13893,post,03/03/2023,03/03/2023,6,"no, masturbation does not lead to baldness in men",https://dubawa.org/no-masturbation-does-not-lead-to-baldness-in-men/,1571|123,window,1,body:nigeria
2023,25/02/2023,Nigeria,Presidential,13881,post,02/03/2023,02/03/2023,5,false! biden has not called for the cancelling of presidential election,https://dubawa.org/false-biden-has-not-called-for-the-cancelling-of-the-presidential-election/,5|1571,window,2,body:nigeria; election:election|presidential
2023,25/02/2023,Nigeria,Presidential,13868,post,01/03/2023,01/03/2023,4,liberia’s dual citizenship debacle: the voice of the people or the wants of elites?,https://dubawa.org/liberias-dual-citizenship-debacle-the-voice-of-the-people-or-the-wants-of-elites/,120|1572|1960|1574,window,1,election:election|vote|voter
2023,25/02/2023,Nigeria,Presidential,13858,post,01/03/2023,01/03/2023,4,"joseph nyumah boakai deciding to support alexander cummings after retirement, false!",https://dubawa.org/joseph-nyumah-boakai-deciding-to-support-alexander-cummings-after-retirement-false/,437|1571|1960|16,window,1,election:ballot|presidential
2023,25/02/2023,Nigeria,Presidential,13855,post,28/02/2023,03/04/2023,3,false! no fatality recorded from bo stadium incident,https://dubawa.org/false-no-fatality-recorded-from-bo-stadium-incident/,123|1268,window,1,election:election
2023,25/02/2023,Nigeria,Presidential,13846,post,28/02/2023,28/02/2023,3,president muhammadu buhari did not approve president obasanjo’s request for election cancellation,https://dubawa.org/president-muhammadu-buhari-did-not-approve-president-obasanjos-request-for-election-cancellation/,5|437|3797,window,1,election:election
2023,25/02/2023,Nigeria,Presidential,13814,post,28/02/2023,28/02/2023,3,elon musk not building hotel in nigeria,https://dubawa.org/elon-musk-not-building-hotel-in-nigeria/,120|1571,window,2,title:nigeria
2023,25/02/2023,Nigeria,Presidential,13766,post,27/02/2023,27/02/2023,2,"false! mc oluomo not dead, as reported",https://dubawa.org/false-mc-oluomo-not-dead-as-reported/,5|1571|3797,window,1,body:pdp
2023,25/02/2023,Nigeria,Presidential,13734,post,26/02/2023,26/02/2023,1,"true! election did not take place in awo-omamma, but result was uploaded",https://dubawa.org/true-election-did-not-take-place-in-awo-omamma-but-result-was-uploaded/,5|1571|3797,window,1,election:election
2023,25/02/2023,Nigeria,Presidential,13716,post,26/02/2023,26/02/2023,1,false! pat utomi not held hostage,https://dubawa.org/false-pat-utomi-not-held-hostage/,5|1571|3797,window,1,body:labour party
2023,25/02/2023,Nigeria,Presidential,13699,post,26/02/2023,26/02/2023,1,misleading! results per state yet to be collated,https://dubawa.org/misleading-results-per-state-yet-to-be-collated/,5|1571|3797,window,2,body:apc; body:pdp
2023,25/02/2023,Nigeria,Presidential,13661,post,25/02/2023,25/02/2023,0,true! kogi state appointee arrested by soldiers in kogi central,https://dubawa.org/true-kogi-state-appointee-arrested-by-soldiers-in-kogi-central/,5|437,window,1,body:apc
2023,25/02/2023,Nigeria,Presidential,13657,post,25/02/2023,25/02/2023,0,true! voting yet to commence in parts of bayelsa at 4 pm,https://dubawa.org/true-voting-yet-to-commence-in-parts-of-bayelsa-at-4-pm/,5|1571,window,2,body:inec; election:vote|voter|ballot
2023,25/02/2023,Nigeria,Presidential,13654,post,25/02/2023,26/02/2023,0,"true! lp karshi district chairman valentine onuigbo, dead",https://dubawa.org/true-lp-karshi-district-chairman-valentine-onuigbo-dead/,5|1571,window,1,body:labour party
2023,25/02/2023,Nigeria,Presidential,13650,post,25/02/2023,25/02/2023,0,"false! boko haram did not take over inec’s offices in kaduna, kano",https://dubawa.org/boko-haram-did-not-take-over-inecs-offices-in-kaduna-kano/,5|437|1571,window,2,title:inec
2023,25/02/2023,Nigeria,Presidential,13648,post,25/02/2023,25/02/2023,0,false; katsina state police command did not arrest party agents for inec’s server hack,https://dubawa.org/false-katsina-state-police-command-did-not-arrest-party-agents-for-inecs-server-hack/,5|437|1571,window,2,title:inec
2023,25/02/2023,Nigeria,Presidential,13628,post,25/02/2023,25/02/2023,0,"contrary to claims, voting currently ongoing in igweocha, rivers state",https://dubawa.org/contrary-to-claims-voting-currently-ongoing-in-igweocha-rivers-state/,5|1571,window,1,election:election|vote|voter
2023,25/02/2023,Nigeria,Presidential,13625,post,25/02/2023,25/02/2023,0,false; president buhari’s vote not void,https://dubawa.org/false-president-buharis-vote-not-void/,5|1571,window,2,body:apc; election:vote|ballot
2023,25/02/2023,Nigeria,Presidential,13565,post,24/02/2023,24/02/2023,-1,house of representatives member ado garba makes false claims about election campaign funds,https://dubawa.org/house-of-representatives-member-ado-garba-makes-false-claims-about-election-campaign-funds/,5|1571|16,window,2,body:inec; election:election|poll|candidate
2023,25/02/2023,Nigeria,Presidential,13540,post,24/02/2023,24/02/2023,-1,#zaben 2023: duk abubuwan da ya kamata ku sani dangane da saye da sayar da kuri’u a zaben najeriya,https://dubawa.org/zaben-2023-duk-abubuwan-da-ya-kamata-ku-sani-dangane-da-saye-da-sayar-da-kuriu-a-zaben-najeriya/,3137|2451,window,1,body:inec
2023,25/02/2023,Nigeria,Presidential,13529,post,24/02/2023,24/02/2023,-1,ìdìbò 2023: ǹjẹ́ lóòótọ́ ni pé àjọ inec kì yóò kà àwọn ìbò wọ̀nyí?,https://dubawa.org/idibo-2023-%c7%b9je-loooto-ni-pe-ajo-inec-ki-yoo-ka-awon-ibo-wonyi/,5|1571|2450,window,2,title:inec
2023,25/02/2023,Nigeria,Presidential,13510,post,24/02/2023,24/02/2023,-1,false! voter information printouts can not be used to vote on election day,https://dubawa.org/false-voter-information-printouts-can-not-be-used-to-vote-on-election-day/,5|1571,window,2,body:inec; election:election|vote|voter
2023,25/02/2023,Nigeria,Presidential,13501,post,23/02/2023,23/02/2023,-2,#zaben 2023: muhimman sauye-sauye a dokar zaben najeriya,https://dubawa.org/zaben-2023-muhimman-sauye-sauye-a-dokar-zaben-najeriya/,3137|2451,window,1,body:inec
2023,25/02/2023,Nigeria,Presidential,13474,post,23/02/2023,23/02/2023,-2,explainer: things you should know about ballot boxes and ballot tokens in the gambia,https://dubawa.org/explainer-things-you-should-know-about-ballot-boxes-and-ballot-tokens-in-the-gambia/,5|1574|2815,window,1,election:election|vote|voter
2023,25/02/2023,Nigeria,Presidential,13471,post,23/02/2023,23/02/2023,-2,explainer: renewed commitment to ending female genital mutilation in the gambia,https://dubawa.org/explainer-renewed-commitment-to-ending-female-genital-mutilation-in-the-gambia/,1572|1574|2815,window,1,election:parliament
2023,25/02/2023,Nigeria,Presidential,13464,post,23/02/2023,23/02/2023,-2,"is it illegal for individuals to carry pepper spray, as police spokesperson claims?",https://dubawa.org/is-it-illegal-for-individuals-to-carry-pepper-spray-as-police-spokesperson-claims/,1572|1574|119,window,1,body:nigeria
2023,25/02/2023,Nigeria,Presidential,13451,post,22/02/2023,22/02/2023,-3,a twitter influencer alleged that some european protesters recently  harassed  godwin obaseki.,https://dubawa.org/a-twitter-influencer-alleged-that-some-european-protesters-recently-harassed-godwin-obaseki/,1571|3705,window,2,body:nigeria; election:election|candidate|presidential
2023,25/02/2023,Nigeria,Presidential,13435,post,22/02/2023,22/02/2023,-3,"cbn debunks aisha buhari s post on use of old n500, n1000 notes",https://dubawa.org/cbn-debunks-aisha-buharis-post-on-use-of-old-n500-n1000-notes/,120|1688,window,1,body:nigeria
2023,25/02/2023,Nigeria,Presidential,13417,post,21/02/2023,21/02/2023,-4,"analysis: with misleading headlines, us-based newspunch spreads half-truths about nigeria",https://dubawa.org/analysis-with-misleading-headlines-us-based-newspunch-spreads-half-truths-about-nigeria/,435|4|123|1574,window,2,title:nigeria
2023,25/02/2023,Nigeria,Presidential,13414,post,21/02/2023,21/02/2023,-4,is aphelion responsible for changes in nigeria’s weather conditions?,https://dubawa.org/is-aphelion-responsible-for-changes-in-nigerias-weather-conditions/,437|1571|123,window,2,title:nigeria
2023,25/02/2023,Nigeria,Presidential,13396,post,21/02/2023,21/02/2023,-4,how “void votes” could decide 2023 election in sierra leone,https://dubawa.org/how-void-votes-could-decide-2023-election-in-sierra-leone/,1572|4|1574|1268,window,1,election:election|vote|voter
2023,25/02/2023,Nigeria,Presidential,13378,post,20/02/2023,20/02/2023,-5,how to spot ‘fake news’ on tiktok and twitter in a viral era,https://dubawa.org/how-to-spot-fake-news-on-tiktok-and-twitter-in-a-viral-era/,4|123|1574,window,2,body:nigeria; election:election
2023,25/02/2023,Nigeria,Presidential,13375,post,20/02/2023,20/02/2023,-5,viral tiktok video claiming cbn’s benin branch on fire false,https://dubawa.org/viral-tiktok-video-claiming-cbns-benin-branch-on-fire-false/,1571|123,window,2,body:nigeria; body:peter obi
2023,25/02/2023,Nigeria,Presidential,13371,post,18/02/2023,18/02/2023,-7,"false! cbn did not order closure of opay, kuda, and palmpay",https://dubawa.org/false-cbn-did-not-order-closure-of-opay-kuda-and-palmpay/,120|1571,window,1,body:nigeria
2023,25/02/2023,Nigeria,Presidential,13368,post,17/02/2023,17/02/2023,-8,"regulatory failure, a function that undermines public sector development: “liberia in focus”",https://dubawa.org/regulatory-failure-a-function-that-undermines-public-sector-development-liberia-in-focus/,120|1572|4|1960|1574,window,1,election:vote
2023,25/02/2023,Nigeria,Presidential,13339,post,16/02/2023,16/02/2023,-9,tura sako zuwa 8014 ba ya aiki; ga yadda za ku gano runfar zabenku ta intanet,https://dubawa.org/tura-sako-zuwa-8014-ba-ya-aiki-ga-yadda-za-ku-gano-runfar-zabenku-ta-intanet/,3137|2451,window,2,body:inec; election:poll
2023,25/02/2023,Nigeria,Presidential,13334,post,16/02/2023,16/02/2023,-9,"idan har ta aka zabe ta gwamna, aisha binani ba za ta kasance macen farko a mukamin ba domin an taba gwamna mace",https://dubawa.org/idan-har-ta-aka-zabe-ta-zama-gwamna-aisha-binani-ba-za-ta-kasance-macen-farko-a-mukamin-ba-domin-an-taba-gwamna-mace/,3137|2451,window,2,body:peter obi; body:apc
2023,25/02/2023,Nigeria,Presidential,13328,post,16/02/2023,16/02/2023,-9,gaskiya ne zulum na sayen pvc kamar yadda ake zargi a wani bidiyo?,https://dubawa.org/gaskiya-ne-zulum-na-sayen-pvc-kamar-yadda-ake-zargi-a-wani-bidiyo/,3137|2451,window,2,body:inec; body:apc
2023,25/02/2023,Nigeria,Presidential,13330,post,16/02/2023,16/02/2023,-9,explainer: did the gambia coalition 2016 implement only three out of 22 of barrow’s manifesto on democracy and rule of law?,https://dubawa.org/explainer-did-the-gambia-coalition-2016-implement-only-three-out-of-22-of-barrows-manifesto-on-democracy-and-rule-of-law/,1572|16|2815,window,1,election:election|candidate|presidential
2023,25/02/2023,Nigeria,Presidential,13323,post,16/02/2023,16/02/2023,-9,violating electoral laws with impunity: the case of politicians and pre-campaign in liberia,https://dubawa.org/violating-electoral-laws-with-impunity-the-case-of-politicians-and-pre-campaign-in-liberia/,5|1572|4|1960|1574,window,1,election:election|vote|voter
2023,25/02/2023,Nigeria,Presidential,13318,post,16/02/2023,16/02/2023,-9,explainer: the state of liberia’s 2022 national housing and population census,https://dubawa.org/explainer-the-state-of-liberias-2022-national-housing-and-population-census/,1572|4|1960|1574,window,1,election:election|vote|voter
2023,25/02/2023,Nigeria,Presidential,13311,post,15/02/2023,15/02/2023,-10,zaben 2023: shin akwai hotunan zanen yatsun da ba za’a iya amfani da su ba kamar yadda aka bayyana a wannan labarin?,https://dubawa.org/zaben-2023-shin-akwai-hotunan-zanen-yatsun-da-ba-zaa-iya-amfani-da-su-ba-kamar-yadda-aka-bayyana-a-wannan-labarin/,3137|2451,window,1,body:inec
2023,25/02/2023,Nigeria,Presidential,13295,post,15/02/2023,15/02/2023,-10,explainer – celebrating victory in the ‘war’ for 30% quota for women,https://dubawa.org/explainer-celebrating-victory-in-the-war-for-30-quota-for-women/,1268,window,1,election:election|parliament|presidential
2023,25/02/2023,Nigeria,Presidential,13275,post,15/02/2023,15/02/2023,-10,zaben 2023: duk abin da ya kamata ku sani kan watsa sakamakon zabe kai-tsaye,https://dubawa.org/zaben-2023-duk-abin-da-ya-kamata-ku-sani-kan-watsa-sakamakon-zabe-kai-tsaye/,3137|2451,window,2,body:inec; body:irev
2023,25/02/2023,Nigeria,Presidential,13270,post,15/02/2023,15/02/2023,-10,binciken zargin peter obi kan talauci da tsabta,https://dubawa.org/binciken-zargin-peter-obi-kan-talauci-da-tsabta/,3137|2451,window,2,title:peter obi
2023,25/02/2023,Nigeria,Presidential,13260,post,14/02/2023,14/02/2023,-11,yadda wadansu shafukan twitter da facebook suka wallafa hotunan bogi dan yi wa dan takarar shugabancin najeriya kamfe.,https://dubawa.org/yadda-wadansu-shafukan-twitter-da-facebook-suka-wallafa-hotunan-bogi-dan-yi-wa-dan-takarar-shugabancin-najeriya-kamfe/,3137|2451,window,2,body:peter obi; election:election|vote
2023,25/02/2023,Nigeria,Presidential,13256,post,14/02/2023,14/02/2023,-11,masu tantance gaskiyar bayanai a najeriya sun hada gwiwa da arise news a mahawarorin  yan takarar shugaban kasa.,https://dubawa.org/masu-tantance-gaskiyar-bayanai-a-najeriya-sun-hada-gwiwa-da-arise-news-a-mahawarorim-ke-yan-takarar-shugaban-kasa/,3137|2451,window,1,body:nigeria
2023,25/02/2023,Nigeria,Presidential,13248,post,14/02/2023,14/02/2023,-11,dealing with fake press releases for the media in sierra leone,https://dubawa.org/dealing-with-fake-press-releases-for-the-media-in-sierra-leone/,5|4|1574|1576|1268,window,1,election:election|vote|poll
2023,25/02/2023,Nigeria,Presidential,13245,post,14/02/2023,16/02/2023,-11,"lady in viral video being flogged by men, not for marriage refusal, and incident not in nigeria",https://dubawa.org/lady-in-viral-video-being-flogged-by-men-not-for-marriage-refusal-and-shes-not-from-nigeria/,1571|123,window,2,title:nigeria
2023,25/02/2023,Nigeria,Presidential,13241,post,13/02/2023,13/02/2023,-12,explainer: common electoral offences you should know ahead of local government elections,https://dubawa.org/explainer-common-electoral-offences-you-should-know-ahead-of-local-government-elections/,5|1572|4|1574|2815,window,1,election:election|vote|voter
2023,25/02/2023,Nigeria,Presidential,13233,post,13/02/2023,13/02/2023,-12,"viral photo of lobi stars football club players at seminar, misleading",https://dubawa.org/viral-photo-of-lobi-stars-football-club-players-at-seminar-misleading/,1571|3705,window,1,body:nigeria
2023,25/02/2023,Nigeria,Presidential,13217,post,13/02/2023,13/02/2023,-12,da gaske ne! najeriya ce ta fi nomar shinkafa a nahiyar afirka,https://dubawa.org/gaskiya-ne-najeriya-ce-ta-fi-nomar-shinkafa-a-nahiyar-afirka/,3137|2451,window,2,body:tinubu; body:apc
2023,25/02/2023,Nigeria,Presidential,13205,post,10/02/2023,10/02/2023,-15,it is false to suggest rice riot took place in 1980,https://dubawa.org/it-is-false-to-suggest-rice-riot-took-place-in-1980/,120|437|1571|1960,window,1,election:parliament|presidential|legislative
2023,25/02/2023,Nigeria,Presidential,13174,post,08/02/2023,08/02/2023,-17,"wani mawaki dan najeriyar da ya rasu shekaru 12 da su ka gabata, an ga sunarsa a jerin sunayen wadanda ‘yan sandan saliyo ke nema",https://dubawa.org/wani-mawaki-dan-najeriyar-da-ya-rasu-shekaru-12-da-su-ka-gabata-an-ga-sunarsa-a-jerin-sunayen-wadanda-yan-sandan-saliyo-ke-nema/,3137|2451,window,1,body:nigeria
2023,25/02/2023,Nigeria,Presidential,13171,post,08/02/2023,13/02/2023,-17,false! tems not nigerian first female artiste to win grammy,https://dubawa.org/false-tems-not-nigerian-first-female-artiste-to-win-grammy/,1571|123,window,2,title:nigeria
2023,25/02/2023,Nigeria,Presidential,13164,post,07/02/2023,21/02/2023,-18,"picture of nollywood actor, osita iheme, doctored to imply support for ipob",https://dubawa.org/picture-of-nollywood-actor-osita-iheme-doctored-to-imply-support-for-ipob/,5|1571|123,window,1,body:nigeria
2023,25/02/2023,Nigeria,Presidential,13161,post,07/02/2023,07/02/2023,-18,the economics of rice politics in liberia and weah’s role in it,https://dubawa.org/the-economics-of-rice-politics-in-liberia-and-weahs-role-in-it/,120|1572|4|1960,window,1,election:election|presidential
2023,25/02/2023,Nigeria,Presidential,13158,post,06/02/2023,06/02/2023,-19,"if you lose your covid-19 vaccination card, here’s how to get a replacement",https://dubawa.org/if-you-lose-your-covid-19-vaccination-card-heres-how-to-get-a-replacement/,4|121|1574,window,1,body:nigeria
2023,25/02/2023,Nigeria,Presidential,13153,post,06/02/2023,06/02/2023,-19,"cholera: symptoms, causes, prevention, and treatment as cases rise in cross river",https://dubawa.org/cholera-symptoms-causes-prevention-and-treatment-as-cases-rise-in-cross-river/,4|121|1574,window,1,body:nigeria
2023,25/02/2023,Nigeria,Presidential,13139,post,06/02/2023,21/02/2023,-19,video of shootout between police and armed men from movie set,https://dubawa.org/video-of-shootout-between-police-and-armed-men-from-movie-set/,437|1571|123,window,2,body:nigeria; election:election
2023,25/02/2023,Nigeria,Presidential,13113,post,05/02/2023,05/02/2023,-20,"ìdìbò ọdún 2023: ko ṣeeṣe kí o fi onka nomba marun-un to gbeyin nọmba vin, dìbò",https://dubawa.org/idibo-odun-2023-ko-%e1%b9%a3ee%e1%b9%a3e-ki-o-fi-onka-nomba-marun-un-to-gbeyin-nomba-vin-dibo/,3137|1571|2450,window,2,body:inec; election:vote|voter
2023,25/02/2023,Nigeria,Presidential,13102,post,04/02/2023,04/02/2023,-21,facebook ya sauke labarin zuwan steve harvey najeriya bayan binciken dubawa,https://dubawa.org/facebook-ya-sauke-labarin-da-ke-zargin-wai-steve-harvey-na-najeriya-bayan-binciken-dubawa/,3137|2451,window,1,body:peter obi
2023,25/02/2023,Nigeria,Presidential,13067,post,04/02/2023,04/02/2023,-21,babu hujjar cewa peter obi ne mahaifin yaron da aka gani tsaye kan tutar najeriya cikin wani hoton da ake ta yadawa,https://dubawa.org/babu-hujjar-cewa-peter-obi-ne-mahaifin-yaron-da-aka-gani-tsaye-kan-tutar-najeriya-cikin-wani-hoto-da-ake-ta-yadawa/,3137|2451|123,window,2,title:peter obi
2023,25/02/2023,Nigeria,Presidential,13058,post,04/02/2023,04/02/2023,-21,tom hanks bai goyi bayan takarar peter obi kamar yadda wani mai amfani da shafin facebook ke zargi,https://dubawa.org/tom-hanks-bai-goyi-bayan-takarar-peter-obi-kamar-yadda-wani-mai-amfani-da-shafin-facebook-ke-zargi/,3137|2451,window,2,title:peter obi
2023,25/02/2023,Nigeria,Presidential,13050,post,03/02/2023,03/02/2023,-22,"jam’yyar apc ta kwafsa, ta rubuta wa gwamnonin kogi da kwara da ma wadansu ministoci mukaman da ba na su ba",https://dubawa.org/jamyyar-apc-ta-kwafsa-ta-rubuta-wa-gwamnonin-kogi-da-kwara-da-ma-wadansu-ministoci-mukaman-da-ba-na-su-ba/,3137|2451,window,2,title:apc
2023,25/02/2023,Nigeria,Presidential,13044,post,03/02/2023,03/02/2023,-22,batun wai kamfanin opay na bai wa ‘yan najeriya tashoshin pos kyauta ba gaskiya ba ne,https://dubawa.org/batun-wai-kamfanin-opay-na-bai-wa-yan-najeriya-tashoshin-pos-kyauta-ba-gaskiya-ba-ne/,3137|2451,window,1,body:nigeria
2023,25/02/2023,Nigeria,Presidential,13035,post,03/02/2023,09/03/2023,-22,"diphtheria outbreak: all you need to know about disease, its causes, symptoms, and spread",https://dubawa.org/diphtheria-outbreak-all-you-need-to-know-about-disease-its-causes-symptoms-and-spread/,121|1574,window,1,body:nigeria
2023,25/02/2023,Nigeria,Presidential,13033,post,03/02/2023,03/02/2023,-22,"bidiyon da ke zargin wai ‘yan arewa sun koyi amfani da na’urorin zabe, gabanin zabukan 2023 ba gaskiya ba ne",https://dubawa.org/bidiyon-da-ke-zargin-wai-yan-arewa-sun-koyi-amfani-da-naurorin-zabe-gabanin-zabukan-2023-ba-gaskiya-ba-ne/,3137|2451,window,1,body:nigeria
2023,25/02/2023,Nigeria,Presidential,13023,post,02/02/2023,02/02/2023,-23,suggesting weah reduced open defecation from 42% to 38% is misleading,https://dubawa.org/suggesting-weah-reduced-open-defecation-from-42-to-38-is-misleading/,3136|437|1571|121|1960,window,1,election:election|presidential|legislative
2023,25/02/2023,Nigeria,Presidential,13012,post,02/02/2023,02/02/2023,-23,karya ne! inec ba ta kara wa’adin rajistar zabe a intanet ba,https://dubawa.org/karya-ne-inec-ba-ta-kara-waadin-rajistar-zabe-a-intanet-ba/,3137|2451,window,2,title:inec
2023,25/02/2023,Nigeria,Presidential,13009,post,02/02/2023,02/02/2023,-23,da gaske ne! mawaka za su yi wasa a dandalin eagle square dan fadakar da jama’a kan rajistan zabe da pvc,https://dubawa.org/da-gaske-ne-mawaka-za-su-yi-wasa-a-dandalin-eagle-square-dan-fadakar-da-jamaa-su-yi-rajistan-zabe-dan-samun-pvc/,3137|2451,window,1,body:inec
2023,25/02/2023,Nigeria,Presidential,12998,post,02/02/2023,02/02/2023,-23,false: “only 16% of sierra leoneans had access to electricity in 2018”,https://dubawa.org/false-only-16-of-sierra-leoneans-had-access-to-electricity-in-2018/,1571|1268,window,1,election:election|candidate|parliament
2023,25/02/2023,Nigeria,Presidential,12976,post,31/01/2023,31/01/2023,-25,explainer: honouring solo sandeng’s sacrifice,https://dubawa.org/explainer-honouring-solo-sandengs-sacrifice/,1572|16|2815,window,1,election:election|presidential
2023,25/02/2023,Nigeria,Presidential,13939,post,31/01/2023,09/03/2023,-25,what you need to know about diphtheria,https://dubawa.org/what-you-need-to-know-about-diphtheria/,1572|121|1574,window,1,body:nigeria
2023,25/02/2023,Nigeria,Presidential,12973,post,31/01/2023,31/01/2023,-25,"contrary to twitter user s claim, nigerian universities have produced maize seeds for commercial purposes",https://dubawa.org/contrary-to-twitter-users-claim-nigerian-universities-have-produced-maize-seeds-for-commercial-purposes/,120|1571,window,2,title:nigeria
2023,25/02/2023,Nigeria,Presidential,12959,post,29/01/2023,27/01/2023,-27,2023 elections: your vin’s last 5-digits do not make you eligible to vote,https://dubawa.org/2023-elections-your-vins-last-5-digits-do-not-make-you-eligible-to-vote/,5|1571,window,2,body:inec; election:election|vote|voter
2023,25/02/2023,Nigeria,Presidential,12954,post,28/01/2023,27/01/2023,-28,"fact-check: how does consumption of meat, dairy products affect climate change?",https://dubawa.org/fact-check-how-does-consumption-of-meat-dairy-products-affect-climate-change/,1571|121,window,1,election:poll
2023,25/02/2023,Nigeria,Presidential,12923,post,24/01/2023,24/01/2023,-32,"cbn introduced new credit card scheme, but cards not ready for use",https://dubawa.org/cbn-introduced-new-credit-card-scheme-but-cards-not-ready-for-use/,120|437|1571,window,1,body:nigeria
2023,25/02/2023,Nigeria,Presidential,12906,post,23/01/2023,23/01/2023,-33,all you need to know about your pvc: features and what they represent,https://dubawa.org/all-you-need-to-know-about-your-pvc-features-and-what-they-represent/,5|1572|1574,window,2,body:inec; election:election|vote|voter
2023,25/02/2023,Nigeria,Presidential,12903,post,23/01/2023,23/01/2023,-33,"ẹṣọ́ra o! ẹ má ṣe tẹ àtẹ̀jísẹ́ sí ilà fóònù 8014, bí ẹ ṣe lè ṣe àrídájú ibùdó ìdìbò yin lóri ayélujára rèé",https://dubawa.org/e%e1%b9%a3ora-o-e-ma-%e1%b9%a3e-te-atejise-si-ila-foonu-8014-bi-e-%e1%b9%a3e-le-%e1%b9%a3e-aridaju-ibudo-idibo-yin-lori-ayelujara-ree/,5|1571|1574|2450,window,2,body:inec; election:poll
2023,25/02/2023,Nigeria,Presidential,12892,post,21/01/2023,21/01/2023,-35,"2023 elections: are there invalid thumbprinting, as reported in this post?",https://dubawa.org/2023-elections-are-there-invalid-thumbprinting-as-reported-in-this-post/,5|437|1571,window,2,body:inec; election:election|vote|voter
2023,25/02/2023,Nigeria,Presidential,12883,post,19/01/2023,19/01/2023,-37,explainer: weah’s controversial opinion poll; real or phantom?,https://dubawa.org/explainer-weahs-controversial-opinion-poll-real-or-phantom/,5|1572|1960|1574,window,1,election:election|vote|voter
2023,25/02/2023,Nigeria,Presidential,12861,post,17/01/2023,17/01/2023,-39,liberia not the only eligible country to miss $1.2bn mcc grant,https://dubawa.org/liberia-not-the-only-eligible-country-to-miss-1-2bn-mcc-grant/,3136|120|437|1571|1960,window,2,body:nigeria; election:election
2023,25/02/2023,Nigeria,Presidential,12842,post,16/01/2023,16/01/2023,-40,"explainer: examining the link between covid-19 vaccine, myocarditis, and pericarditis",https://dubawa.org/explainer-examining-the-link-between-covid-19-vaccine-myocarditis-and-pericarditis/,1572|121|1574,window,2,body:nigeria; election:candidate
2023,24/06/2023,Sierra Leone,Presidential,15440,post,20/07/2023,20/07/2023,26,misleading! liberia does not have world’s highest rainfall rate,https://dubawa.org/misleading-liberia-does-not-have-worlds-highest-rainfall-rate/,1571|1960|123,window,1,election:election|presidential|legislative
2023,24/06/2023,Sierra Leone,Presidential,15433,post,19/07/2023,19/07/2023,25,call for application: icfj’s training of trainers,https://dubawa.org/call-for-application-icfjs-training-of-trainers/,1688|1576,window,1,election:election|candidate
2023,24/06/2023,Sierra Leone,Presidential,15350,post,06/07/2023,06/07/2023,12,false! all liberian party not fielding presidential ticket in october,https://dubawa.org/false-all-liberian-party-not-fielding-presidential-ticket-in-october/,5|1571|1960,window,1,election:election|vote|poll
2023,24/06/2023,Sierra Leone,Presidential,15340,post,03/07/2023,03/07/2023,9,the controversial 60% budget cut for liberia’s october elections and matters arising,https://dubawa.org/the-controversial-60-budget-cut-for-liberias-october-elections-and-matters-arising/,5|1572|1960,window,1,election:election|vote|voter
2023,24/06/2023,Sierra Leone,Presidential,15337,post,03/07/2023,02/07/2023,9,"the oic conference: can the gambia host it, or will it be postponed again?",https://dubawa.org/the-oic-conference-can-the-gambia-host-it-or-will-it-be-postponed-again/,1572|123|2815,window,1,election:poll
2023,24/06/2023,Sierra Leone,Presidential,15322,post,30/06/2023,30/06/2023,6,misleading! the invincible sports park was budgeted in 2022 national budget,https://dubawa.org/misleading-the-invincible-sports-park-was-budgeted-in-2022-national-budget/,120|1571|1960,window,1,election:election|poll
2023,24/06/2023,Sierra Leone,Presidential,15314,post,30/06/2023,30/06/2023,6,"dubawa, 34 others, secures ifcn global fact check fund",https://dubawa.org/dubawa-34-others-secures-ifcn-global-fact-check-fund/,1571|1688,window,1,body:sierra leone
2023,24/06/2023,Sierra Leone,Presidential,15265,post,26/06/2023,26/06/2023,2,"report of salary increment for tinubu, shettima, others misleading",https://dubawa.org/report-of-salary-increment-for-tinubu-shettima-others-misleading/,1571|16,window,1,election:legislative
2023,24/06/2023,Sierra Leone,Presidential,15140,post,24/06/2023,21/06/2023,0,mental health condition vs mental disorder: all you need to know about their differences,https://dubawa.org/mental-health-condition-vs-mental-disorder-all-you-need-to-know-about-their-differences/,1572|121,window,1,election:vote
2023,24/06/2023,Sierra Leone,Presidential,15167,post,23/06/2023,23/06/2023,-1,"exaggerated! liberia does not have over 230,000 registered motorcyclists and tricyclists",https://dubawa.org/exaggerated-liberia-does-not-have-over-230000-registered-motorcyclists-and-tricyclists/,1571|1960,window,1,election:election|vote|voter
2023,24/06/2023,Sierra Leone,Presidential,15153,post,22/06/2023,22/06/2023,-2,"false! lra, nec not hiring",https://dubawa.org/false-lra-nec-not-hiring/,1571|1960|123,window,1,election:election|presidential|legislative
2023,24/06/2023,Sierra Leone,Presidential,15146,post,22/06/2023,22/06/2023,-2,false! inec chairman didn t admit to declaring blurred results,https://dubawa.org/false-inec-chairman-didnt-admit-to-declaring-blurred-results/,5|1571,window,1,election:election|vote|voter
2023,24/06/2023,Sierra Leone,Presidential,15137,post,21/06/2023,21/06/2023,-3,"misleading: 56 lawmakers did not endorse weah, neither did thomas goshua",https://dubawa.org/misleading-56-lawmakers-did-not-endorse-weah-neither-did-thomas-goshua/,1571|1960|16,window,1,election:election|vote|candidate
2023,24/06/2023,Sierra Leone,Presidential,15125,post,20/06/2023,20/06/2023,-4,is british petroleum among the world s worst polluters?,https://dubawa.org/is-british-petroleum-among-the-worlds-worst-polluters/,1571|121,window,1,election:poll
2023,24/06/2023,Sierra Leone,Presidential,15099,post,16/06/2023,16/06/2023,-8,false! cdc printed l$48 billion not l$64 billion,https://dubawa.org/false-cdc-printed-l48-billion-not-l64-billion/,1571|1960|16,window,1,election:election|vote|parliament
2023,24/06/2023,Sierra Leone,Presidential,15059,post,15/06/2023,15/06/2023,-9,"nimely’s assertion ghanaian mps passed vote of no confidence against finance minister, false",https://dubawa.org/nimelys-assertion-ghanaian-mps-passed-vote-of-no-confidence-against-finance-minister-false/,1571|1960|16,window,1,election:vote|ballot|parliament
2023,24/06/2023,Sierra Leone,Presidential,15037,post,13/06/2023,13/06/2023,-11,fact-checking buhari s farewell speech as nigeria’s president,https://dubawa.org/fact-checking-buharis-farewell-speech-as-nigerias-president/,1571|16,window,1,election:election
2023,24/06/2023,Sierra Leone,Presidential,14993,post,08/06/2023,08/06/2023,-16,weah did not win every election in grand bassa county,https://dubawa.org/weah-did-not-win-every-election-in-grand-bassa-county/,1571|1960,window,1,election:election|poll|run-off
2023,24/06/2023,Sierra Leone,Presidential,14956,post,05/06/2023,05/06/2023,-19,"koijee’s claim all opposition members are former government officials, false",https://dubawa.org/koijees-claim-all-opposition-members-are-former-government-officials-false/,1571|1960|16,window,1,election:election|vote|presidential
2023,24/06/2023,Sierra Leone,Presidential,14948,post,05/06/2023,05/06/2023,-19,"buhari’s claim on nigeria’s inflation rate, misleading",https://dubawa.org/buharis-claim-on-nigerias-inflation-rate-misleading/,1571|16,window,1,election:election|poll|presidential
2023,24/06/2023,Sierra Leone,Presidential,14930,post,02/06/2023,02/06/2023,-22,"unity party exited government with 12.4% inflation, not 30% in 2017",https://dubawa.org/unity-party-exited-government-with-12-4-inflation-not-30-in-2017/,120|1571|1960,window,1,election:election|presidential|legislative
2023,24/06/2023,Sierra Leone,Presidential,14904,post,01/06/2023,01/06/2023,-23,the threat of disinformation: how ai is fuelling an information war and testing human scepticism,https://dubawa.org/the-threat-of-disinformation-how-ai-is-fuelling-an-information-war-and-testing-human-scepticism/,1572|123,window,1,election:candidate|presidential
2023,24/06/2023,Sierra Leone,Presidential,14890,post,31/05/2023,31/05/2023,-24,"altered news images about tinubu s nysc allowance reduction, trends on whatsapp",https://dubawa.org/altered-news-images-about-tinubus-nysc-allowance-reduction-trends-on-whatsapp/,120|1571|16,window,1,election:election
2023,24/06/2023,Sierra Leone,Presidential,14865,post,30/05/2023,30/05/2023,-25,"dubawa, nfc, report shows prevalence of misinformation, disinformation during nigeria 2023 elections",https://dubawa.org/dubawa-nfc-report-shows-prevalence-of-misinformation-disinformation-during-nigeria-2023-elections/,5|1688|1576|1573,window,1,election:election|presidential
2023,24/06/2023,Sierra Leone,Presidential,14855,post,26/05/2023,26/05/2023,-29,false! senator karnga-lawrence not part of 19 others who endorsed amb. boakai in 2017,https://dubawa.org/false-senator-karnga-lawrence-not-part-of-19-others-who-endorsed-amb-boakai-in-2017/,5|1571|1960,window,1,election:election|vote|poll
2023,24/06/2023,Sierra Leone,Presidential,14816,post,23/05/2023,23/05/2023,-32,false! police vehicle arrested with drugs in presidential convoy was in 2010,https://dubawa.org/false-police-vehicle-arrested-with-drugs-in-presidential-convoy-was-in-2010/,1571|1960|16,window,1,election:election|poll|candidate
2023,24/06/2023,Sierra Leone,Presidential,14791,post,22/05/2023,22/05/2023,-33,typological analysis of fact-checking by the nigeria fact-checkers’ coalition during the 2023 elections,https://dubawa.org/typological-analysis-of-fact-checking-by-the-nigeria-fact-checkers-coalition-during-the-2023-elections/,5|1571|1573,window,1,election:election|vote|voter
2023,24/06/2023,Sierra Leone,Presidential,14776,post,20/05/2023,19/05/2023,-35,how inec s failure to fully upload results on irev portal is fuelling misinformation,https://dubawa.org/how-inecs-failure-to-fully-upload-results-on-irev-portal-is-fuelling-misinformation/,5|1572,window,1,election:election|poll|candidate
2023,24/06/2023,Sierra Leone,Presidential,14739,post,17/05/2023,17/05/2023,-38,false! senator johnson won more than 50% of total registered votes in nimba county,https://dubawa.org/false-senator-johnson-won-more-than-50-of-total-registered-votes-in-nimba-county/,5|1571|1960,window,1,election:election|vote|voter
2023,24/06/2023,Sierra Leone,Presidential,14733,post,16/05/2023,21/12/2023,-39,"peter obi’s legal team members not only igbos, as claimed by twitter users",https://dubawa.org/peter-obis-legal-team-members-not-only-igbos-as-claimed-by-twitter-users/,1571|16,window,1,election:election|candidate|presidential
2023,24/06/2023,Sierra Leone,Presidential,14720,post,15/05/2023,18/05/2023,-40,"false! tinubu not giving n20,000 as swearing-in celebration fund",https://dubawa.org/false-tinubu-not-giving-n20000-as-swearing-in-celebration-fund/,1571|16,window,1,election:election|vote
2023,24/06/2023,Sierra Leone,Presidential,31647,post,04/09/2026,04/09/2026,1168,misleading! guinea has not imposed blanket travel ban on sierra leoneans,https://dubawa.org/misleading-guinea-has-not-imposed-blanket-travel-ban-on-sierra-leoneans/,1268,category-only,5,category:1268; title:sierra leone
2023,24/06/2023,Sierra Leone,Presidential,31638,post,04/09/2026,04/09/2026,1168,false! hansi flick has not resigned as barcelona head coach,https://dubawa.org/false-hansi-flick-has-not-resigned-as-barcelona-head-coach/,1268|1571,category-only,3,category:1268
2023,24/06/2023,Sierra Leone,Presidential,31376,post,25/08/2026,25/08/2026,1158,false! summa group is not owned by drug lord bolle jos,https://dubawa.org/false-summa-group-is-not-owned-by-drug-lord-bolle-jos/,123|1268,category-only,5,category:1268; body:sierra leone; body:freetown
2023,24/06/2023,Sierra Leone,Presidential,31206,post,18/08/2026,18/08/2026,1151,false! atiku abubakar has not stepped down for peter obi ahead of nigeria’s 2027 election,https://dubawa.org/false-atiku-abubakar-has-not-stepped-down-for-peter-obi-ahead-of-nigerias-2027-election/,1268,category-only,4,category:1268; election:election|candidate|presidential
2023,24/06/2023,Sierra Leone,Presidential,31201,post,18/08/2026,18/08/2026,1151,false! kevin de bruyne has not joined inter miami on $7 million deal,https://dubawa.org/false-kevin-de-bruyne-has-not-joined-inter-miami-on-7-million-deal/,1268|1571,category-only,3,category:1268
2023,24/06/2023,Sierra Leone,Presidential,31192,post,18/08/2026,18/08/2026,1151,"false! viral image claiming laj arrested for stealing phone, photoshopped",https://dubawa.org/false-viral-image-claiming-laj-arrested-for-stealing-phone-photoshopped/,1571|437|1268,category-only,6,category:1268; body:sierra leone; body:julius maada bio; body:maada bio
2023,24/06/2023,Sierra Leone,Presidential,31184,post,18/08/2026,18/08/2026,1151,false! burna boy not honoured by trump at white house,https://dubawa.org/false-burna-boy-not-honoured-by-trump-at-white-house/,1571|437|1268,category-only,3,category:1268
2023,24/06/2023,Sierra Leone,Presidential,31169,post,17/08/2026,17/08/2026,1150,"viral photo of burna boy, davido performing together at grand areba, barcelona, ai-generated",https://dubawa.org/viral-photo-of-burna-boy-davido-performing-together-at-grand-areba-barcelona-ai-generated/,437|1268,category-only,3,category:1268
2023,24/06/2023,Sierra Leone,Presidential,30900,post,11/08/2026,11/08/2026,1144,"viral photos claiming president bio, family attended 2026 world cup final, ai-generated",https://dubawa.org/viral-photos-claiming-president-bio-family-attended-2026-world-cup-final-ai-generated/,1571|1268,category-only,6,category:1268; body:sierra leone; body:julius maada bio; body:maada bio
2023,24/06/2023,Sierra Leone,Presidential,30865,post,11/08/2026,11/08/2026,1144,false! kiki ramos not argentina’s first black footballer,https://dubawa.org/false-kiki-ramos-not-argentinas-first-black-footballer/,1571|1268,category-only,3,category:1268
2023,24/06/2023,Sierra Leone,Presidential,30798,post,08/08/2026,08/08/2026,1141,false! chelsea has not sacked manager xabi alonso,https://dubawa.org/false-chelsea-has-not-sacked-manager-xabi-alonso/,1571|3815|1268,category-only,3,category:1268
2023,24/06/2023,Sierra Leone,Presidential,30793,post,08/08/2026,08/08/2026,1141,"false! viral images of president trump visiting sierra leone, ai-generated",https://dubawa.org/false-viral-images-of-president-trump-visiting-sierra-leone-ai-generated/,1571|1268,category-only,8,category:1268; title:sierra leone; body:freetown; body:julius maada bio; body:maada bio
2023,24/06/2023,Sierra Leone,Presidential,30769,post,06/08/2026,06/08/2026,1139,false! illicit drugs not intercepted on aircraft at lungi airport,https://dubawa.org/false-illicit-drugs-not-intercepted-on-aircraft-at-lungi-airport/,1268,category-only,5,category:1268; body:sierra leone; body:freetown
2023,24/06/2023,Sierra Leone,Presidential,30636,post,28/07/2026,28/07/2026,1130,false! pedro porro has not agreed to transfer to barcelona,https://dubawa.org/false-pedro-porro-has-not-agreed-to-transfer-to-barcelona/,1571|1268,category-only,3,category:1268
2023,24/06/2023,Sierra Leone,Presidential,30578,post,26/07/2026,26/07/2026,1128,"viral image showing welcome to freetown, sierra leone, ai-generated",https://dubawa.org/viral-image-showing-welcome-to-freetown-sierra-leone-ai-generated/,1268,category-only,7,category:1268; title:sierra leone; title:freetown
2023,24/06/2023,Sierra Leone,Presidential,30550,post,25/07/2026,25/07/2026,1127,false! apc denies claim fatima bio became registered member of the party,https://dubawa.org/false-apc-denies-claim-fatima-bio-became-registered-member-of-the-party/,1571|3815|16|1268,category-only,5,category:1268; body:sierra leone; body:maada bio
2023,24/06/2023,Sierra Leone,Presidential,30513,post,23/07/2026,28/07/2026,1125,false! egypt has not banned messi from entering the country,https://dubawa.org/false-egypt-has-not-banned-messi-from-entering-the-country/,1571|437|1268,category-only,3,category:1268
2023,24/06/2023,Sierra Leone,Presidential,30509,post,23/07/2026,23/07/2026,1125,false! former president koroma has not joined the slpp,https://dubawa.org/false-former-president-koroma-has-not-joined-the-slpp/,1571|1268,category-only,6,category:1268; body:sierra leone; title:slpp
2023,24/06/2023,Sierra Leone,Presidential,30506,post,23/07/2026,23/07/2026,1125,false! treason charges against former president koroma not dismissed,https://dubawa.org/false-treason-charges-against-former-president-koroma-not-dismissed/,1571|1268,category-only,4,category:1268; body:sierra leone
2023,24/06/2023,Sierra Leone,Presidential,30485,post,22/07/2026,28/07/2026,1124,false! cas has not declared senegal as afcon winners,https://dubawa.org/false-cas-has-not-declared-senegal-as-afcon-winners/,1571|3815|123|1268,category-only,3,category:1268
2023,24/06/2023,Sierra Leone,Presidential,30456,post,20/07/2026,20/07/2026,1122,false! fifa president was not summoned to court over favouritism of argentina’s messi,https://dubawa.org/false-fifa-president-was-not-summoned-to-court-over-favouritism-of-argentinas-messi/,3704|1571|1268,category-only,3,category:1268
2023,24/06/2023,Sierra Leone,Presidential,30412,post,17/07/2026,17/07/2026,1119,"viral photo of garnacho wearing portuguese jersey, photoshopped",https://dubawa.org/viral-photo-of-garnacho-wearing-portuguese-jersey-photoshopped/,437|3815|1268,category-only,3,category:1268
2023,24/06/2023,Sierra Leone,Presidential,30369,post,16/07/2026,16/07/2026,1118,"viral photo claiming ronaldo stayed to cheer for argentina, photoshopped!",https://dubawa.org/viral-photo-claiming-ronaldo-stayed-to-cheer-for-argentina-photoshopped/,1571|437|1268,category-only,3,category:1268
2023,24/06/2023,Sierra Leone,Presidential,30353,post,16/07/2026,16/07/2026,1118,"viral photo of fifa president dining with sports officials in argentine jersey, ai-generated",https://dubawa.org/viral-photo-of-fifa-president-dining-with-sports-officials-in-argentine-jersey-ai-generated/,123|1571|1268|3704,category-only,3,category:1268
2023,24/06/2023,Sierra Leone,Presidential,30276,post,13/07/2026,13/07/2026,1115,"photo of mbappe and kao denero, ai-generated",https://dubawa.org/photo-of-mbappe-and-kao-denero-ai-generated/,1571|3815|1268,category-only,4,category:1268; body:sierra leone
2023,24/06/2023,Sierra Leone,Presidential,30271,post,12/07/2026,12/07/2026,1114,false! trump did not threaten to cancel 2026 fifa world cup over balogun’s red card,https://dubawa.org/false-trump-did-not-threaten-to-cancel-2026-fifa-world-cup-over-baloguns-red-card/,1268,category-only,3,category:1268
2023,24/06/2023,Sierra Leone,Presidential,30147,post,05/07/2026,05/07/2026,1107,"false! viral image claiming baltasar attended dr congo–england match, ai-generated",https://dubawa.org/false-viral-image-claiming-baltasar-attended-dr-congo-england-match-ai-generated/,1268|1571,category-only,3,category:1268
2023,24/06/2023,Sierra Leone,Presidential,30070,post,01/07/2026,01/07/2026,1103,misleading! dembélé not second player after messi to score hat trick in 2026 world cup,https://dubawa.org/misleading-dembele-not-second-player-after-messi-to-score-hat-trick-in-2026-world-cup/,1268,category-only,3,category:1268
2023,24/06/2023,Sierra Leone,Presidential,30000,post,26/06/2026,26/06/2026,1098,"viral image of adingra’s house set ablaze after ivory coast’s defeat to germany, photoshopped",https://dubawa.org/viral-image-of-adingras-house-set-ablaze-after-ivory-coasts-defeat-to-germany-photoshopped/,1268,category-only,3,category:1268
2023,24/06/2023,Sierra Leone,Presidential,29971,post,25/06/2026,25/06/2026,1097,multiple claims about foday sankoh fact-checked,https://dubawa.org/multiple-claims-about-foday-sankoh-fact-checked/,1268|1571|3812|3815,category-only,5,category:1268; body:sierra leone; body:freetown
2023,24/06/2023,Sierra Leone,Presidential,29951,post,24/06/2026,24/06/2026,1096,"viral video showing production of 2026 fifa world cup ball, ai-generated",https://dubawa.org/viral-video-showing-production-of-2026-fifa-world-cup-ball-ai-generated/,1268,category-only,3,category:1268
2023,24/06/2023,Sierra Leone,Presidential,29910,post,23/06/2026,23/06/2026,1095,sierra leone launches health travel portal: a digital shield against disease outbreaks,https://dubawa.org/sierra-leone-launches-health-travel-portal-a-digital-shield-against-disease-outbreaks/,1268|1572,category-only,6,category:1268; title:sierra leone; body:freetown
2023,24/06/2023,Sierra Leone,Presidential,29858,post,20/06/2026,20/06/2026,1092,no evidence sierra leone introduced double-decker buses; viral images ai-generated,https://dubawa.org/no-evidence-sierra-leone-introduced-double-decker-buses-viral-images-ai-generated/,1268|1571|3815|123,category-only,5,category:1268; title:sierra leone
2023,24/06/2023,Sierra Leone,Presidential,29768,post,17/06/2026,17/06/2026,1089,"viral image showing  welcome to  bo city, sierra leone,  ai-generated",https://dubawa.org/viral-image-showing-welcome-to-bo-city-sierra-leone-ai-generated/,1268,category-only,6,category:1268; title:sierra leone; body:freetown
2023,24/06/2023,Sierra Leone,Presidential,29695,post,14/06/2026,14/06/2026,1086,"false! sierra leone journalist sheku muctarr kamara, alive",https://dubawa.org/false-sierra-leone-journalist-sheku-muctarr-kamara-alive/,1268|437,category-only,6,category:1268; title:sierra leone; body:freetown
2023,24/06/2023,Sierra Leone,Presidential,29679,post,13/06/2026,20/08/2026,1085,update: false! the $582 million cocaine did not originate from sierra leone,https://dubawa.org/update-false-the-582-million-cocaine-did-not-originate-from-sierra-leone/,1571|1268,category-only,5,category:1268; title:sierra leone
2023,24/06/2023,Sierra Leone,Presidential,29620,post,12/06/2026,12/06/2026,1084,"viral image of maada bio shaking hands with jagaban, ai-generated",https://dubawa.org/viral-image-of-maada-bio-shaking-hands-with-jagaban-ai-generated/,1571|1268,category-only,8,category:1268; body:sierra leone; body:julius maada bio; title:maada bio; body:slpp
2023,24/06/2023,Sierra Leone,Presidential,29588,post,10/06/2026,10/06/2026,1082,false! don jazzy has not signed sierra leonean artist incredible jj to mavin records,https://dubawa.org/false-don-jazzy-has-not-signed-sierra-leonean-artist-incredible-jj-to-mavin-records/,1571|1268,category-only,5,category:1268; title:sierra leone
2023,24/06/2023,Sierra Leone,Presidential,29561,post,08/06/2026,08/06/2026,1080,"welcome image of kenema city, photoshopped",https://dubawa.org/welcome-image-of-kenema-city-photoshopped/,1571|1268,category-only,5,category:1268; body:sierra leone; body:freetown
2023,24/06/2023,Sierra Leone,Presidential,29540,post,07/06/2026,07/06/2026,1079,false! real madrid has not signed enzo fernández from chelsea,https://dubawa.org/false-real-madrid-has-not-signed-enzo-fernandez-from-chelsea/,1268|1571,category-only,3,category:1268
2023,24/06/2023,Sierra Leone,Presidential,29492,post,04/06/2026,04/06/2026,1076,viral claim china will control sierra leone s printing press misleading,https://dubawa.org/viral-claim-china-will-control-sierra-leones-printing-press-misleading/,1571|437|3812|3815|123|1268,category-only,5,category:1268; title:sierra leone
2023,24/06/2023,Sierra Leone,Presidential,29371,post,29/05/2026,29/05/2026,1070,false! cristiano ronaldo did not give his al nassr teammates rolls-royce,https://dubawa.org/false-cristiano-ronaldo-did-not-give-his-al-nassr-teammates-rolls-royce/,1571|1268,category-only,3,category:1268
2023,24/06/2023,Sierra Leone,Presidential,29342,post,28/05/2026,28/05/2026,1069,false! laj is not wanted by sierra leone police,https://dubawa.org/false-laj-is-not-wanted-by-sierra-leone-police/,1571|437|1268,category-only,5,category:1268; title:sierra leone
2023,24/06/2023,Sierra Leone,Presidential,29279,post,26/05/2026,26/05/2026,1067,viral sierra leone benguma military base photoshopped,https://dubawa.org/viral-sierra-leone-benguma-military-base-photoshopped/,1571|437|1268,category-only,6,category:1268; title:sierra leone; body:freetown
2023,24/06/2023,Sierra Leone,Presidential,29274,post,26/05/2026,26/05/2026,1067,"false! photo of establish meeting tiwa savage, simi, ai-generated",https://dubawa.org/false-photo-of-establish-meeting-tiwa-savage-simi-ai-generated/,1268|437|1571,category-only,4,category:1268; body:sierra leone
2023,24/06/2023,Sierra Leone,Presidential,29260,post,25/05/2026,25/05/2026,1066,false! southern region of sierra leone has more than one government hospital,https://dubawa.org/false-southern-region-of-sierra-leone-has-more-than-one-government-hospital/,1571|437|1268,category-only,5,category:1268; title:sierra leone
2023,24/06/2023,Sierra Leone,Presidential,29256,post,25/05/2026,25/05/2026,1066,"no flights, big fallout: the impact of air sierra leone’s shutdown",https://dubawa.org/no-flights-big-fallout-the-impact-of-air-sierra-leones-shutdown/,1268|1572,category-only,6,category:1268; title:sierra leone; body:freetown
2023,24/06/2023,Sierra Leone,Presidential,29233,post,24/05/2026,24/05/2026,1065,viral sierra leone giant ferry image photoshopped,https://dubawa.org/viral-sierra-leone-giant-ferry-image-photoshopped/,1268|437|1571,category-only,5,category:1268; title:sierra leone
2023,24/06/2023,Sierra Leone,Presidential,29176,post,18/05/2026,18/05/2026,1059,false! gerard martin not awarded best la liga defender,https://dubawa.org/false-gerard-martin-not-awarded-best-la-liga-defender/,1268,category-only,3,category:1268
2023,24/06/2023,Sierra Leone,Presidential,29172,post,18/05/2026,18/05/2026,1059,"false! viral post claiming mohamed kamarainba mansaray under dutch investigation, ai-generated",https://dubawa.org/false-viral-post-claiming-mohamed-kamarainba-mansaray-under-dutch-investigation-ai-generated/,1268,category-only,3,category:1268
2023,24/06/2023,Sierra Leone,Presidential,29158,post,18/05/2026,18/05/2026,1059,false! ernest bai koroma did not bring ebola to sierra leone,https://dubawa.org/false-ernest-bai-koroma-did-not-bring-ebola-to-sierra-leone/,1268,category-only,6,category:1268; title:sierra leone; body:freetown
2023,24/06/2023,Sierra Leone,Presidential,29148,post,18/05/2026,18/05/2026,1059,false! al nasser has not won saudi pro league,https://dubawa.org/false-al-nasser-has-not-won-saudi-pro-league/,1268,category-only,3,category:1268
2023,24/06/2023,Sierra Leone,Presidential,29113,post,13/05/2026,13/05/2026,1054,"viral claim of bai koroma’s death, fake",https://dubawa.org/viral-claim-of-bai-koromas-death-fake/,1571|1268,category-only,4,category:1268; body:sierra leone
2023,24/06/2023,Sierra Leone,Presidential,29109,post,13/05/2026,13/05/2026,1054,"viral post claiming sierra leone has electric public trains, misleading",https://dubawa.org/viral-post-claiming-sierra-leone-has-electric-public-trains-misleading/,1268|1571|3815,category-only,6,category:1268; title:sierra leone; body:freetown
2023,24/06/2023,Sierra Leone,Presidential,29017,post,07/05/2026,07/05/2026,1048,"claim musa tombo and spouse, memzo, welcome child, fake",https://dubawa.org/claim-musa-tombo-and-spouse-memzo-welcome-child-fake/,123|1571|4|3815|1268,category-only,4,category:1268; body:sierra leone
2023,24/06/2023,Sierra Leone,Presidential,28845,post,26/04/2026,26/04/2026,1037,false! legacy boii was not signed by don jazzy,https://dubawa.org/false-legacy-boii-was-not-signed-by-don-jazzy/,1268,category-only,4,category:1268; body:sierra leone
2023,24/06/2023,Sierra Leone,Presidential,28783,post,23/04/2026,23/04/2026,1034,bio didn t buy buses for transportation; viral image ai-generated,https://dubawa.org/bio-didnt-buy-buses-for-transportation-viral-image-ai-generated/,1268|1571,category-only,7,category:1268; body:sierra leone; body:freetown; body:julius maada bio; body:maada bio
2023,24/06/2023,Sierra Leone,Presidential,28684,post,14/04/2026,14/04/2026,1025,false! samuel et’o was not elected as caf president,https://dubawa.org/false-samuel-eto-was-not-elected-as-caf-president/,1268|1571|3704,category-only,4,category:1268; election:election|vote
2023,24/06/2023,Sierra Leone,Presidential,28672,post,14/04/2026,14/04/2026,1025,"viral photo of bayern players visiting rodrygo, al-generated",https://dubawa.org/viral-photo-of-bayern-players-visiting-rodrygo-al-generated/,1571|3815|1268|3704,category-only,3,category:1268
2023,24/06/2023,Sierra Leone,Presidential,28634,post,13/04/2026,13/04/2026,1024,false! no official demand by qatar for boeing 747-8 jet gifted to u.s.,https://dubawa.org/false-no-official-demand-by-qatar-for-boeing-747-8-jet-gifted-to-u-s/,1268|4|3812|3815,category-only,3,category:1268
2023,24/06/2023,Sierra Leone,Presidential,28583,post,10/04/2026,10/04/2026,1021,false! australia has not paid $50m to iran,https://dubawa.org/false-australia-has-not-paid-50m-to-iran/,1268|1571|3812|3815,category-only,3,category:1268
2023,24/06/2023,Sierra Leone,Presidential,28554,post,09/04/2026,09/04/2026,1020,"image of lionel messi holding senegal’s flag, ai-generated",https://dubawa.org/image-of-lionel-messi-holding-senegals-flag-ai-generated/,1268|437|1571,category-only,3,category:1268
2023,24/06/2023,Sierra Leone,Presidential,28435,post,01/04/2026,01/04/2026,1012,"viral press release on laj’s removal by julius maada bio, fake",https://dubawa.org/viral-press-release-on-lajs-removal-by-julius-maada-bio-fake/,123|1268,category-only,7,category:1268; title:julius maada bio; title:maada bio
2023,24/06/2023,Sierra Leone,Presidential,28375,post,26/03/2026,26/03/2026,1006,false! liverpool has not sacked manager arne slot,https://dubawa.org/false-liverpool-has-not-sacked-manager-arne-slot/,1571|3815|1268|3705,category-only,3,category:1268
2023,24/06/2023,Sierra Leone,Presidential,28363,post,25/03/2026,25/03/2026,1005,false! brain jotter did not study medicine or qualify as medical doctor,https://dubawa.org/false-brain-jotter-did-not-study-medicine-or-qualify-as-medical-doctor/,1268|1571|3815,category-only,3,category:1268
2023,24/06/2023,Sierra Leone,Presidential,28360,post,25/03/2026,25/03/2026,1005,false! liam rosenior has not been sacked by chelsea football club,https://dubawa.org/false-liam-rosenior-has-not-been-sacked-by-chelsea-football-club/,1268|3815|3704,category-only,3,category:1268
2023,24/06/2023,Sierra Leone,Presidential,28357,post,25/03/2026,25/03/2026,1005,false! fifa president did not say brahim diaz ‘intentionally’missed morocco s penalty,https://dubawa.org/false-fifa-president-did-not-say-brahim-diaz-intentionallymissed-moroccos-penalty/,3704|437|1571|3815|1268,category-only,4,category:1268; election:presidential
2023,24/06/2023,Sierra Leone,Presidential,28323,post,23/03/2026,24/03/2026,1003,false! israeli prime minister benjamin netanyahu is not dead,https://dubawa.org/israeli-prime-minister-benjamin-netanyahu-is-not-dead/,1571|437|3815|16|1268,category-only,3,category:1268
2023,24/06/2023,Sierra Leone,Presidential,28320,post,23/03/2026,23/03/2026,1003,false! caf did not ask sadio mane to return player of tournament award,https://dubawa.org/caf-did-not-ask-sadio-mane-to-return-player/,1571|437|3815|1268,category-only,3,category:1268
2023,24/06/2023,Sierra Leone,Presidential,28315,post,23/03/2026,24/03/2026,1003,"viral photos of burna boy, verydarkman donating to orphanage, al-generated",https://dubawa.org/viral-photos-of-burna-boy-verdarkman-donating-to-orphanage-al-generated/,1571|437|3815|1268,category-only,3,category:1268
2023,24/06/2023,Sierra Leone,Presidential,28292,post,19/03/2026,19/03/2026,999,false! donald trump’s convoy not attacked by iranian operatives,https://dubawa.org/false-donald-trumps-convoy-not-attacked-by-iranian-operatives/,1571|437|3815|1268,category-only,3,category:1268
2023,24/06/2023,Sierra Leone,Presidential,28280,post,18/03/2026,18/03/2026,998,false! sierra leone police has not declared king boss la wanted,https://dubawa.org/false-sierra-leone-police-has-not-declared-king-boss-la-wanted/,437|1571|3815|1268,category-only,5,category:1268; title:sierra leone
2023,24/06/2023,Sierra Leone,Presidential,28270,post,18/03/2026,18/03/2026,998,misleading! a facebook user misrepresents reason for kadija kamara’s 11-month jail sentence,https://dubawa.org/misleading-a-facebook-user-misrepresents-reason-for-kadija-kamaras-11-month-jail-sentence/,1571|437|3815|1268,category-only,5,category:1268; body:sierra leone; body:freetown
2023,24/06/2023,Sierra Leone,Presidential,28256,post,17/03/2026,17/03/2026,997,"video of sierra leonean soldiers intimidated by guinean soldiers, al-generated",https://dubawa.org/video-of-sierra-leonean-soldiers-intimidated-by-guinean-soldiers-al-generated/,1268|3815|119,category-only,6,category:1268; title:sierra leone; body:freetown
2023,24/06/2023,Sierra Leone,Presidential,28235,post,16/03/2026,16/03/2026,996,false! sierra leone’s education ministry did not ban school camping nationwide,https://dubawa.org/false-sierra-leones-education-ministry-did-not-ban-school-camping-nationwide/,1268|1571|3815,category-only,5,category:1268; title:sierra leone
2023,24/06/2023,Sierra Leone,Presidential,28208,post,15/03/2026,15/03/2026,995,"image claiming manchester united  has signed emiliano martínez, ai-generated",https://dubawa.org/image-claiming-manchester-united-has-signed-emiliano-martinez-ai-generated/,1571|3815|1268,category-only,3,category:1268
2023,24/06/2023,Sierra Leone,Presidential,28098,post,06/03/2026,06/03/2026,986,verydarkman is not dead; viral burial video stunt,https://dubawa.org/verydarkman-is-not-dead-viral-burial-video-stunt/,1571|437|3815|1268,category-only,3,category:1268
2023,24/06/2023,Sierra Leone,Presidential,27907,post,24/02/2026,24/02/2026,976,"false! image trump welcoming bobi’s family to united states, ai-generated",https://dubawa.org/false-image-trump-welcoming-bobis-family/,1571|437|4|3812|3815|1268,category-only,3,category:1268
2023,24/06/2023,Sierra Leone,Presidential,27877,post,21/02/2026,21/02/2026,973,claim about sierra leone is among africa’s best-governed countries is misleading,https://dubawa.org/claim-about-sierra-leone-is-among-africas-best-governed-countries-is-misleading/,1268|437|1571,category-only,5,category:1268; title:sierra leone
2023,24/06/2023,Sierra Leone,Presidential,27691,post,11/02/2026,13/02/2026,963,false! grammy not won by davido,https://dubawa.org/false-grammy-not-won-by-davido/,1268|437|3815,category-only,4,category:1268; body:sierra leone
2023,24/06/2023,Sierra Leone,Presidential,27543,post,31/01/2026,31/01/2026,952,"ishowspeed is not in freetown, contrary to viral social media claim",https://dubawa.org/ishowspeed-is-not-in-freetown-contrary-to-viral-social-media-claim/,437|1571|3815|1268,category-only,6,category:1268; body:sierra leone; title:freetown
2023,24/06/2023,Sierra Leone,Presidential,27523,post,29/01/2026,29/01/2026,950,"false! viral photo of osimhen proposing to regina daniels, ai-generated",https://dubawa.org/false-viral-photo-of-osimhen-proposing-to-regina-daniels-ai-generated/,437|1571|4|3815|1268,category-only,3,category:1268
2023,24/06/2023,Sierra Leone,Presidential,27467,post,25/01/2026,25/01/2026,946,misleading! manchester city did not announce jobs for homeless people,https://dubawa.org/misleading-manchester-city-did-not-announce-jobs-for-homeless-people/,1571|437|3815|1268|3704,category-only,3,category:1268
2023,24/06/2023,Sierra Leone,Presidential,27449,post,23/01/2026,23/01/2026,944,"viral photos of osimhen, nicki minaj, al-generated",https://dubawa.org/viral-photos-of-osimhen-nicki-minaj-al-generated/,437|1571|3815|1268|3704,category-only,4,category:1268; body:sierra leone
2023,24/06/2023,Sierra Leone,Presidential,27277,post,13/01/2026,13/01/2026,934,"false! incredible jj didn t meet davido, viral photos doctored",https://dubawa.org/false-incredible-jj-didnt-meet-davido-viral-photos-doctored/,1268|3815,category-only,4,category:1268; body:sierra leone
2023,24/06/2023,Sierra Leone,Presidential,27236,post,13/01/2026,13/01/2026,934,"false! image of tinubu sitting beside anthony joshua in hospital, fake",https://dubawa.org/false-image-of-tinubu-sitting-beside-anthony-joshua-in-hospital-fake/,123|1571|3815|1268,category-only,3,category:1268
2023,24/06/2023,Sierra Leone,Presidential,27233,post,12/01/2026,12/01/2026,933,"viral video of anthony joshua retiring from boxing, ai-generated",https://dubawa.org/viral-video-of-anthony-joshua-retiring-from-boxing-ai-generated/,1571|4|3812|3815|1268,category-only,3,category:1268
2023,24/06/2023,Sierra Leone,Presidential,27102,post,06/01/2026,06/01/2026,927,"false! peller did not meet lionel messi, viral photo doctored",https://dubawa.org/false-peller-did-not-meet-lionel-messi-viral-photo-doctored/,1571|1268,category-only,3,category:1268
2023,24/06/2023,Sierra Leone,Presidential,27033,post,01/01/2026,01/01/2026,922,false! no statement from anthony joshua that he will never visit nigeria,https://dubawa.org/false-no-statement-from-anthony-joshua-that-he-will-never-visit-nigeria/,1571|3815|1268,category-only,3,category:1268
2023,24/06/2023,Sierra Leone,Presidential,26976,post,30/12/2025,30/12/2025,920,false! the slpp government did not inherit 6.7% economic growth,https://dubawa.org/false-the-slpp-government-did-not-inherit-6-7-economic-growth/,1268|3815|123,category-only,8,category:1268; body:sierra leone; body:julius maada bio; body:maada bio; title:slpp
2023,24/06/2023,Sierra Leone,Presidential,26708,post,23/12/2025,23/12/2025,913,false! judiciary denies video showing masquerades tried in sierra leone’s high court,https://dubawa.org/false-judiciary-denies-video-showing-masquerades-tried-in-sierra-leones-high-court/,1571|3815|1268,category-only,5,category:1268; title:sierra leone
2023,24/06/2023,Sierra Leone,Presidential,26646,post,19/12/2025,19/12/2025,909,misleading! boss laj didn t perform at all-game final show,https://dubawa.org/misleading-boss-laj-didnt-perform-at-all-game-final-show/,1268|1571|4|3815,category-only,5,category:1268; body:sierra leone; body:freetown
2023,24/06/2023,Sierra Leone,Presidential,26574,post,15/12/2025,15/12/2025,905,viral pictures of sierra leone universities are doctored!,https://dubawa.org/viral-pictures-of-sierra-leone-universities-are-doctored/,1268|1571|4|3812|3815,category-only,6,category:1268; title:sierra leone; body:freetown
2023,24/06/2023,Sierra Leone,Presidential,26568,post,15/12/2025,15/12/2025,905,"viral photo purportedly showing wole soyinka, young gbenga daniel, is false",https://dubawa.org/viral-photo-purportedly-showing-wole-soyinka-young-gbenga-daniel-is-false/,1571|4|3815|1268,category-only,3,category:1268
2023,24/06/2023,Sierra Leone,Presidential,26506,post,10/12/2025,10/12/2025,900,snow did not fall in freetown; viral photos are distorted,https://dubawa.org/snow-did-not-fall-in-freetown-viral-photos-are-distorted/,1571|4|3812|3815|1268,category-only,6,category:1268; body:sierra leone; title:freetown
2023,24/06/2023,Sierra Leone,Presidential,26498,post,09/12/2025,09/12/2025,899,misleading! deputy minister did not admit slpp had failed,https://dubawa.org/misleading-deputy-minister-did-not-admit-slpp-had-failed/,1571|3815|16|1268,category-only,6,category:1268; body:sierra leone; title:slpp
2023,24/06/2023,Sierra Leone,Presidential,26456,post,05/12/2025,05/12/2025,895,photos of prayer meeting used to portray drizilik’s show at fourah bay amphitheatre,https://dubawa.org/photos-of-prayer-meeting-used-to-portray-driziliks-show-at-fourah-bay-amphitheatre/,1571|437|3815|1268,category-only,4,category:1268; body:sierra leone
2023,24/06/2023,Sierra Leone,Presidential,26370,post,29/11/2025,29/11/2025,889,misleading! barcelona did not sign sierra leonean footballer named cripsin kamara,https://dubawa.org/misleading-barcelona-did-not-sign-sierra-leonean-footballer-named-cripsin-kamara/,1268|437|1571|3815|3705,category-only,5,category:1268; title:sierra leone
2023,24/06/2023,Sierra Leone,Presidential,26254,post,25/11/2025,25/11/2025,885,misleading! mcc 2026 scorecard for sierra leone not worst ever,https://dubawa.org/misleading-mcc-2026-scorecard-for-sierra-leone-not-worst-ever/,1571|120|3815|1268,category-only,5,category:1268; title:sierra leone
2023,24/06/2023,Sierra Leone,Presidential,26251,post,25/11/2025,25/11/2025,885,"false! viral image claiming waec office on fire, ai-generated",https://dubawa.org/false-viral-image-claiming-waec-office-on-fire-ai-generated/,1571|4486|4|3812|3815|1268,category-only,4,category:1268; body:sierra leone
2023,24/06/2023,Sierra Leone,Presidential,26014,post,18/11/2025,18/11/2025,878,"false! viral photo of peller and jarvis expecting a baby, ai-generated",https://dubawa.org/false-viral-photo-of-peller-and-jarvis-expecting-a-baby-ai-generated/,1268|1571|3815,category-only,3,category:1268
2023,24/06/2023,Sierra Leone,Presidential,25639,post,05/11/2025,05/11/2025,865,misleading! photos depicting tourist sites don t reflect places in sierra leone,https://dubawa.org/misleading-photos-depicting-tourist-sites-dont-reflect-places-in-sierra-leone/,1571|3815|1268,category-only,6,category:1268; title:sierra leone; body:freetown
2023,24/06/2023,Sierra Leone,Presidential,25579,post,04/11/2025,04/11/2025,864,"viral recruitment by air sierra leone, fake",https://dubawa.org/viral-recruitment-by-air-sierra-leone-fake/,1571|3815|1268,category-only,5,category:1268; title:sierra leone
2023,24/06/2023,Sierra Leone,Presidential,25552,post,01/11/2025,01/11/2025,861,false! two girls who reportedly got married have not been sentenced,https://dubawa.org/false-two-girls-who-reportedly-got-married-have-not-been-sentenced/,1571|3812|3815|1268,category-only,4,category:1268; body:sierra leone
2023,24/06/2023,Sierra Leone,Presidential,25527,post,31/10/2025,31/10/2025,860,"misleading! momoh kamara was nominated, but not winner of 2025 caf young player award",https://dubawa.org/misleading-momoh-kamara-was-nominated-but-not-winner-of-2025-caf-young-player-award/,1571|4|3812|3815|1268,category-only,6,category:1268; body:sierra leone; body:julius maada bio; body:maada bio
2023,24/06/2023,Sierra Leone,Presidential,25213,post,22/10/2025,22/10/2025,851,"viral photo of messi, wife, visiting nigeria is ai-generated",https://dubawa.org/viral-photo-of-messi-wife-visiting-nigeria-is-ai-generated/,1571|3815|1268,category-only,3,category:1268
2023,24/06/2023,Sierra Leone,Presidential,25206,post,22/10/2025,22/10/2025,851,"false! sadio mané and wife welcomed baby girl, not twins",https://dubawa.org/false-sadio-mane-and-wife-welcomed-baby-girl-not-twins/,1571|4486|3815|1268,category-only,3,category:1268
2023,24/06/2023,Sierra Leone,Presidential,25199,post,22/10/2025,22/10/2025,851,"viral video showing gaza martyrs museum, al-generated",https://dubawa.org/viral-video-showing-gaza-martyrs-museum-al-generated/,1571|3815|1268,category-only,3,category:1268
2023,24/06/2023,Sierra Leone,Presidential,25156,post,18/10/2025,18/10/2025,847,false! no jet bought by jagaban for sierra leoneans,https://dubawa.org/false-no-jet-bought-by-jagaban-for-sierra-leoneans/,1571|3815|1268,category-only,5,category:1268; title:sierra leone
2023,24/06/2023,Sierra Leone,Presidential,25152,post,18/10/2025,18/10/2025,847,"misleading! cape verde, second-smallest country to qualify for world cup not world’s second-smallest country",https://dubawa.org/misleading-cape-verde-second-smallest-country-to-qualify-for-world-cup-not-worlds-second-smallest-country/,1571|3815|1268|3705,category-only,4,category:1268; body:sierra leone
2023,24/06/2023,Sierra Leone,Presidential,25065,post,15/10/2025,15/10/2025,844,misleading! freetown international airport not best in africa,https://dubawa.org/misleading-freetown-international-airport-not-best-in-africa/,1571|120|3815|1268,category-only,6,category:1268; body:sierra leone; title:freetown
2023,24/06/2023,Sierra Leone,Presidential,25013,post,13/10/2025,13/10/2025,842,true! sierra leone police confirm arrest warrant for natasha beckley,https://dubawa.org/true-sierra-leone-police-confirm-arrest-warrant-for-natasha-beckley/,1571|3815|1268,category-only,5,category:1268; title:sierra leone
2023,24/06/2023,Sierra Leone,Presidential,25001,post,13/10/2025,13/10/2025,842,false! the renovation of siaka stevens’ stadium is not completed,https://dubawa.org/false-the-renovation-of-siaka-stevens-stadium-is-not-completed/,123|1571|3815|1268,category-only,5,category:1268; body:sierra leone; body:freetown
2023,24/06/2023,Sierra Leone,Presidential,24939,post,10/10/2025,10/10/2025,839,ministry of youth disowns viral recruitment poster for ‘casual workers’ in kush sensitisation program,https://dubawa.org/ministry-of-youth-disowns-viral-recruitment-poster-for-casual-workers-in-kush-sensitisation-program/,1268|3815|16,category-only,4,category:1268; body:sierra leone
2023,24/06/2023,Sierra Leone,Presidential,24833,post,03/10/2025,03/10/2025,832,false! no giant statue exists in new england ville,https://dubawa.org/false-no-giant-statue-exists-in-new-england-ville/,1571|3812|3815|1268,category-only,4,category:1268; body:freetown
2023,24/06/2023,Sierra Leone,Presidential,24702,post,25/09/2025,25/09/2025,824,false! sierra leone has not banned akon’s music,https://dubawa.org/false-sierra-leone-has-not-banned-akons-music/,1571|3815|1268,category-only,7,category:1268; title:sierra leone; body:julius maada bio; body:maada bio
2023,24/06/2023,Sierra Leone,Presidential,24529,post,19/09/2025,19/09/2025,818,misleading! viral photos of united states of africa passport and capital city are distorted,https://dubawa.org/misleading-viral-photos-of-united-states-of-africa-passport-and-capital-city-are-distorted/,1571|3815|1268,category-only,3,category:1268
2023,24/06/2023,Sierra Leone,Presidential,24496,post,17/09/2025,17/09/2025,816,"viral news article of president bio endorsing fortuix agency, a hoax",https://dubawa.org/viral-news-article-of-president-bio-endorsing-fortuix-agency-a-hoax/,1571|4|3812|3815|1268,category-only,6,category:1268; body:sierra leone; body:julius maada bio; body:maada bio
2023,24/06/2023,Sierra Leone,Presidential,24489,post,17/09/2025,17/09/2025,816,misleading! sierra leone not ranked as top five most generous countries,https://dubawa.org/misleading-sierra-leone-not-ranked-as-top-five-most-generous-countries/,1571|3815|1268,category-only,5,category:1268; title:sierra leone
2023,24/06/2023,Sierra Leone,Presidential,24486,post,17/09/2025,17/09/2025,816,viral video of peter drury choosing ronaldo over messi is ai-generated,https://dubawa.org/viral-video-of-peter-drury-choosing-ronaldo-over-messi-is-ai-generated/,1571|1268|3705|3704,category-only,3,category:1268
2023,24/06/2023,Sierra Leone,Presidential,24406,post,13/09/2025,13/09/2025,812,false! rahim ayew not 22 years old,https://dubawa.org/false-rahim-ayew-not-22-years-old/,1268|1571|3815,category-only,4,category:1268; body:sierra leone
2023,24/06/2023,Sierra Leone,Presidential,24399,post,13/09/2025,13/09/2025,812,claim about the new fifa offside rule is false,https://dubawa.org/claim-about-the-new-fifa-offside-rule-is-false/,1571|4|3815|1268,category-only,3,category:1268
2023,24/06/2023,Sierra Leone,Presidential,24334,post,10/09/2025,10/09/2025,809,false! osita iheme not shown with his real children in photo,https://dubawa.org/false-osita-iheme-not-shown-with-his-real-children-in-photo/,1571|1268,category-only,3,category:1268
2023,24/06/2023,Sierra Leone,Presidential,24328,post,10/09/2025,10/09/2025,809,false! this is not the first bike that charges phones in sierra leone,https://dubawa.org/false-this-is-not-the-first-bike-that-charges-phones-in-sierra-leone/,1571|3815|1268,category-only,6,category:1268; title:sierra leone; body:freetown
2023,24/06/2023,Sierra Leone,Presidential,24309,post,08/09/2025,08/09/2025,807,false! trump did not ask elon musk to leave united states,https://dubawa.org/false-trump-did-not-ask-elon-musk-to-leave-united-states/,1571|3815|1268,category-only,3,category:1268
2023,24/06/2023,Sierra Leone,Presidential,24234,post,01/09/2025,01/09/2025,800,"orbatheh did not travel to the usa, the viral photo was manipulated",https://dubawa.org/orbatheh-did-not-travel-to-the-usa-the-viral-photo-was-manipulated/,1268|1571|4|3812|3815,category-only,4,category:1268; body:sierra leone
2023,24/06/2023,Sierra Leone,Presidential,24227,post,30/08/2025,25/09/2025,798,"misleading! francis tucker’s helicopter dream, not tucker, is 34 years old",https://dubawa.org/misleading-francis-tuckers-helicopter-dream-not-tucker-is-34-years-old/,123|120|4|3815|1268,category-only,4,category:1268; body:sierra leone
2023,24/06/2023,Sierra Leone,Presidential,24136,post,26/08/2025,26/08/2025,794,misleading! victor boniface did not complete €15m transfer to al-nassr,https://dubawa.org/misleading-victor-boniface-did-not-complete-e15m-transfer-to-al-nassr/,1268|1571|3815|3705,category-only,3,category:1268
2023,24/06/2023,Sierra Leone,Presidential,24112,post,25/08/2025,25/08/2025,793,misleading claim about putin proving jesus was from africa,https://dubawa.org/misleading-claim-about-putin-proving-jesus-was-from-africa/,1268|1571|3815|123,category-only,4,category:1268; body:sierra leone
2023,24/06/2023,Sierra Leone,Presidential,24070,post,22/08/2025,22/08/2025,790,"viral photo of pro-palestine protesters in japan, al-generated",https://dubawa.org/viral-photo-of-pro-palestine-protesters-in-japan-al-generated/,1268|437|1571|3815|123,category-only,3,category:1268
2023,24/06/2023,Sierra Leone,Presidential,24067,post,22/08/2025,22/08/2025,790,"rihanna’s viral song for manchester united, ai-generated",https://dubawa.org/rihannas-viral-song-for-manchester-united-ai-generated/,1268|1571|3815|3705,category-only,3,category:1268
2023,24/06/2023,Sierra Leone,Presidential,23982,post,14/08/2025,14/08/2025,782,misleading! sierra leone has only one operational airport,https://dubawa.org/misleading-sierra-leone-has-only-one-operational-airport/,1268|3812|3815|123,category-only,6,category:1268; title:sierra leone; body:freetown
2023,24/06/2023,Sierra Leone,Presidential,23955,post,14/08/2025,14/08/2025,782,"viral photo of wizkid gifting a car to davido on his wedding, al-generated",https://dubawa.org/viral-photo-of-wizkid-gifting-a-car-to-davido-on-his-wedding-al-generated/,1268|1571|123,category-only,3,category:1268
2023,24/06/2023,Sierra Leone,Presidential,23952,post,14/08/2025,14/08/2025,782,"viral video of foreign houses being demolished in burkina faso, ai-generated",https://dubawa.org/viral-video-of-foreign-houses-being-demolished-in-burkina-faso-ai-generated/,1268|1571|3815|123,category-only,4,category:1268; election:parliament|legislative
2023,24/06/2023,Sierra Leone,Presidential,23926,post,13/08/2025,13/08/2025,781,misleading! olive b. academy not first all-girls boarding school in sierra leone,https://dubawa.org/misleading-olive-b-academy-not-first-all-girls-boarding-school-in-sierra-leone/,1268|122|1571|3812|3815,category-only,6,category:1268; title:sierra leone; body:freetown
2023,24/06/2023,Sierra Leone,Presidential,23891,post,10/08/2025,10/08/2025,778,"eu, uk revoke sierra leonean nationals  visa privileges over extradition row, false!",https://dubawa.org/eu-uk-revoke-sierra-leonean-nationals-visa-privileges-over-extradition-row-false/,1268|1571|3812|3815|123,category-only,5,category:1268; title:sierra leone
2023,24/06/2023,Sierra Leone,Presidential,23883,post,08/08/2025,08/08/2025,776,javis didn t visit her former school in edo state; photos from sierra leone,https://dubawa.org/javis-didnt-visit-her-former-school-in-edo-state-photos-from-sierra-leone/,1268|1571|3812|3815|123,category-only,6,category:1268; title:sierra leone; body:freetown
2023,24/06/2023,Sierra Leone,Presidential,23851,post,05/08/2025,05/08/2025,773,"$3bn electric car sales by ibrahim traore, false",https://dubawa.org/3bn-electric-car-sales-by-ibrahim-traore-false/,1268|437|1571|3812|3815|123,category-only,3,category:1268
2023,24/06/2023,Sierra Leone,Presidential,23841,post,05/08/2025,05/08/2025,773,"pictures depicting ronaldo purchasing shares in manchester united, ai-generated",https://dubawa.org/pictures-depicting-ronaldo-purchasing-shares-in-manchester-united-ai-generated/,1268|437|1571|3812|3815|3705,category-only,3,category:1268
2023,24/06/2023,Sierra Leone,Presidential,23805,post,03/08/2025,03/08/2025,771,"viral video on bo district flood scene, ai-generated",https://dubawa.org/viral-video-on-bo-district-flood-scene-ai-generated/,1571|3812|3815|1268,category-only,4,category:1268; body:sierra leone
2023,24/06/2023,Sierra Leone,Presidential,23770,post,30/07/2025,30/07/2025,767,misleading! viral tiktok sound cannot clean your phone speaker,https://dubawa.org/misleading-viral-tiktok-sound-cannot-clean-your-phone-speaker/,1571|3812|3815|123|1268,category-only,4,category:1268; body:sierra leone
2023,24/06/2023,Sierra Leone,Presidential,23738,post,28/07/2025,28/07/2025,765,misleading! connaught hospital is not closed; only the mortuary is under renovation,https://dubawa.org/misleading-connaught-hospital-is-not-closed-only-the-mortuary-is-under-renovation/,1268|1571|3812|3815,category-only,4,category:1268; body:sierra leone
2023,24/06/2023,Sierra Leone,Presidential,23727,post,28/07/2025,28/07/2025,765,false! no announcement by elon musk to buy real madrid,https://dubawa.org/false-no-announcement-by-elon-musk-to-buy-real-madrid/,1571|4|3815|1268,category-only,3,category:1268
2023,24/06/2023,Sierra Leone,Presidential,23689,post,23/07/2025,23/07/2025,760,false! kobbie mainoo did not adopt texas flood victim; viral image ai-generated,https://dubawa.org/false-kobbie-mainoo-did-not-adopt-texas-flood-victim-viral-image-ai-generated/,1571|4|3812|3815|1268,category-only,3,category:1268
2023,24/06/2023,Sierra Leone,Presidential,23627,post,17/07/2025,17/07/2025,754,"false! viral image not victoria park in freetown, sierra leone",https://dubawa.org/false-viral-image-not-victoria-park-in-freetown-sierra-leone/,1268|3815,category-only,7,category:1268; title:sierra leone; title:freetown
2023,24/06/2023,Sierra Leone,Presidential,23582,post,14/07/2025,14/07/2025,751,false! no decision by fifa to design bounou’s statue,https://dubawa.org/false-no-decision-by-fifa-to-design-bounous-statue/,1571|3815|1268,category-only,3,category:1268
2023,24/06/2023,Sierra Leone,Presidential,23554,post,10/07/2025,10/07/2025,747,funding for emirates hospital in gbarpolu not from saudi government,https://dubawa.org/funding-for-emirates-hospital-in-gbarpolu-not-from-saudi-government/,1268|1571|4|3815,category-only,4,category:1268; election:election
2023,24/06/2023,Sierra Leone,Presidential,23532,post,09/07/2025,09/07/2025,746,misleading! partey has not been arrested,https://dubawa.org/misleading-partey-has-not-been-arrested/,1571|3815|1268,category-only,3,category:1268
2023,24/06/2023,Sierra Leone,Presidential,23528,post,09/07/2025,09/07/2025,746,sierra leone car wash ai-generated,https://dubawa.org/sierra-leone-car-wash-ai-generated/,1268|3815,category-only,5,category:1268; title:sierra leone
2023,24/06/2023,Sierra Leone,Presidential,23518,post,09/07/2025,09/07/2025,746,"viral video of burna boy’s song for ibrahim traore, al-generated",https://dubawa.org/viral-video-of-burna-boys-song-for-ibrahim-traore-al-generated/,123|1571|1268,category-only,3,category:1268
2023,24/06/2023,Sierra Leone,Presidential,23515,post,09/07/2025,09/07/2025,746,picture of bus station in sierra leone ai-generated,https://dubawa.org/picture-of-bus-station-in-sierra-leone-ai-generated/,1268|1571|4|3815,category-only,5,category:1268; title:sierra leone
2023,24/06/2023,Sierra Leone,Presidential,23494,post,07/07/2025,07/07/2025,744,false! no american passport is needed to buy food or drugs in the u.s.,https://dubawa.org/false-no-american-passport-is-needed-to-buy-food-or-drugs-in-the-u-s/,1571|1268,category-only,4,category:1268; body:sierra leone
2023,24/06/2023,Sierra Leone,Presidential,23491,post,07/07/2025,07/07/2025,744,"false! highway photo not in freetown, ai-generated",https://dubawa.org/false-highway-photo-not-in-freetown-ai-generated/,123|1571|1268,category-only,6,category:1268; body:sierra leone; title:freetown
2023,24/06/2023,Sierra Leone,Presidential,23461,post,03/07/2025,03/07/2025,740,"viral video of roman reigns condemning attacks on iran, palestine is al-generated",https://dubawa.org/viral-video-of-roman-reigns-condemning-attacks-on-iran-palestine-is-al-generated/,1571|3815|1268,category-only,3,category:1268
2023,24/06/2023,Sierra Leone,Presidential,23458,post,03/07/2025,03/07/2025,740,false! trump did not propose $30 billion iran nuclear plan,https://dubawa.org/false-trump-did-not-propose-30-billion-iran-nuclear-plan/,1571|1268,category-only,4,category:1268; body:sierra leone
2023,24/06/2023,Sierra Leone,Presidential,23449,post,03/07/2025,03/07/2025,740,"false! bolo not sick, not in wheelchair",https://dubawa.org/false-bolo-not-sick-not-in-wheelchair/,1268|1571|3815,category-only,4,category:1268; body:sierra leone
2023,24/06/2023,Sierra Leone,Presidential,23446,post,03/07/2025,03/07/2025,740,is tiktok now monetised in sierra leone? here is what we know,https://dubawa.org/is-tiktok-now-monetised-in-sierra-leone-here-is-what-we-know/,1268,category-only,5,category:1268; title:sierra leone
2023,24/06/2023,Sierra Leone,Presidential,23430,post,02/07/2025,02/07/2025,739,"photo purported to be sierra leone’s “lungi bridge,” u.s. lake",https://dubawa.org/photo-purported-to-be-sierra-leones-lungi-bridge-u-s-lake/,1268|1571|3812|3815,category-only,9,category:1268; title:sierra leone; body:freetown; body:julius maada bio; body:maada bio; body:slpp
2023,24/06/2023,Sierra Leone,Presidential,23370,post,29/06/2025,29/06/2025,736,"sierra leone’s april 2025 inflation rate true, but last single-digit mark not may 2021",https://dubawa.org/sierra-leones-april-2025-inflation-rate-true-but-last-single-digit-mark-not-in-may-2021/,1268|120|437|1571|3812|3815,category-only,7,category:1268; title:sierra leone; body:julius maada bio; body:maada bio
2023,24/06/2023,Sierra Leone,Presidential,23329,post,25/06/2025,25/06/2025,732,false! bio’s administration did not renovate east end lions’ pitch,https://dubawa.org/false-bios-administration-did-not-renovate-east-end-lions-pitch/,1571|3815|1268,category-only,7,category:1268; body:sierra leone; body:freetown; body:julius maada bio; body:maada bio
2023,24/06/2023,Sierra Leone,Presidential,23317,post,24/06/2025,24/06/2025,731,"false! viral image showing barcelona city in fc barcelona crest shape, digitally manipulated",https://dubawa.org/false-viral-image-showing-barcelona-city-in-fc-barcelona-crest-shape-digitally-manipulated/,1571|3815|1268,category-only,3,category:1268
2023,24/06/2023,Sierra Leone,Presidential,23295,post,23/06/2025,23/06/2025,730,"senegal, first african team to beat england, but not first to score three goals",https://dubawa.org/senegal-first-african-team-to-beat-england-but-not-first-to-score-three-goals/,1571|3812|3815|1268|3704,category-only,3,category:1268
2023,24/06/2023,Sierra Leone,Presidential,23291,post,23/06/2025,23/06/2025,730,"who is paying compensation to air india crash victims, and how much?",https://dubawa.org/who-is-paying-compensation-to-air-india-crash-victims/,1572|3815|1268,category-only,3,category:1268
2023,24/06/2023,Sierra Leone,Presidential,23270,post,20/06/2025,20/06/2025,727,false! ‘kao denero’ has no new electric bike company from indiana,https://dubawa.org/false-kao-denero-has-no-new-electric-bike-company-from-indiana/,1571|3812|3815|1268,category-only,4,category:1268; body:sierra leone
2023,24/06/2023,Sierra Leone,Presidential,23261,post,19/06/2025,25/06/2025,726,false! sierra leone did not launch west africa s first 5g mobile network,https://dubawa.org/false-sierra-leone-did-not-launch-west-africas-first-5g-mobile-network/,1268|1571|4|3812|3815,category-only,7,category:1268; title:sierra leone; body:julius maada bio; body:maada bio
2023,24/06/2023,Sierra Leone,Presidential,23250,post,19/06/2025,19/06/2025,726,false! pogba has not agreed to join manchester city,https://dubawa.org/false-pogba-has-not-agreed-to-join-manchester-city/,1268|1571|4|3812|3815|3705,category-only,3,category:1268
2023,24/06/2023,Sierra Leone,Presidential,23243,post,19/06/2025,11/07/2025,726,false! barron trump not dead,https://dubawa.org/barron-trump-not-dead/,1268|1571|4|3812|3815|16,category-only,3,category:1268
2023,24/06/2023,Sierra Leone,Presidential,23240,post,19/06/2025,19/06/2025,726,false! emi martinez has not joined manchester united,https://dubawa.org/false-emi-martinez-has-not-joined-manchester-united/,1571|3812|3815|1268|3705,category-only,3,category:1268
2023,24/06/2023,Sierra Leone,Presidential,23237,post,19/06/2025,19/06/2025,726,viral photo claiming to show kambia city in sierra leone is false,https://dubawa.org/viral-photo-claiming-to-show-kambia-city-in-sierra-leone-is-false/,1571|4|3812|3815|1268,category-only,5,category:1268; title:sierra leone
2023,24/06/2023,Sierra Leone,Presidential,23175,post,16/06/2025,16/06/2025,723,"photo of pregnant rihanna with chris brown, ronaldo, neymar ai-generated",https://dubawa.org/photo-of-pregnant-rihanna-with-chris-brown-ronaldo-neymar-ai-generated/,1268|1571|3815,category-only,3,category:1268
2023,24/06/2023,Sierra Leone,Presidential,23172,post,16/06/2025,16/06/2025,723,false! victor osimhen has not joined manchester united,https://dubawa.org/false-victor-osimhen-has-not-joined-manchester-united/,1571|3815|1268,category-only,3,category:1268
2023,24/06/2023,Sierra Leone,Presidential,23166,post,16/06/2025,16/06/2025,723,false! ronaldo was not crowned the 2025 uefa nations league top scorer,https://dubawa.org/false-ronaldo-was-not-crowned-the-2025-uefa-nations-league-top-scorer/,1571|3815|1268,category-only,3,category:1268
2023,24/06/2023,Sierra Leone,Presidential,23158,post,14/06/2025,14/06/2025,721,"false! no travel restrictions on vice president, cabinet members in sierra leone",https://dubawa.org/false-no-travel-restrictions-on-vice-president-cabinet-members-in-sierra-leone/,1268|3815|16,category-only,5,category:1268; title:sierra leone
2023,24/06/2023,Sierra Leone,Presidential,23155,post,14/06/2025,14/06/2025,721,"misleading! no u.s. child has received $1,000 in investment funds",https://dubawa.org/misleading-no-u-s-child-has-received-1000-in-investment-funds/,1268|120|3815,category-only,3,category:1268
2023,24/06/2023,Sierra Leone,Presidential,23145,post,14/06/2025,14/06/2025,721,misleading! no fire at first bank sierra leone lumley branch,https://dubawa.org/misleading-no-fire-at-first-bank-sierra-leone-lumley-branch/,1571|4|3815|1268,category-only,6,category:1268; title:sierra leone; body:freetown
2023,24/06/2023,Sierra Leone,Presidential,23129,post,12/06/2025,12/06/2025,719,"false! mount, not captain of manchester united, for next season",https://dubawa.org/false-mount-not-captain-of-manchester-united-for-next-season/,1571|3815|1268|3705,category-only,3,category:1268
2023,24/06/2023,Sierra Leone,Presidential,23118,post,11/06/2025,12/06/2025,718,false! no evidence proves that laj met with burkina faso’s transitional president,https://dubawa.org/false-no-evidence-proves-that-laj-met-with-burkina-fasos-transitional-president/,1571|3815|1268,category-only,4,category:1268; body:sierra leone
2023,24/06/2023,Sierra Leone,Presidential,23079,post,09/06/2025,09/06/2025,716,true! us president trump has signed a proclamation restricting visas to sierra leone,https://dubawa.org/true-us-president-trump-has-signed-a-proclamation-restricting-visas-to-sierra-leone/,1571|4|3812|3815|1268,category-only,5,category:1268; title:sierra leone
2023,24/06/2023,Sierra Leone,Presidential,23074,post,07/06/2025,07/06/2025,714,false! nigeria’s chief of defence staff didn’t propose closing the country’s land borders,https://dubawa.org/false-nigerias-chief-of-defence-staff-didnt-propose-closing-the-countrys-land-borders/,1268|1571|3815|119,category-only,3,category:1268
2023,24/06/2023,Sierra Leone,Presidential,23071,post,07/06/2025,07/06/2025,714,"viral video of mbappe announcing his departure from real madrid, fake",https://dubawa.org/viral-video-of-mbappe-announcing-his-departure-from-real-madrid-fake/,1571|3815|1268|3704,category-only,3,category:1268
2023,24/06/2023,Sierra Leone,Presidential,23068,post,07/06/2025,07/06/2025,714,false! no ban on skinny jeans for men by trump in the u.s.,https://dubawa.org/false-no-ban-on-skinny-jeans-for-men-by-trump-in-the-u-s/,1571|4|3812|3815|1268,category-only,4,category:1268; body:sierra leone
2023,24/06/2023,Sierra Leone,Presidential,23047,post,05/06/2025,05/06/2025,712,false! diddy is not dead,https://dubawa.org/false-diddy-is-not-dead/,1268|1571|4|3812|3815,category-only,3,category:1268
2023,24/06/2023,Sierra Leone,Presidential,23041,post,05/06/2025,05/06/2025,712,"misleading! jagaban, born 2 blog reporters not kicked out during apc conference",https://dubawa.org/misleading-jagaban-born-2-blog-reporters-not-kicked-out-during-apc-conference/,1571|4|3812|3815|1268,category-only,3,category:1268
2023,24/06/2023,Sierra Leone,Presidential,23037,post,05/06/2025,05/06/2025,712,false! viktor gyokeres has not joined manchester united,https://dubawa.org/false-viktor-gyokeres-has-not-joined-manchester-united/,1571|4|1268,category-only,3,category:1268
2023,24/06/2023,Sierra Leone,Presidential,23032,post,04/06/2025,04/06/2025,711,fact-checking claim all mining companies in sierra leone owned by foreigners,https://dubawa.org/fact-checking-claim-all-mining-companies-in-sierra-leone-owned-by-foreigners/,1571|437|3812|3815|123|1268,category-only,6,category:1268; title:sierra leone; body:maada bio
2023,24/06/2023,Sierra Leone,Presidential,23026,post,04/06/2025,04/06/2025,711,false! no recent assassination attempt on capt. ibrahim traore,https://dubawa.org/false-no-recent-assassination-attempt-on-capt-ibrahim-traore/,1571|4|3812|3815|1268,category-only,4,category:1268; body:sierra leone
2023,24/06/2023,Sierra Leone,Presidential,23020,post,04/06/2025,04/06/2025,711,"viral photo of sierra leonean tiktoker with lionel messi, al-generated",https://dubawa.org/viral-photo-of-sierra-leonean-tiktoker-with-lionel-messi-al-generated/,1268|1571|4|3812|3815,category-only,5,category:1268; title:sierra leone
2023,24/06/2023,Sierra Leone,Presidential,23008,post,03/06/2025,03/06/2025,710,"viral photos allegedly showing kambia, freetown bus station, ai-generated",https://dubawa.org/viral-photos-allegedly-showing-kambia-freetown-bus-station-ai-generated/,1571|437|3812|3815|1268,category-only,6,category:1268; body:sierra leone; title:freetown
2023,24/06/2023,Sierra Leone,Presidential,22995,post,01/06/2025,01/06/2025,708,false! pegapak gin cannot prevent mpox,https://dubawa.org/false-pegapak-gin-cannot-prevent-mpox/,1268|1571|3815,category-only,4,category:1268; body:sierra leone
2023,24/06/2023,Sierra Leone,Presidential,22963,post,30/05/2025,30/05/2025,706,a fake viral video of pope leo xiv responding to capt. ibrahim traore,https://dubawa.org/a-fake-viral-video-of-pope-leo-xiv-responding-to-capt-ibrahim-traore/,1571|4|3812|3815|1268,category-only,3,category:1268
2023,24/06/2023,Sierra Leone,Presidential,22925,post,27/05/2025,27/05/2025,703,true! famous sierra leonean tiktok influencer has died,https://dubawa.org/true-famous-sierra-leonean-tiktok-influencer-has-died/,1571|3815|1268,category-only,5,category:1268; title:sierra leone
2023,24/06/2023,Sierra Leone,Presidential,22922,post,27/05/2025,27/05/2025,703,false! sierra leone female national team was not stranded in guinea over lack of funds,https://dubawa.org/false-sierra-leone-female-national-team-was-not-stranded-in-guinea-over-lack-of-funds/,1571|4|3812|3815|1268,category-only,5,category:1268; title:sierra leone
2023,24/06/2023,Sierra Leone,Presidential,22878,post,25/05/2025,25/05/2025,701,"picture of fourah bay college in sierra leone, ai-generated",https://dubawa.org/picture-of-fourah-bay-college-in-sierra-leone-ai-generated/,1268|1571|3815,category-only,6,category:1268; title:sierra leone; body:freetown
2023,24/06/2023,Sierra Leone,Presidential,22875,post,25/05/2025,25/05/2025,701,true! ayv journalist beaten by sierra leone police,https://dubawa.org/true-ayv-journalist-beaten-by-sierra-leone-police/,1571|4|3812|3815|1268,category-only,6,category:1268; title:sierra leone; body:freetown
2023,24/06/2023,Sierra Leone,Presidential,22872,post,25/05/2025,25/05/2025,701,"false! picture of lungi bridge, freetown is ai-generated",https://dubawa.org/false-picture-of-lungi-bridge-freetown-is-ai-generated/,1571|4|3815|1268,category-only,6,category:1268; body:sierra leone; title:freetown
2023,24/06/2023,Sierra Leone,Presidential,22867,post,25/05/2025,25/05/2025,701,"rainbow-coloured flag in viral video of pope leo xiv, not lgbtq+",https://dubawa.org/rainbow-coloured-flag-in-viral-video-of-pope-leo-xiv-not-lgbtq/,1571|4|3812|3815|1268,category-only,4,category:1268; body:sierra leone
2023,24/06/2023,Sierra Leone,Presidential,22828,post,22/05/2025,22/05/2025,698,"false! justin bieber has not admitted to sleeping with meek mill, sean diddy during diddy’s trial",https://dubawa.org/false-justin-bieber-has-not-admitted-to-sleeping-with-meek-mill-sean-diddy-during-diddys-trial/,1571|3815|1268,category-only,3,category:1268
2023,24/06/2023,Sierra Leone,Presidential,22802,post,21/05/2025,21/05/2025,697,false! this picture is not in bo,https://dubawa.org/false-this-picture-is-not-in-bo/,1571|120|3815|1268,category-only,4,category:1268; body:sierra leone
2023,24/06/2023,Sierra Leone,Presidential,22741,post,16/05/2025,16/05/2025,692,"misleading claim over trump’s proposed $5,000 ‘baby bonus’",https://dubawa.org/misleading-claim-over-trumps-proposed-5000-baby-bonus/,1571|3812|3815|1268,category-only,3,category:1268
2023,24/06/2023,Sierra Leone,Presidential,22725,post,16/05/2025,16/05/2025,692,"viral video of sheik al-sudais praying for pakistan, manipulated",https://dubawa.org/viral-video-of-sheik-al-sudais-praying-for-pakistan-manipulated/,1571|3812|3815|16|1268,category-only,3,category:1268
2023,24/06/2023,Sierra Leone,Presidential,22689,post,14/05/2025,14/05/2025,690,"picture of 34 military hospital in sierra leone, ai-generated",https://dubawa.org/picture-of-34-military-hospital-in-sierra-leone-ai-generated/,1268|1571|4|3812|3815,category-only,6,category:1268; title:sierra leone; body:freetown
2023,24/06/2023,Sierra Leone,Presidential,22664,post,12/05/2025,12/05/2025,688,false! ministry has not abandoned new curriculum,https://dubawa.org/false-ministry-has-not-abandoned-new-curriculum/,1571|3815|1268,category-only,3,category:1268
2023,24/06/2023,Sierra Leone,Presidential,22661,post,12/05/2025,12/05/2025,688,what you should know about mpox virus in sierra leone,https://dubawa.org/what-you-should-know-about-mpox-virus-in-sierra-leone/,1572|4|3812|3815|1268,category-only,5,category:1268; title:sierra leone
2023,24/06/2023,Sierra Leone,Presidential,22628,post,10/05/2025,10/05/2025,686,"pictures of popular nigerian child comedian, doctored",https://dubawa.org/pictures-of-popular-nigerian-child-comedian-doctored/,1268|437|3815,category-only,4,category:1268; body:sierra leone
2023,24/06/2023,Sierra Leone,Presidential,22590,post,07/05/2025,07/05/2025,683,wrong image of suspect arrested for arms smuggling in nigeria,https://dubawa.org/wrong-image-of-suspect-arrested-for-arms-smuggling-in-nigeria/,1268|1571|4|3812|3815,category-only,4,category:1268; body:sierra leone
2023,24/06/2023,Sierra Leone,Presidential,22556,post,06/05/2025,06/05/2025,682,false! no fire at ecobank branch,https://dubawa.org/false-no-fire-at-ecobank-branch/,1268|1571|4|3812|3815,category-only,5,category:1268; body:sierra leone; body:freetown
2023,24/06/2023,Sierra Leone,Presidential,22547,post,03/05/2025,03/05/2025,679,false! bo rangers did not reject european offer for midfield star ibrahim turay,https://dubawa.org/false-bo-rangers-did-not-reject-european-offer-for-midfield-star-ibrahim-turay/,1571|4|3812|3815|1268,category-only,4,category:1268; body:sierra leone
2023,24/06/2023,Sierra Leone,Presidential,22532,post,02/05/2025,02/05/2025,678,false! africom hasn’t issued an arrest warrant for burkina faso’s president,https://dubawa.org/false-africom-hasnt-issued-an-arrest-warrant-for-burkina-fasos-president/,1571|3812|3815|16|1268,category-only,3,category:1268
2023,24/06/2023,Sierra Leone,Presidential,22271,post,15/04/2025,24/04/2025,661,"false! the government has not paid $52,000 to nigerian tiktoker jarvis",https://dubawa.org/false-the-government-has-not-paid-52000-to-nigerian-tiktoker-jarvis/,1571|4|3812|3815|1268,category-only,4,category:1268; body:sierra leone
2023,24/06/2023,Sierra Leone,Presidential,22232,post,09/04/2025,09/04/2025,655,"misleading! gov’t yet to decide on jos leijdekkers, adebayor extradition claims",https://dubawa.org/misleading-govt-yet-to-decide-on-jos-leijdekkers-adebayor-extradition-claims/,1268|1571|4|3812|3815,category-only,6,category:1268; body:sierra leone; body:freetown; body:slpp
2023,24/06/2023,Sierra Leone,Presidential,22229,post,09/04/2025,09/04/2025,655,paul pogba has not signed for olympique de marseille,https://dubawa.org/paul-pogba-has-not-signed-for-olympique-de-marseille/,1571|3815|1268,category-only,3,category:1268
2023,24/06/2023,Sierra Leone,Presidential,22214,post,06/04/2025,06/04/2025,652,"claim of centenary celebration with lion, false",https://dubawa.org/claim-of-centenary-celebration-with-lion-false/,1268,category-only,5,category:1268; body:sierra leone; body:freetown
2023,24/06/2023,Sierra Leone,Presidential,22022,post,22/03/2025,22/03/2025,637,"us travel ban claim against sierra leone, false",https://dubawa.org/us-travel-ban-claim-against-sierra-leone-false/,1268|120|3815,category-only,8,category:1268; title:sierra leone; body:freetown; body:julius maada bio; body:maada bio
2023,24/06/2023,Sierra Leone,Presidential,21559,post,12/02/2025,12/02/2025,599,sierra leone’s electoral commission disclaims fake recruitment notice,https://dubawa.org/sierra-leones-electoral-commission-disclaims-fake-recruitment-notice/,1268|5|1571|4|3812|3815,category-only,5,category:1268; title:sierra leone
2023,24/06/2023,Sierra Leone,Presidential,21525,post,10/02/2025,10/02/2025,597,statistics sierra leone disclaims fake recruitment notice,https://dubawa.org/statistics-sierra-leone-disclaims-fake-recruitment-notice/,3815|1571|4|3812|1268,category-only,5,category:1268; title:sierra leone
2023,24/06/2023,Sierra Leone,Presidential,21376,post,23/01/2025,23/01/2025,579,"cocaine scandal hits sierra leone embassy in guinea, but envoy not under house arrest",https://dubawa.org/cocaine-scandal-hits-sierra-leone-embassy-in-guinea-but-envoy-not-under-house-arrest/,1268|1571|4|3815,category-only,5,category:1268; title:sierra leone
2023,24/06/2023,Sierra Leone,Presidential,21328,post,20/01/2025,20/01/2025,576,dismissal of peace and entertainment ambassadors in sierra leone is false,https://dubawa.org/dismissal-of-peace-and-entertainment-ambassadors-in-sierra-leone-is-false/,1268|3815,category-only,7,category:1268; title:sierra leone; body:julius maada bio; body:maada bio
2023,24/06/2023,Sierra Leone,Presidential,21114,post,26/12/2024,26/12/2024,551,true! state house violent exchanges between two ministers leave nabeela tunis with broken neck,https://dubawa.org/true-state-house-violent-exchanges-between-two-ministers-leave-nabeela-tunis-with-broken-neck/,1268|3812|3815|16,category-only,4,category:1268; body:sierra leone
2023,24/06/2023,Sierra Leone,Presidential,21110,post,25/12/2024,25/12/2024,550,ex-housemate victor onie williams’ death sparks confusion among sierra leoneans,https://dubawa.org/ex-housemate-victor-onie-williams-death-sparks-confusion-among-sierra-leoneans/,1268|4|3815,category-only,5,category:1268; title:sierra leone
2023,24/06/2023,Sierra Leone,Presidential,20965,post,04/12/2024,04/12/2024,529,e-visa to sierra leone exposed as fraudulent platform,https://dubawa.org/e-visa-to-sierra-leone-exposed-as-fraudulent-platform/,1571|3812|3815|1268,category-only,5,category:1268; title:sierra leone
2023,24/06/2023,Sierra Leone,Presidential,20910,post,23/11/2024,23/11/2024,518,"air sierra leone aircraft not yet in freetown, not flying to london",https://dubawa.org/air-sierra-leone-aircraft-not-yet-in-freetown-not-flying-to-london/,1268,category-only,9,category:1268; title:sierra leone; title:freetown; body:julius maada bio; body:maada bio
2023,24/06/2023,Sierra Leone,Presidential,20702,post,13/11/2024,13/11/2024,508,dubawa chatbot: your go-to fact-checking help,https://dubawa.org/dubawa-chatbot-your-go-to-fact-checking-help/,1688|3815|440|1268,category-only,4,category:1268; body:sierra leone
2023,24/06/2023,Sierra Leone,Presidential,20532,post,22/10/2024,22/10/2024,486,sierra leone unveils air sierra leone flight after 20-year pause,https://dubawa.org/sierra-leone-unveils-air-sierra-leone-flight-after-20-year-pause/,1572|120|1268,category-only,6,category:1268; title:sierra leone; body:freetown
2023,24/06/2023,Sierra Leone,Presidential,20500,post,18/10/2024,18/10/2024,482,misleading! video of alleged murder did not occur in sierra leone,https://dubawa.org/misleading-video-of-alleged-murder-did-not-occur-in-sierra-leone/,1268|1571|4|3812|3815|119,category-only,5,category:1268; title:sierra leone
2023,24/06/2023,Sierra Leone,Presidential,19312,post,09/07/2024,09/07/2024,381,"us air force flight landed in sierra leone to refuel, not to arrest",https://dubawa.org/us-air-force-flight-landed-in-sierra-leone-to-refuel-not-to-arrest/,1571|120|119|1268,category-only,6,category:1268; title:sierra leone; body:freetown
2023,24/06/2023,Sierra Leone,Presidential,19081,post,18/06/2024,18/06/2024,360,false; orange sierra leone is not offering free data to old customers,https://dubawa.org/false-orange-sierra-leone-is-not-offering-free-data-to-old-customers/,1571|437|4|3812|3815|1268,category-only,5,category:1268; title:sierra leone
2023,24/06/2023,Sierra Leone,Presidential,18916,post,01/06/2024,01/06/2024,343,misleading! churches in kenema were not prohibited from holding services,https://dubawa.org/misleading-churches-in-kenema-were-not-prohibited-from-holding-services/,1571|437|1268,category-only,4,category:1268; body:sierra leone
2023,24/06/2023,Sierra Leone,Presidential,18151,post,07/04/2024,10/04/2024,288,"false! military officer who committed suicide, lance kanyako, did not expose koita in coup attempt",https://dubawa.org/false-military-officer-who-committed-suicide-not-amadu-makalo/,1571|119|1268,category-only,5,category:1268; body:sierra leone; body:freetown
2023,24/06/2023,Sierra Leone,Presidential,17721,post,18/03/2024,18/03/2024,268,sierra leone records new polio cases: all you need to know,https://dubawa.org/sierra-leone-records-new-polio-cases-all-you-need-to-know/,1572|4|121|1268,category-only,6,category:1268; title:sierra leone; body:freetown
2023,24/06/2023,Sierra Leone,Presidential,17516,post,18/02/2024,19/02/2024,239,object-wearing goalkeeper in viral image not ivory coast’s fofana in afcon  final,https://dubawa.org/object-wearing-goalkeeper-in-viral-image-not-ivory-coasts-fofana-in-afcon-final/,435|1571|4|3815|1268|3704,category-only,4,category:1268; election:presidential
2023,24/06/2023,Sierra Leone,Presidential,17513,post,18/02/2024,18/02/2024,239,"claims rapper m.i getting his first one million views, false",https://dubawa.org/claims-rapper-m-i-getting-his-first-one-million-views-false/,437|1571|4|3812|3815|1268,category-only,4,category:1268; body:sierra leone
2023,24/06/2023,Sierra Leone,Presidential,17367,post,03/02/2024,03/02/2024,224,"viral claim tickets for freetown’s new buses last 12 hours, false",https://dubawa.org/viral-claim-tickets-for-freetowns-new-buses-last-12-hours-false/,120|437|1571|3815|1268,category-only,5,category:1268; title:freetown
2023,24/06/2023,Sierra Leone,Presidential,17053,post,22/12/2023,30/12/2023,181,koroma’s ‘house arrest’ and sierra leone s  failed coup,https://dubawa.org/koromas-house-arrest-and-sierra-leones-failed-coup/,1572|3815|16|1268,category-only,7,category:1268; title:sierra leone; body:freetown; body:slpp
2023,24/06/2023,Sierra Leone,Presidential,17043,post,22/12/2023,22/12/2023,181,"orange mobile company – sierra leone, not rolling out free 50gb to customers",https://dubawa.org/orange-mobile-company-sierra-leone-not-rolling-out-free-50gb-to-customers/,1571|3812|3815|1268,category-only,6,category:1268; title:sierra leone; body:freetown
2023,24/06/2023,Sierra Leone,Presidential,16941,post,07/12/2023,07/12/2023,166,true! police harboured alleged coup plotter,https://dubawa.org/true-police-harboured-alleged-coup-plotter/,3815|16|1268,category-only,4,category:1268; body:sierra leone
2023,24/06/2023,Sierra Leone,Presidential,16923,post,03/12/2023,03/12/2023,162,sierra leone: new updates on jailbreak and “attempted coup”,https://dubawa.org/sierra-leone-new-updates-on-jailbreak-and-attempted-coup/,3812|3815|119|1268,category-only,5,category:1268; title:sierra leone
2023,24/06/2023,Sierra Leone,Presidential,16840,post,18/11/2023,15/05/2024,147,dubawa 2023 fellows graduate in style,https://dubawa.org/dubawa-2023-fellows-graduate-in-style/,3815|3812|1960|1688|1268|2815,category-only,4,category:1268; election:election
2023,24/06/2023,Sierra Leone,Presidential,16454,post,25/10/2023,25/10/2023,123,dubawa s annual week for truth: promoting media and information literacy in digital spaces,https://dubawa.org/dubawas-annual-week-for-truth-promoting-media-and-information-literacy-in-digital-spaces/,3812|3815|1960|1688|1268|2815,category-only,4,category:1268; body:sierra leone
2023,24/06/2023,Sierra Leone,Presidential,16421,post,21/10/2023,21/10/2023,119,false! no new $165 tax for passengers,https://dubawa.org/false-no-new-165-tax-for-passengers/,120|437|1571|3815|1268,category-only,4,category:1268; body:sierra leone
2023,24/06/2023,Sierra Leone,Presidential,16351,post,12/10/2023,12/10/2023,110,"viral link promising financial cushion from slcb, fake",https://dubawa.org/viral-link-promising-financial-cushion-from-slcb-fake/,120|1571|3815|1268,category-only,5,category:1268; body:sierra leone; body:freetown
2023,24/06/2023,Sierra Leone,Presidential,16225,post,08/10/2023,08/10/2023,106,manipulated content: global times front page was doctored,https://dubawa.org/manipulated-content-global-times-front-page-was-doctored/,1571|3815|16|1268,category-only,4,category:1268; body:sierra leone
2023,24/06/2023,Sierra Leone,Presidential,16160,post,01/10/2023,01/10/2023,99,the debacle of september 11 and sierra leone’s violent protest,https://dubawa.org/the-debacle-of-september-11-and-sierra-leones-violent-protest/,120|1572|4|3812|3815|1268,category-only,6,category:1268; title:sierra leone; body:freetown
2023,24/06/2023,Sierra Leone,Presidential,16022,post,22/09/2023,22/09/2023,90,week for truth 2023: call for volunteers,https://dubawa.org/week-for-truth-2023-call-for-volunteers/,423|3815|1960|1688|1268|2815,category-only,4,category:1268; body:sierra leone
2023,24/06/2023,Sierra Leone,Presidential,15915,post,13/09/2023,13/09/2023,81,journalists in west africa to benefit from comprehensive training initiative on digital verification and fact-checking,https://dubawa.org/journalists-in-west-africa-to-benefit-from-comprehensive-training-initiative-on-digital-verification-and-fact-checking/,1571|3812|3815|1960|1574|1688|1268,category-only,4,category:1268; body:sierra leone
2023,24/06/2023,Sierra Leone,Presidential,15651,post,23/08/2023,23/08/2023,60,false! major issa turay not killed by sierra leone’s govt,https://dubawa.org/false-major-issa-turay-not-killed-by-sierra-leones-govt/,3815|1268,category-only,7,category:1268; title:sierra leone; body:julius maada bio; body:maada bio
2023,24/06/2023,Sierra Leone,Presidential,15455,post,24/07/2023,24/07/2023,30,false! africell not donating free data to old clients,https://dubawa.org/false-africell-not-donating-free-data-to-old-clients/,1571|123|1268,category-only,3,category:1268
2023,24/06/2023,Sierra Leone,Presidential,15448,post,22/07/2023,22/07/2023,28,is air france exiting sierra leone? here’s all we know,https://dubawa.org/is-air-france-exiting-sierra-leone-heres-all-we-know/,120|1574|1268,category-only,6,category:1268; title:sierra leone; body:freetown
2023,24/06/2023,Sierra Leone,Presidential,15445,post,22/07/2023,22/07/2023,28,false! dhl not shutting operations in sierra leone,https://dubawa.org/false-dhl-not-shutting-operations-in-sierra-leone/,1571|1268,category-only,6,category:1268; title:sierra leone; body:freetown
2023,24/06/2023,Sierra Leone,Presidential,14301,post,29/03/2023,29/03/2023,-87,living in the dark and paying for it; the tale of sierra leone’s paralytic power supply,https://dubawa.org/living-in-the-dark-and-paying-for-it-the-tale-of-sierra-leones-paralytic-power-supply/,1572|1574|1268,category-only,6,category:1268; title:sierra leone; body:freetown
2023,24/06/2023,Sierra Leone,Presidential,14233,post,22/03/2023,22/03/2023,-94,"dubawa launches community verification/fact-checking service with ifcn, meta support",https://dubawa.org/dubawa-launches-community-verification-fact-checking-service-with-ifcn-meta-support/,1576|1268,category-only,4,category:1268; body:sierra leone
2023,24/06/2023,Sierra Leone,Presidential,13991,post,15/03/2023,16/03/2023,-101,bengali/bangla has never been used as sierra leone’s official language,https://dubawa.org/bengali-bangla-has-never-been-used-as-sierra-leones-official-language/,1571|123|1268,category-only,6,category:1268; title:sierra leone; body:freetown
2023,24/06/2023,Sierra Leone,Presidential,13003,post,02/02/2023,03/04/2023,-142,understanding rationale behind chimpanzee feature on new sierra leonean passport,https://dubawa.org/understanding-rationale-behind-chimpanzee-feature-on-new-sierra-leonean-passport/,1572|1574|1268,category-only,7,category:1268; title:sierra leone; body:julius maada bio; body:maada bio
2023,24/06/2023,Sierra Leone,Presidential,12980,post,31/01/2023,31/01/2023,-144,dubai is not the most visited place in the world,https://dubawa.org/dubai-is-not-the-most-visited-place-in-the-world/,120|1571|123|1268,category-only,3,category:1268
2023,24/06/2023,Sierra Leone,Presidential,12915,post,23/01/2023,23/01/2023,-152,abusing aluminum phosphide and the hazards that come with it,https://dubawa.org/abusing-aluminum-phosphide-and-the-hazards-that-come-with-it/,3136|1572|4|121|1574|1268,category-only,5,category:1268; body:sierra leone; body:freetown
2023,24/06/2023,Sierra Leone,Presidential,12681,post,05/12/2022,05/12/2022,-201,dubawa trains 21 fellows for kwame karikari fact-checking and research fellowship,https://dubawa.org/dubawa-trains-21-fellows-for-kwame-karikari-fact-checking-and-research-fellowship/,3136|1571|1960|123|1576|1268|2815,category-only,4,category:1268; body:sierra leone
2023,24/06/2023,Sierra Leone,Presidential,12439,post,04/11/2022,04/11/2022,-232,"false; ghanaians, sierra leoneans not banned from travelling to uae",https://dubawa.org/false-ghanaians-sierra-leoneans-not-banned-from-travelling-to-uae/,3136|120|1571|1268,category-only,5,category:1268; title:sierra leone
2023,24/06/2023,Sierra Leone,Presidential,12387,post,29/10/2022,29/10/2022,-238,"kush, the ‘sleeping drug’ slowly killing sierra leonean youth",https://dubawa.org/kush-the-sleeping-drug-slowly-killing-sierra-leonean-youth/,435|3136|121|1268,category-only,6,category:1268; title:sierra leone; body:freetown
2023,24/06/2023,Sierra Leone,Presidential,12212,post,08/09/2022,08/09/2022,-289,the  video of  woman beating up a harmless child with slippers did not happen in sierra leone,https://dubawa.org/the-video-of-woman-beating-up-a-harmless-child-with-slippers-did-not-happen-in-sierra-leone/,3136|1571|1268,category-only,5,category:1268; title:sierra leone
2023,24/06/2023,Sierra Leone,Presidential,12191,post,31/08/2022,10/09/2022,-297,"nigerian musician, who died 12 years ago, on sierra leonean police wanted list",https://dubawa.org/nigerian-musician-who-died-12-years-ago-on-sierra-leonean-police-wanted-list/,1571|1268,category-only,7,category:1268; title:sierra leone; body:julius maada bio; body:maada bio
2023,24/06/2023,Sierra Leone,Presidential,12104,post,14/08/2022,13/08/2022,-314,sierra leone s protest: us embassy didn t mount drones to expose police,https://dubawa.org/sierra-leones-protest-us-embassy-didnt-mount-drones-to-expose-police/,1571|4|1268,category-only,6,category:1268; title:sierra leone; body:freetown
2023,24/06/2023,Sierra Leone,Presidential,12011,post,20/07/2022,20/07/2022,-339,sierra leone is not considered first in women  empowerment in the world as claimed by president bio,https://dubawa.org/sierra-leone-is-not-considered-first-in-women-empowerment-in-the-world-as-claimed-by-president-bio/,1571|1268,category-only,8,category:1268; title:sierra leone; body:freetown; body:julius maada bio; body:maada bio
2023,24/06/2023,Sierra Leone,Presidential,11847,post,02/07/2022,02/07/2022,-357,dubawa trains university of makeni students on information disorder,https://dubawa.org/dubawa-trains-university-of-makeni-students-on-information-disorder/,1688|1268,category-only,4,category:1268; body:sierra leone
2023,24/06/2023,Sierra Leone,Presidential,11524,post,10/05/2022,11/05/2022,-410,how many mother’s days do we have in one calendar year?,https://dubawa.org/how-many-mothers-days-do-we-have-in-one-calendar-year/,1572|1268,category-only,4,category:1268; body:sierra leone
2023,24/06/2023,Sierra Leone,Presidential,10621,post,15/02/2022,15/02/2022,-494,claims and counterclaims by president bio and former president koroma on west africa power pool project   here is what you need to know,https://dubawa.org/claims-and-counterclaims-by-president-bio-and-former-president-koroma-on-west-africa-power-pool-project-here-is-what-you-need-to-know/,4|16|1268,category-only,7,category:1268; body:sierra leone; body:julius maada bio; body:maada bio; body:slpp
2023,24/06/2023,Sierra Leone,Presidential,10488,post,21/01/2022,21/01/2022,-519,the sierra leone football team did not travel by boat to cameroon for #afcon2021 as claimed by football world,https://dubawa.org/the-sierra-leone-football-team-did-not-travel-by-boat-to-cameroon-for-afcon2021-as-claimed-by-football-world/,437|1571|1268,category-only,6,category:1268; title:sierra leone; body:freetown
2023,24/06/2023,Sierra Leone,Presidential,10400,post,13/12/2021,13/12/2021,-558,how to verify viral videos,https://dubawa.org/how-to-verify-viral-videos/,1574|1268,category-only,4,category:1268; body:sierra leone
2023,24/06/2023,Sierra Leone,Presidential,9984,post,04/11/2021,04/11/2021,-597,the international air transport association (iata) has not banned president bio from overseas travels,https://dubawa.org/the-international-air-transport-association-iata-has-not-banned-president-bio-from-overseas-travels/,1571|4|1268,category-only,6,category:1268; body:sierra leone; body:julius maada bio; body:maada bio
2023,24/06/2023,Sierra Leone,Presidential,9975,post,04/11/2021,04/11/2021,-597,viral whatsapp message on intelligence response security tips claiming to be from inspector general of police false,https://dubawa.org/viral-whatsapp-message-on-intelligence-response-security-tips-claiming-to-be-from-inspector-general-of-police-false/,1571|119|1268,category-only,4,category:1268; body:sierra leone
2023,24/06/2023,Sierra Leone,Presidential,9881,post,28/10/2021,28/10/2021,-604,president bio has not appointed dr. sylvia olayinka blyden as information minister,https://dubawa.org/president-bio-has-not-appointed-dr-sylvia-olayinka-blyden-as-information-minister/,1571|4|16|1268,category-only,5,category:1268; body:sierra leone; body:slpp
2023,24/06/2023,Sierra Leone,Presidential,9877,post,28/10/2021,28/10/2021,-604,image of man lying in hospital bed without mattress not from bo government hospital in sierra leone,https://dubawa.org/image-of-man-lying-in-hospital-bed-without-mattress-not-from-bo-government-hospital-in-sierra-leone/,437|1571|1268,category-only,5,category:1268; title:sierra leone
2023,24/06/2023,Sierra Leone,Presidential,9765,post,18/10/2021,18/10/2021,-614,explaining the whatsapp expiration rumors: the truth and the lies,https://dubawa.org/explaining-the-whatsapp-expiration-rumors-the-truth-and-the-lies/,1572|4|1268,category-only,4,category:1268; body:sierra leone
2023,24/06/2023,Sierra Leone,Presidential,9652,post,04/10/2021,04/10/2021,-628,what you should know about verified social media accounts,https://dubawa.org/what-you-should-know-about-verified-social-media-accounts/,1572|4|1268,category-only,4,category:1268; body:sierra leone
2023,24/06/2023,Sierra Leone,Presidential,9446,post,21/09/2021,21/09/2021,-641,"expressway, other projects credited to ousted guinean president alpha conde false",https://dubawa.org/expressway-other-projects-credited-to-ousted-guinean-president-alpha-conde-false/,437|1571|16|1268,category-only,4,category:1268; election:election|referendum
2023,24/06/2023,Sierra Leone,Presidential,9217,post,30/08/2021,05/05/2022,-663,did president bio pledge a $200 million donation to haiti?,https://dubawa.org/did-president-bio-pledge-a-200-million-donation-to-haiti/,1571|4|1268,category-only,6,category:1268; body:sierra leone; body:julius maada bio; body:maada bio
2023,24/06/2023,Sierra Leone,Presidential,9152,post,26/08/2021,05/05/2022,-667,viral claim on president bio’s arrival package false!,https://dubawa.org/viral-claim-on-president-bios-arrival-package-false/,1571|1268,category-only,7,category:1268; body:sierra leone; body:julius maada bio; body:maada bio; body:slpp
2023,24/06/2023,Sierra Leone,Presidential,9113,post,24/08/2021,05/05/2022,-669,did the sierra leone government enforce vaccinations to beat vaccine expiry date?,https://dubawa.org/did-the-sierra-leone-government-enforce-vaccinations-to-beat-vaccine-expiry-date/,1571|121|1268,category-only,8,category:1268; title:sierra leone; body:freetown; body:julius maada bio; body:maada bio
2023,24/06/2023,Sierra Leone,Presidential,9042,post,18/08/2021,05/05/2022,-675,sierra leone’s historian professor joe a. d. alie is not dead!,https://dubawa.org/sierra-leones-historian-professor-joe-a-d-alie-is-not-dead/,1571|4|1268,category-only,6,category:1268; title:sierra leone; body:freetown
2023,24/06/2023,Sierra Leone,Presidential,8876,post,30/07/2021,30/07/2021,-694,the claim of deputy internal affairs minister beaten up for a woman is not true.,https://dubawa.org/the-claim-of-deputy-internal-affairs-minister-beaten-up-for-a-woman-is-not-true/,437|1571|1268,category-only,4,category:1268; body:sierra leone
2023,24/06/2023,Sierra Leone,Presidential,8853,post,30/07/2021,30/07/2021,-694,no! covid-19 vaccines cannot power light bulbs,https://dubawa.org/no-covid-19-vaccines-cannot-power-light-bulbs/,4|1268,category-only,4,category:1268; body:sierra leone
2023,24/06/2023,Sierra Leone,Presidential,8772,post,22/07/2021,22/07/2021,-702,how to spot a fake press release,https://dubawa.org/how-to-spot-a-fake-press-release/,4|1574|1268,category-only,4,category:1268; body:sierra leone
2023,24/06/2023,Sierra Leone,Presidential,8660,post,12/07/2021,12/07/2021,-712,document in circulation showing list of players and officials to benefit from president bio’s token after winning the match against benin is fake,https://dubawa.org/document-in-circulation-showing-list-of-players-and-officials-to-benefit-from-president-bios-token-after-winning-the-match-against-benin-is-fake/,4|1268,category-only,6,category:1268; body:sierra leone; body:julius maada bio; body:maada bio
2023,24/06/2023,Sierra Leone,Presidential,8460,post,01/07/2021,01/07/2021,-723,satire: mosquitoes inoculated with viagra have not escaped from wuhan laboratory.,https://dubawa.org/satire-mosquitoes-inoculated-with-viagra-have-not-escaped-from-wuhan-laboratory/,1571|121|1268|234,category-only,4,category:1268; body:sierra leone
2023,24/06/2023,Sierra Leone,Presidential,8409,post,29/06/2021,29/06/2021,-725,fuel pump prices have not been increased in sierra leone contrary to a public notice in circulation,https://dubawa.org/fuel-pump-prices-have-not-been-increased-in-sierra-leone-contrary-to-a-public-notice-in-circulation/,1571|4|1268,category-only,5,category:1268; title:sierra leone
2023,24/06/2023,Sierra Leone,Presidential,8118,post,08/06/2021,08/06/2021,-746,sierra leone’s president dr. julius maada bio has not ordered a reduction in the price of rice,https://dubawa.org/sierra-leones-president-dr-julius-maada-bio-has-not-ordered-a-reduction-in-the-price-of-rice/,1571|4|16|1268,category-only,9,category:1268; title:sierra leone; title:julius maada bio; title:maada bio
2023,24/06/2023,Sierra Leone,Presidential,7668,post,23/03/2021,23/03/2021,-823,kanye west is not the richest black man in america,https://dubawa.org/kanye-west-is-not-the-richest-black-man-in-america/,1571|4|1268,category-only,4,category:1268; body:sierra leone
2023,24/06/2023,Sierra Leone,Presidential,7410,post,27/01/2021,27/01/2021,-878,ghanaian rapper sarkodie is not dead,https://dubawa.org/ghanaian-rapper-sarkodie-is-not-dead/,1571|1268,category-only,3,category:1268
2023,24/06/2023,Sierra Leone,Presidential,7213,post,24/12/2020,24/12/2020,-912,covid-19 vaccine does not lead to penis enlargement,https://dubawa.org/covid-19-vaccine-does-not-lead-to-penis-enlargement/,1571|121|1268,category-only,4,category:1268; body:sierra leone
2023,24/06/2023,Sierra Leone,Presidential,6279,post,02/10/2020,02/10/2020,-995,are apc thugs destroying roads in the north because of white paper?,https://dubawa.org/are-apc-thugs-destroying-roads-in-the-north-because-of-white-paper/,5|437|123|16|119|1268,category-only,4,category:1268; body:sierra leone
2023,24/06/2023,Sierra Leone,Presidential,6223,post,29/09/2020,29/09/2020,-998,did the newly elected chairman of ecowas warn the government of sierra leone against sending ‘the country into another senseless civil war’?,https://dubawa.org/did-the-newly-elected-chairman-of-ecowas-warn-the-government-of-sierra-leone-against-sending-the-country-into-another-senseless-civil-war/,210|435|123|16|1268,category-only,5,category:1268; title:sierra leone
2023,24/06/2023,Sierra Leone,Presidential,5747,post,07/09/2020,12/10/2020,-1020,the ever-evolving nature of fact-checking,https://dubawa.org/the-ever-evolving-nature-of-fact-checking/,4|440|1268,category-only,4,category:1268; body:sierra leone
2023,24/06/2023,Sierra Leone,Presidential,5696,post,01/09/2020,01/09/2020,-1026,false: americans not warned to shun sierra leone in their travel plans,https://dubawa.org/false-americans-not-warned-to-shun-sierra-leone-in-their-travel-plans/,123|1268,category-only,5,category:1268; title:sierra leone
2023,24/06/2023,Sierra Leone,Presidential,5686,post,01/09/2020,01/09/2020,-1026,covid-19 offers scammers in sierra leone a new playing field to dupe citizens,https://dubawa.org/covid-19-offers-scammers-in-sierra-leone-a-new-playing-field-to-dupe-citizens/,123|1268,category-only,5,category:1268; title:sierra leone
2023,10/10/2023,Liberia,Presidential,16500,post,31/10/2023,03/11/2023,21,"viral release accuses waec staff of indulging in examination malpractice, false",https://dubawa.org/viral-release-accuses-waec-staff-of-indulging-in-examination-malpractice-false/,122|437|1571|3812|3815|1268,window,2,body:liberia; election:candidate
2023,10/10/2023,Liberia,Presidential,16460,post,25/10/2023,25/10/2023,15,"cjid wins $400,000 usaid jet minerals challenge",https://dubawa.org/cjid-wins-400000-usaid-jet-minerals-challenge/,120|3812|3815|1688,window,2,body:liberia; election:election
2023,10/10/2023,Liberia,Presidential,16457,post,25/10/2023,01/11/2023,15,"claim, nnamdi kanu has been released from dss custody, false",https://dubawa.org/claim-nnamdi-kanu-has-been-released-false/,437|1571|16,window,1,election:election
2023,10/10/2023,Liberia,Presidential,16431,post,21/10/2023,21/10/2023,11,democracy in the gambia: an in-depth evaluation,https://dubawa.org/democracy-in-the-gambia-an-in-depth-evaluation/,1572|3815|16|2815,window,1,election:election|ballot|parliament
2023,10/10/2023,Liberia,Presidential,16211,post,05/10/2023,05/10/2023,-5,"video of drake singing mohbad s song, manipulated",https://dubawa.org/video-of-drake-singing-mohbads-song-manipulated/,437|1571|3815|123,window,1,election:poll
2023,10/10/2023,Liberia,Presidential,16186,post,05/10/2023,05/10/2023,-5,africa facts summit kick off in mauritius,https://dubawa.org/africa-facts-summit-kick-off-in-mauritius/,3815|1688,window,1,election:election
2023,10/10/2023,Liberia,Presidential,16175,post,03/10/2023,03/10/2023,-7,false! akeredolu did not impeach two deputy governors in eight years,https://dubawa.org/false-akeredolu-did-not-impeach-two-deputy-governors-in-eight-years/,437|1571|3815|16,window,1,election:election|parliament
2023,10/10/2023,Liberia,Presidential,16149,post,29/09/2023,01/10/2023,-11,"image of the newly-constructed roundabout is emelogu, aba",https://dubawa.org/image-of-the-newly-constructed-roundabout-is-emelogu-aba/,437|1571|3815|123,window,1,election:election
2023,10/10/2023,Liberia,Presidential,16118,post,28/09/2023,29/09/2023,-12,federal poly offa not recruiting as viral post claimed,https://dubawa.org/federal-poly-offa-not-recruiting-as-viral-post-claimed/,122|437|1571|3815,window,1,election:candidate
2023,10/10/2023,Liberia,Presidential,16065,post,24/09/2023,24/09/2023,-16,interview: why ‘funding diversity’ is crucial for sustainability of fact-checking organisations — ifcn director,https://dubawa.org/interview-why-funding-diversity-is-crucial-for-sustainability-of-fact-checking-organisations-ifcn-director/,3825|1575,window,2,body:liberia; election:election|vote|voter
2023,10/10/2023,Liberia,Presidential,15976,post,16/09/2023,16/09/2023,-24,karya! inec ba ta sake sauya wa ma’aikatanta a abuja wajen aiki ba,https://dubawa.org/karya-inec-ba-ta-sake-sauya-wa-maaikatanta-a-abuja-wajen-aiki-ba/,3137|2451,window,1,election:election|presidential
2023,10/10/2023,Liberia,Presidential,15958,post,15/09/2023,15/09/2023,-25,true! governor obaseki relocates deputy’s office,https://dubawa.org/true-governor-obaseki-relocates-deputys-office/,437|1571|16,window,1,election:election
2023,10/10/2023,Liberia,Presidential,15952,post,15/09/2023,15/09/2023,-25,"viral video of lawyer burning judicial wig from jamaica, not nigeria",https://dubawa.org/viral-video-of-lawyer-burning-judicial-wig-from-jamaica-not-nigeria-2/,5|437|1571,window,1,election:election|presidential
2023,10/10/2023,Liberia,Presidential,15890,post,12/09/2023,12/09/2023,-28,court of appeal or tribunal? what we know about pept,https://dubawa.org/court-of-appeal-or-tribunal-what-we-know-about-pept/,5|1572|4|3812|3815|1574,window,1,election:election|poll|candidate
2023,10/10/2023,Liberia,Presidential,15882,post,12/09/2023,12/09/2023,-28,false! former presidential candidate kamarainba not dead,https://dubawa.org/false-former-presidential-candidate-kamarainba-not-dead/,1571|3815|16|1268,window,1,election:candidate|presidential
2023,10/10/2023,Liberia,Presidential,15851,post,11/09/2023,11/09/2023,-29,false! inec did not redeploy staffers from abuja,https://dubawa.org/false-inec-did-not-redeploy-staffers-from-abuja/,5|1571|3812|3815,window,1,election:election|vote|voter
2023,10/10/2023,Liberia,Presidential,15825,post,06/09/2023,06/09/2023,-34,"misleading headline asserts obi beats tinubu, shettima at pepc",https://dubawa.org/misleading-headline-asserts-obi-beats-tinubu-shettima-at-pepc/,437|1571|3812|3815|16,window,1,election:election|candidate|presidential
2023,10/10/2023,Liberia,Presidential,15821,post,06/09/2023,06/09/2023,-34,true! us slammed visa sanctions on sierra leonean officials,https://dubawa.org/true-us-slammed-visa-sanctions-on-sierra-leonean-officials/,1571|3815|1688|16|1268,window,1,election:election|vote
2023,10/10/2023,Liberia,Presidential,15813,post,06/09/2023,06/09/2023,-34,facebook user claims obi won 2023 presidential election,https://dubawa.org/facebook-user-claims-obi-won-2023-presidential-election/,437|1571|16,window,1,election:election|vote|poll
2023,10/10/2023,Liberia,Presidential,15810,post,06/09/2023,06/09/2023,-34,false! wike not first southerner appointed fct minister,https://dubawa.org/false-wike-not-first-southerner-appointed-fct-minister/,437|1571|3812|3815|16,window,1,election:presidential
2023,10/10/2023,Liberia,Presidential,15807,post,05/09/2023,05/09/2023,-35,misleading: viral video of money bags not found in bongo’s residence,https://dubawa.org/misleading-viral-video-of-money-bags-not-found-in-bongos-residence/,437|1571|3812|3815|16,window,1,election:presidential
2023,10/10/2023,Liberia,Presidential,15801,post,04/09/2023,08/09/2023,-36,"image of peter obi’s visit to tinubu at aso rock, doctored",https://dubawa.org/image-of-peter-obis-visit-to-tinubu-at-aso-rock-doctored/,437|1571|16,window,1,election:election|candidate|presidential
2023,10/10/2023,Liberia,Presidential,15797,post,04/09/2023,04/09/2023,-36,misleading! jonathan did not issue warning to tinubu against influencing tribunal,https://dubawa.org/misleading-jonathan-did-not-issue-warning-to-tinubu-against-influencing-tribunal/,5|437|1571|3812|3815,window,1,election:election|candidate|presidential
2023,10/10/2023,Liberia,Presidential,15743,post,31/08/2023,31/08/2023,-40,"false! gabon, not ecowas member, cannot be sanctioned for coup d etat",https://dubawa.org/false-gabon-not-ecowas-member-cannot-be-sanctioned-for-coup-detat/,437|1571|3812|3815|16,window,2,body:liberia; election:presidential
2023,10/10/2023,Liberia,Presidential,15729,post,31/08/2023,31/08/2023,-40,examining controversy over d2.5 million vehicle acquisition for the gambian lawmakers,https://dubawa.org/examining-controversy-over-d2-5-million-vehicle-acquisition-for-the-gambian-lawmakers/,1572|3815|16|2815,window,1,election:election|poll|parliament
2023,10/10/2023,Liberia,Presidential,15714,post,30/08/2023,31/08/2023,-41,false! colonel goita did not threaten to invade abuja,https://dubawa.org/false-colonel-goita-did-not-threaten-to-invade-abuja/,437|1571|3812|3815|119,window,1,election:election|presidential
2023,10/10/2023,Liberia,Presidential,15690,post,29/08/2023,29/08/2023,-42,facebook user falsely label michelle obama transgender,https://dubawa.org/facebook-user-falsely-label-michelle-obama-transgender/,437|1571|123,window,1,election:presidential
2023,10/10/2023,Liberia,Presidential,31569,post,01/09/2026,01/09/2026,1057,"image showcasing police ig coleman and stephene audrey in car, ai-generated",https://dubawa.org/image-showcasing-police-ig-coleman-and-stephene-audrey-in-car-ai-generated/,1960,category-only,6,category:1960; body:liberia; body:joseph boakai; body:boakai
2023,10/10/2023,Liberia,Presidential,31564,post,01/09/2026,01/09/2026,1057,false! inflation did not reduce from 12.8% to 4.0%,https://dubawa.org/false-inflation-did-not-reduce-from-12-8-to-4-0/,1571|1960,category-only,6,category:1960; body:liberia; body:joseph boakai; body:boakai
2023,10/10/2023,Liberia,Presidential,31546,post,01/09/2026,01/09/2026,1057,liberia drug bust! here is all we know,https://dubawa.org/liberia-drug-bust-here-is-all-we-know/,1960|1572,category-only,10,category:1960; title:liberia; body:monrovia; body:george weah; body:weah; body:joseph boakai; body:boakai
2023,10/10/2023,Liberia,Presidential,31457,post,27/08/2026,27/08/2026,1052,false! civil servants’ salaries have been delayed under boakai’s administration,https://dubawa.org/false-civil-servants-salaries-have-been-delayed-under-boakais-administration/,1960,category-only,7,category:1960; body:liberia; body:joseph boakai; title:boakai
2023,10/10/2023,Liberia,Presidential,31449,post,27/08/2026,27/08/2026,1052,false! boakia not booed during independence day celebration,https://dubawa.org/false-boakia-not-booed-during-independence-day-celebration/,1960|16,category-only,8,category:1960; body:liberia; body:monrovia; body:weah; body:joseph boakai; body:boakai
2023,10/10/2023,Liberia,Presidential,31371,post,25/08/2026,25/08/2026,1050,false! liberia’s 2024 public debt-to-gdp ratio is not 56.1%,https://dubawa.org/false-liberias-2024-public-debt-to-gdp-ratio-is-not-56-1/,1571|1960,category-only,5,category:1960; title:liberia
2023,10/10/2023,Liberia,Presidential,31003,post,14/08/2026,14/08/2026,1039,false! liberia is not only african country with over 100 years of independence,https://dubawa.org/false-liberia-is-not-only-african-country-with-over-100-years-of-independence/,1960,category-only,5,category:1960; title:liberia
2023,10/10/2023,Liberia,Presidential,30984,post,14/08/2026,14/08/2026,1039,"false! liberia’s 2023 maternal mortality was not 742 per 100,000",https://dubawa.org/false-liberias-2023-maternal-mortality-was-not-742-per-100000/,1571|1960,category-only,5,category:1960; title:liberia
2023,10/10/2023,Liberia,Presidential,30979,post,14/08/2026,14/08/2026,1039,false! $14m loan agreement for greenville port rehabilitation was not secured during previous government,https://dubawa.org/false-14m-loan-agreement-for-greenville-port-rehabilitation-was-not-secured-during-previous-government/,1571|1960,category-only,8,category:1960; body:liberia; body:george weah; body:weah; body:joseph boakai; body:boakai
2023,10/10/2023,Liberia,Presidential,30956,post,13/08/2026,13/08/2026,1038,"image purporting to be new city of sanniquellie, ai-generated",https://dubawa.org/image-purporting-to-be-new-city-of-sanniquellie-ai-generated/,1571|3815|1960,category-only,4,category:1960; body:nimba
2023,10/10/2023,Liberia,Presidential,30785,post,07/08/2026,07/08/2026,1032,false! liberia national police is not ranked 17th in africa,https://dubawa.org/false-liberia-national-police-is-not-ranked-17th-in-africa/,1571|3815|1960,category-only,8,category:1960; title:liberia; body:george weah; body:weah; body:unity party
2023,10/10/2023,Liberia,Presidential,30743,post,04/08/2026,04/08/2026,1029,"false! former president charles d.b king, not liberia’s 16th president",https://dubawa.org/false-former-president-charles-d-b-king-not-liberias-16th-president/,1960,category-only,6,category:1960; title:liberia; body:weah
2023,10/10/2023,Liberia,Presidential,30738,post,04/08/2026,04/08/2026,1029,"photos of messi bathing and carrying baby lamine yamal, not ai-generated",https://dubawa.org/photos-of-messi-bathing-and-carrying-baby-lamine-yamal-not-ai-generated/,1960,category-only,3,category:1960
2023,10/10/2023,Liberia,Presidential,30723,post,04/08/2026,04/08/2026,1029,liberia-guinea border crisis; what we found!,https://dubawa.org/liberia-guinea-border-crisis-what-we-found/,1572|1960,category-only,6,category:1960; title:liberia; body:boakai
2023,10/10/2023,Liberia,Presidential,30630,post,28/07/2026,28/07/2026,1022,"viral video of messi crying after world cup final defeat, ai-generated",https://dubawa.org/viral-video-of-messi-crying-after-world-cup-final-defeat-ai-generated/,1571|437|1960|3704,category-only,3,category:1960
2023,10/10/2023,Liberia,Presidential,30623,post,28/07/2026,28/07/2026,1022,false! arrested drug suspect not aim4d chairperson,https://dubawa.org/false-arrested-drug-suspect-not-aim4d-chairperson/,1960|1571,category-only,4,category:1960; body:liberia
2023,10/10/2023,Liberia,Presidential,30503,post,22/07/2026,22/07/2026,1016,are service passports issued to journalists non-renewable?,https://dubawa.org/are-service-passports-issued-to-journalists-non-renewable/,1571|3815|1960,category-only,4,category:1960; body:liberia
2023,10/10/2023,Liberia,Presidential,30433,post,20/07/2026,20/07/2026,1014,false! rice importation has not reduced by 35%,https://dubawa.org/false-rice-importation-has-not-reduced-by-35/,1571|437|1960|123,category-only,5,category:1960; body:liberia; body:unity party
2023,10/10/2023,Liberia,Presidential,30347,post,15/07/2026,15/07/2026,1009,false! national security agency’s budget is not bigger than liberia national police’s allocation,https://dubawa.org/false-national-security-agencys-budget-is-not-bigger-than-liberia-national-polices-allocation/,1571|1960,category-only,5,category:1960; title:liberia
2023,10/10/2023,Liberia,Presidential,30327,post,15/07/2026,15/07/2026,1009,false! lebanon’s population is not less than 5 million,https://dubawa.org/false-lebanons-population-is-not-less-than-5-million/,1960,category-only,4,category:1960; body:liberia
2023,10/10/2023,Liberia,Presidential,30019,post,27/06/2026,27/06/2026,991,"nigeria’s population is about 242 million, not 1 billion",https://dubawa.org/nigerias-population-is-about-242-million-not-1-billion/,1960|437|1571,category-only,4,category:1960; body:liberia
2023,10/10/2023,Liberia,Presidential,29991,post,26/06/2026,26/06/2026,990,"misleading, the u.s. did not deport iran’s player over gun celebration",https://dubawa.org/misleading-the-u-s-did-not-deport-irans-player-over-gun-celebration/,437|1960,category-only,3,category:1960
2023,10/10/2023,Liberia,Presidential,29988,post,26/06/2026,26/06/2026,990,misleading! weah administration did not do 85% of ganta to saclepea road,https://dubawa.org/misleading-weah-administration-did-not-do-85-of-ganta-to-saclepea-road/,1960,category-only,8,category:1960; body:george weah; title:weah; body:boakai; body:nimba
2023,10/10/2023,Liberia,Presidential,29927,post,23/06/2026,23/06/2026,987,false! liberia’s drug enforcement agency boss didn’t resign over $19m drug investigation,https://dubawa.org/false-liberias-drug-enforcement-agency-boss-didnt-resign-over-19m-drug-investigation/,1960,category-only,5,category:1960; title:liberia
2023,10/10/2023,Liberia,Presidential,29923,post,23/06/2026,23/06/2026,987,"claim 90% of liberians do not have access to safe drinking water, false",https://dubawa.org/claim-90-of-liberians-do-not-have-access-to-safe-drinking-water-false/,1960,category-only,5,category:1960; title:liberia
2023,10/10/2023,Liberia,Presidential,29877,post,20/06/2026,20/06/2026,984,false! 90% of liberia’s population not jobless,https://dubawa.org/false-90-of-liberias-population-not-jobless/,1960,category-only,5,category:1960; title:liberia
2023,10/10/2023,Liberia,Presidential,29853,post,20/06/2026,20/06/2026,984,"seized $19m worth of drugs at ria airport, liberia: this is what we know",https://dubawa.org/seized-19m-worth-of-drugs-at-ria-airport-liberia-this-is-what-we-know/,1572|1960,category-only,7,category:1960; title:liberia; body:boakai; body:nimba
2023,10/10/2023,Liberia,Presidential,29712,post,15/06/2026,15/06/2026,979,nigeria’s viral diplomatic response to  liberia’s letter of complaint was  fake’,https://dubawa.org/nigerias-viral-diplomatic-response-to-liberias-letter-of-complaint-was-fake/,1571|1960,category-only,5,category:1960; title:liberia
2023,10/10/2023,Liberia,Presidential,29367,post,29/05/2026,29/05/2026,962,false! ebola not in liberia,https://dubawa.org/false-ebola-not-in-liberia/,1571|437|1960,category-only,5,category:1960; title:liberia
2023,10/10/2023,Liberia,Presidential,29246,post,24/05/2026,24/05/2026,957,"misleading! ‘integrity icon,’ emmanuel tuloe has not dropped out of school",https://dubawa.org/misleading-integrity-icon-emmanuel-tuloe-has-not-dropped-out-of-school/,1571|1960,category-only,8,category:1960; body:liberia; body:monrovia; body:george weah; body:weah; body:nimba
2023,10/10/2023,Liberia,Presidential,29183,post,19/05/2026,19/05/2026,952,"facebook monetises liberia: the opportunities, risks, and association with disinformation",https://dubawa.org/facebook-monetises-liberia-the-opportunities-risks-and-association-with-disinformation/,1572|437|1960,category-only,5,category:1960; title:liberia
2023,10/10/2023,Liberia,Presidential,28944,post,04/05/2026,04/05/2026,937,false! last housing unit constructed by government not during former president tolbert’s regime,https://dubawa.org/false-last-housing-unit-constructed-by-government-not-during-former-president-tolberts-regime/,1571|1960,category-only,7,category:1960; body:liberia; body:monrovia; body:george weah; body:weah
2023,10/10/2023,Liberia,Presidential,28899,post,01/05/2026,01/05/2026,934,"misleading! images of scattered food, not from liberia",https://dubawa.org/misleading-images-of-scattered-food-not-from-liberia/,1571|437|1960,category-only,5,category:1960; title:liberia
2023,10/10/2023,Liberia,Presidential,28872,post,27/04/2026,27/04/2026,930,"misleading! liberia’s total paved road is 9.6%, not 13%",https://dubawa.org/misleading-liberias-total-paved-road-is-9-6-not-13/,1571|3815|1960,category-only,5,category:1960; title:liberia
2023,10/10/2023,Liberia,Presidential,28856,post,26/04/2026,27/04/2026,929,"claim that liberia has no dna machines, false",https://dubawa.org/claim-that-liberia-has-no-dna-machines-false/,1960,category-only,7,category:1960; title:liberia; body:george weah; body:weah
2023,10/10/2023,Liberia,Presidential,28726,post,16/04/2026,16/04/2026,919,false! lowest price for petroleum products in liberia is not us$6,https://dubawa.org/false-lowest-price-for-petroleum-products-in-liberia-is-not-us6/,1960,category-only,5,category:1960; title:liberia
2023,10/10/2023,Liberia,Presidential,28696,post,15/04/2026,15/04/2026,918,"false! video of an accident truck with people looting, not from liberia",https://dubawa.org/false-video-of-an-accident-truck-with-people-looting-not-from-liberia/,1571|437|1960,category-only,5,category:1960; title:liberia
2023,10/10/2023,Liberia,Presidential,28676,post,14/04/2026,14/04/2026,917,misleading! sam jackson didn’t confirm to murdering his wife,https://dubawa.org/misleading-sam-jackson-didnt-confirm-to-murdering-his-wife/,1960|437|1571|3815,category-only,5,category:1960; body:liberia; body:monrovia
2023,10/10/2023,Liberia,Presidential,28521,post,07/04/2026,07/04/2026,910,misleading! ministry of health didn’t ban sale of misoprostol tablets in liberia’s pharmacies,https://dubawa.org/misleading-ministry-of-health-didnt-ban-sale-of-misoprostol-tablets-in-liberias-pharmacies/,1960|1571|3815,category-only,5,category:1960; title:liberia
2023,10/10/2023,Liberia,Presidential,28511,post,06/04/2026,06/04/2026,909,false! french president emmanuel macron did not refuse to intervene in liberia and guinea border crisis,https://dubawa.org/false-french-president-emmanuel-macron-did-not-refuse-to-intervene-in-liberia-and-guinea-border-crisis/,1960|3815|16,category-only,7,category:1960; title:liberia; body:joseph boakai; body:boakai
2023,10/10/2023,Liberia,Presidential,28440,post,02/04/2026,03/04/2026,905,false! liberia did not spend $3.4m on liberia-guinea border crisis,https://dubawa.org/false-liberia-did-not-spend-3-4m-on-liberia-guinea-border-crisis/,1960|4|3812|3815,category-only,5,category:1960; title:liberia
2023,10/10/2023,Liberia,Presidential,28405,post,30/03/2026,30/03/2026,902,false! senator saah joseph did not promise muslims holiday,https://dubawa.org/false-senator-saah-joseph-did-not-promise-muslims-holiday/,1571|3815|1960,category-only,3,category:1960
2023,10/10/2023,Liberia,Presidential,28372,post,26/03/2026,26/03/2026,898,misleading. video of  muslims fighting  not from liberia,https://dubawa.org/misleading-video-of-muslims-fighting-not-from-liberia/,1571|3815|1960,category-only,5,category:1960; title:liberia
2023,10/10/2023,Liberia,Presidential,28369,post,26/03/2026,26/03/2026,898,false! prophet key has not been released from prison,https://dubawa.org/false-prophet-key-has-not-been-released-from-prison/,1571|3815|1960,category-only,5,category:1960; body:liberia; body:monrovia
2023,10/10/2023,Liberia,Presidential,28352,post,25/03/2026,25/03/2026,897,misleading! guinean soldiers are not infringing on citizens  movement in kondadu,https://dubawa.org/misleading-guinean-soldiers-are-not-infringing-on-citizens-movement-in-kondadu/,1960|437|1571|3815,category-only,5,category:1960; body:liberia; body:weah
2023,10/10/2023,Liberia,Presidential,28346,post,25/03/2026,25/03/2026,897,image showcasing guinea’s military crossover is ai-generated,https://dubawa.org/image-showcasing-guineas-military-crossover-is-ai-generated/,1960|3815|119,category-only,6,category:1960; body:liberia; body:joseph boakai; body:boakai
2023,10/10/2023,Liberia,Presidential,28303,post,21/03/2026,01/04/2026,893,"video of guinea’s president threatening to take over disputed land by force, ai-generated",https://dubawa.org/video-of-guineas-president-threatening-to-take-over-disputed-land-by-force-ai-generated/,16|1571|3815|1960,category-only,4,category:1960; body:liberia
2023,10/10/2023,Liberia,Presidential,28300,post,21/03/2026,21/03/2026,893,did guinea soldiers re-hoist flag on liberian soil despite peace negotiations?,https://dubawa.org/did-guinea-soldiers-re-hoist-flag-on-liberian-soil-despite-peace-negotiations/,1572|3815|1960,category-only,7,category:1960; title:liberia; body:joseph boakai; body:boakai
2023,10/10/2023,Liberia,Presidential,28252,post,17/03/2026,17/03/2026,889,false! liberia’s government did not allocate $38m to agriculture from 2024 to 2026,https://dubawa.org/false-liberias-government-did-not-allocate-38m-to-agriculture-from-2024-to-2026/,1571|3815|1960,category-only,6,category:1960; title:liberia; body:unity party
2023,10/10/2023,Liberia,Presidential,28193,post,13/03/2026,13/03/2026,885,did guinean soldiers kill liberians?,https://dubawa.org/did-guinean-soldiers-kill-liberians/,1571|4|3815|1960|123,category-only,5,category:1960; title:liberia
2023,10/10/2023,Liberia,Presidential,28184,post,13/03/2026,13/03/2026,885,false! no travel restriction on ghanaians by uk government,https://dubawa.org/false-no-travel-restriction-on-ghanaians-by-uk-government/,1571|4|3812|3815|1960,category-only,5,category:1960; body:liberia; body:boakai
2023,10/10/2023,Liberia,Presidential,28134,post,11/03/2026,11/03/2026,883,false! cdc did not leave liberia’s international reserve at $240 million,https://dubawa.org/false-cdc-did-not-leave-liberias-international-reserve-at-240-million/,123|120|3815|1960,category-only,9,category:1960; title:liberia; body:george weah; body:weah; body:joseph boakai; body:boakai
2023,10/10/2023,Liberia,Presidential,28123,post,10/03/2026,10/03/2026,882,false! 80% of teachers in liberia are not volunteers,https://dubawa.org/false-80-of-teachers-in-liberia-are-not-volunteers/,1571|3815|1960,category-only,7,category:1960; title:liberia; body:monrovia; body:nimba
2023,10/10/2023,Liberia,Presidential,27998,post,27/02/2026,27/02/2026,871,misleading! woman accused of killing grandchildren did not disappear from prison,https://dubawa.org/killing-grandchildren-did-not-disappear-from-prison/,1571|3812|3815|1960,category-only,5,category:1960; body:liberia; body:nimba
2023,10/10/2023,Liberia,Presidential,27993,post,27/02/2026,27/02/2026,871,false! peter bonor jallah was not released from jail,https://dubawa.org/https-dubawa-org-peter-bonor-jallah/,1571|437|3815|1960,category-only,5,category:1960; body:liberia; body:monrovia
2023,10/10/2023,Liberia,Presidential,27918,post,24/02/2026,24/02/2026,868,false! ecuador not world’s highest cassava exporter,https://dubawa.org/false-ecuador-not-worlds-highest-cassava-exporter/,1571|437|3815|1960,category-only,4,category:1960; body:liberia
2023,10/10/2023,Liberia,Presidential,27912,post,24/02/2026,25/02/2026,868,misleading! liberia’s government is subsidising many schools in 2026 national budget,https://dubawa.org/liberias-government-is-subsidising-many-schools-in-2026/,1960|437|3815,category-only,8,category:1960; title:liberia; body:monrovia; body:joseph boakai; body:boakai
2023,10/10/2023,Liberia,Presidential,27897,post,24/02/2026,24/02/2026,868,false! two overhead bridge construction agreements in congo town not signed during sirleaf s regime,https://dubawa.org/false-two-overhead-bridge-agreements-congo-town-sirleaf/,1571|3815|1960,category-only,6,category:1960; body:liberia; body:monrovia; body:weah
2023,10/10/2023,Liberia,Presidential,27870,post,21/02/2026,21/02/2026,865,false! boakai wasn’t in wheelchair during inspection of afl on armed forces day,https://dubawa.org/false-boakai-wasnt-in-wheelchair-during-inspection-of-afl-on-armed-forces-day/,1571|3815|1960,category-only,7,category:1960; body:liberia; body:joseph boakai; title:boakai
2023,10/10/2023,Liberia,Presidential,27865,post,21/02/2026,21/02/2026,865,"false! who statistics on liberia maternal mortality ratio is not 742 per 100,000 live births",https://dubawa.org/false-who-statistics-on-liberia-maternal-mortality-742-per-100000-live-births-who-statistics-on-liberia-maternal-mortality/,1960|437|1571|3815,category-only,5,category:1960; title:liberia
2023,10/10/2023,Liberia,Presidential,27861,post,21/02/2026,21/02/2026,865,"prophet kay’s incarceration: the law, freedom of speech and its consequences",https://dubawa.org/prophet-kays-incarceration-the-law-freedom-of-speech-and-its-consequences/,1572|3812|3815|1960,category-only,4,category:1960; body:liberia
2023,10/10/2023,Liberia,Presidential,27517,post,29/01/2026,29/01/2026,842,did trump write to norway about dissatisfaction over nobel peace prize award snub?,https://dubawa.org/did-trump-write-to-norway-about-dissatisfaction-over-nobel-peace-prize-award-snub/,1571|437|4|3812|3815|1960,category-only,3,category:1960
2023,10/10/2023,Liberia,Presidential,27384,post,21/01/2026,21/01/2026,834,false! naymote’s 2025 meter report covers one year of boakai’s administration,https://dubawa.org/false-naymotes-2025-meter-report-covers-one-year-of-boakais-administration/,1571|3812|3815|1960,category-only,8,category:1960; body:liberia; body:joseph boakai; title:boakai; body:unity party
2023,10/10/2023,Liberia,Presidential,27381,post,21/01/2026,21/01/2026,834,"false! liberia’s 2017 domestic revenue, not $452 million",https://dubawa.org/false-liberias-2017-domestic-revenue-not-452-million/,1571|4|3812|3815|1960,category-only,7,category:1960; title:liberia; body:joseph boakai; body:boakai
2023,10/10/2023,Liberia,Presidential,27378,post,21/01/2026,21/01/2026,834,"did the u.s. suspend visa processing for citizens from 75 countries, including liberia?",https://dubawa.org/did-the-u-s-suspend-visa-processing-for-citizens-from-75-countries-including-liberia/,1571|437|3815|1960,category-only,6,category:1960; title:liberia; body:monrovia
2023,10/10/2023,Liberia,Presidential,27373,post,21/01/2026,21/01/2026,834,did iranian protesters burn liberia’s flag?,https://dubawa.org/did-iranian-protesters-burn-liberias-flag/,1571|437|3815|1960,category-only,5,category:1960; title:liberia
2023,10/10/2023,Liberia,Presidential,27318,post,15/01/2026,15/01/2026,828,false! johnson sirleaf’s unity party did not leave exchange rate at $130,https://dubawa.org/false-johnson-sirleafs-unity-party-did-not-leave-exchange-rate-at-130/,1960|437|3815,category-only,6,category:1960; body:liberia; title:unity party
2023,10/10/2023,Liberia,Presidential,27159,post,12/01/2026,12/01/2026,825,false! the japan freeway project was not dedicated by former president ellen johnson sirleaf,https://dubawa.org/false-the-japan-freeway-project-was-not-dedicated-by-former-president-ellen-johnson-sirleaf/,1960|3815|123,category-only,6,category:1960; body:liberia; body:george weah; body:weah
2023,10/10/2023,Liberia,Presidential,26639,post,19/12/2025,19/12/2025,801,"false! bong county team player, not dead",https://dubawa.org/false-bong-county-team-player-not-dead/,1571|4|3815|1960,category-only,4,category:1960; body:liberia
2023,10/10/2023,Liberia,Presidential,26582,post,15/12/2025,15/12/2025,797,did mcc drop 16 countries from benefiting from the 2026 compact?,https://dubawa.org/did-mcc-drop-16-countries-from-benefiting-from-the-2026-compact/,1960|1571|3812|3815,category-only,4,category:1960; body:liberia
2023,10/10/2023,Liberia,Presidential,26536,post,13/12/2025,13/12/2025,795,has the swedish embassy closed operations in liberia?,https://dubawa.org/has-the-swedish-embassy-closed-operations-in-liberia/,1571|3815|1960,category-only,6,category:1960; title:liberia; body:monrovia
2023,10/10/2023,Liberia,Presidential,26532,post,13/12/2025,13/12/2025,795,true! liberia second hungriest country in west africa after niger,https://dubawa.org/true-liberia-second-hungriest-country-in-west-africa-after-niger/,1571|3812|3815|1960,category-only,9,category:1960; title:liberia; body:george weah; body:weah; body:boakai; body:unity party
2023,10/10/2023,Liberia,Presidential,26527,post,13/12/2025,13/12/2025,795,"false! national legislature’s 2026 budget increased by 14%, not over 40%",https://dubawa.org/false-national-legislatures-2026-budget-increased-by-14-not-over-40/,1571|3812|3815|1960,category-only,4,category:1960; body:liberia
2023,10/10/2023,Liberia,Presidential,26378,post,29/11/2025,29/11/2025,781,did the ministry of public works approve jor-bridge construction?,https://dubawa.org/did-the-ministry-of-public-works-approve-jor-bridge-construction/,1571|3815|1960,category-only,3,category:1960
2023,10/10/2023,Liberia,Presidential,26374,post,29/11/2025,29/11/2025,781,"false! ministry of agriculture’s draft 2026 budget, not $13 million",https://dubawa.org/false-ministry-of-agricultures-draft-2026-budget-not-13-million/,1960|120|3815,category-only,5,category:1960; body:liberia; body:boakai
2023,10/10/2023,Liberia,Presidential,26285,post,25/11/2025,25/11/2025,777,budget for liberia national police in 2026 draft budget is not us$8 million,https://dubawa.org/budget-for-liberias-national-police-in-2026-draft-budget-is-not-us8-million/,120|1571|4|3812|3815|1960,category-only,5,category:1960; title:liberia
2023,10/10/2023,Liberia,Presidential,26279,post,25/11/2025,25/11/2025,777,"claim 24,000 females living with hiv/aids in liberia, misleading",https://dubawa.org/claim-24000-females-living-with-hiv-aids-in-liberia-misleading/,1960|121|3815,category-only,5,category:1960; title:liberia
2023,10/10/2023,Liberia,Presidential,26275,post,25/11/2025,25/11/2025,777,false! liberia failed the rule of law indicator in fy2026 mcc scorecard,https://dubawa.org/false-liberia-failed-the-rule-of-law-indicator-in-fy2026-mcc-scorecard/,1571|4|3812|3815|1960,category-only,6,category:1960; title:liberia; body:boakai
2023,10/10/2023,Liberia,Presidential,26258,post,25/11/2025,25/11/2025,777,"the claim of a ratio of one doctor to 5,000 is misleading",https://dubawa.org/the-claim-of-a-ratio-of-one-doctor-to-5000-is-misleading/,1571|4|3815|1960,category-only,6,category:1960; body:liberia; body:joseph boakai; body:boakai
2023,10/10/2023,Liberia,Presidential,26105,post,21/11/2025,25/11/2025,773,did the ministry of internal affairs budget rise from $14m to $57m in 2026?,https://dubawa.org/did-the-ministry-of-internal-affairs-budget-rise-from-14m-to-57m-in-2026/,1571|120|3815|1960,category-only,5,category:1960; body:liberia; body:boakai
2023,10/10/2023,Liberia,Presidential,26098,post,21/11/2025,21/11/2025,773,"dubawa trains journalists, bloggers, influencers in liberia on fact-checking",https://dubawa.org/dubawa-trains-journalists-bloggers-influencers-in-liberia-on-fact-checking/,440|3815|1960,category-only,6,category:1960; title:liberia; body:monrovia
2023,10/10/2023,Liberia,Presidential,26085,post,21/11/2025,21/11/2025,773,did ame university deny the valedictorian’s speech due to religious intolerance?,https://dubawa.org/did-ame-university-deny-the-valedictorians-speech-due-to-religious-intolerance/,1960|122|3815,category-only,4,category:1960; body:liberia
2023,10/10/2023,Liberia,Presidential,26042,post,19/11/2025,21/11/2025,771,false! national port authority does not owe employees benefits,https://dubawa.org/false-national-port-authority-does-not-owe-employees-benefits/,1571|3815|1960,category-only,4,category:1960; body:liberia
2023,10/10/2023,Liberia,Presidential,26038,post,19/11/2025,19/11/2025,771,false! chinese government did not withdraw support for construction of overpass in liberia,https://dubawa.org/false-chinese-government-did-not-withdraw-support-for-construction-of-overpass-in-liberia/,1571|3815|1960,category-only,5,category:1960; title:liberia
2023,10/10/2023,Liberia,Presidential,26011,post,18/11/2025,18/11/2025,770,did french foreign affairs minister deny government’s awareness of president boakai’s visit?,https://dubawa.org/did-french-foreign-affairs-minister-deny-governments-awareness-of-president-boakais-visit/,1571|3815|1960,category-only,6,category:1960; body:liberia; title:boakai
2023,10/10/2023,Liberia,Presidential,25898,post,12/11/2025,12/11/2025,764,did civil servants work for free in october?,https://dubawa.org/did-civil-servants-work-for-free-in-october/,1571|3815|1960,category-only,5,category:1960; body:liberia; body:boakai
2023,10/10/2023,Liberia,Presidential,25459,post,27/10/2025,27/10/2025,748,"photo of president boakai undergoing surgery, doctored",https://dubawa.org/photo-of-president-boakai-undergoing-surgery-doctored/,1571|3815|1960,category-only,7,category:1960; body:liberia; body:joseph boakai; title:boakai
2023,10/10/2023,Liberia,Presidential,25446,post,27/10/2025,27/10/2025,748,"video of criminals breaking into a shop, not from liberia",https://dubawa.org/video-of-criminals-breaking-into-a-shop-not-from-liberia/,1571|3815|1960|119,category-only,5,category:1960; title:liberia
2023,10/10/2023,Liberia,Presidential,25353,post,24/10/2025,24/10/2025,745,false! kollie-ta wolah school annex not being built by president boakai,https://dubawa.org/false-kollie-ta-wolah-school-annex-not-being-built-by-president-boakai/,1571|3815|1960,category-only,7,category:1960; body:liberia; body:joseph boakai; title:boakai
2023,10/10/2023,Liberia,Presidential,25268,post,24/10/2025,24/10/2025,745,false! liberia’s economy has experienced growth under the unity party government,https://dubawa.org/false-liberias-economy-has-experienced-growth-under-the-unity-party-government/,1571|4|3812|3815|1960,category-only,7,category:1960; title:liberia; title:unity party
2023,10/10/2023,Liberia,Presidential,25221,post,22/10/2025,22/10/2025,743,"false! cdc took wage bill to $314 million, not $296 million",https://dubawa.org/false-cdc-took-wage-bill-to-314-million-not-296-million/,1571|4|3815|1960,category-only,6,category:1960; body:liberia; body:weah; body:unity party
2023,10/10/2023,Liberia,Presidential,24996,post,13/10/2025,02/11/2025,734,reduction in transportation fare publicity not from transport ministry,https://dubawa.org/reduction-in-transportation-fare-publicity-not-from-transport-ministry/,1571|120|3815|1960,category-only,4,category:1960; body:monrovia
2023,10/10/2023,Liberia,Presidential,24971,post,13/10/2025,13/10/2025,734,false! cdc did not inherit 12% inflation rate,https://dubawa.org/false-cdc-did-not-inherit-12-inflation-rate/,1571|120|3815|1960,category-only,6,category:1960; body:liberia; body:weah; body:unity party
2023,10/10/2023,Liberia,Presidential,24944,post,10/10/2025,14/10/2025,731,"call for application: information disorder, fimi and the importance of preserving information integrity for bloggers and social media influencers in monrovia",https://dubawa.org/call-for-application-information-disorder-fimi-and-the-importance-of-preserving-information-integrity-for-bloggers-and-social-media-influencers-in-monrovia/,1960|423|1688,category-only,6,category:1960; body:liberia; title:monrovia
2023,10/10/2023,Liberia,Presidential,24825,post,02/10/2025,02/10/2025,723,koluba’s claim about up government’s $1bn gdp figure false,https://dubawa.org/kolubas-claim-about-up-governments-1bn-gdp-figure-false/,1571|3812|3815|1960|16,category-only,9,category:1960; body:liberia; body:george weah; body:weah; body:joseph boakai; body:boakai; body:unity party
2023,10/10/2023,Liberia,Presidential,24822,post,02/10/2025,02/10/2025,723,"second quarter  inflation figure in liberia stands at 11.1%, not 13.7%",https://dubawa.org/second-quarter-inflation-figure-in-liberia-stands-at-11-1-not-13-7/,1571|120|3815|1960,category-only,7,category:1960; title:liberia; body:monrovia; body:unity party
2023,10/10/2023,Liberia,Presidential,24717,post,26/09/2025,26/09/2025,717,"epl eligibility: players from top 50 countries in fifa ranking, not 100 qualify",https://dubawa.org/the-claim-that-playing-in-the-premier-league-is-based-on-a-points-system-is-misleading/,1571|3815|1960,category-only,7,category:1960; body:liberia; body:monrovia; body:george weah; body:weah
2023,10/10/2023,Liberia,Presidential,24710,post,25/09/2025,25/09/2025,716,"misleading! cdc left exchange rate at l$188, not l$174",https://dubawa.org/misleading-cdc-left-exchange-rate-at-l188-not-l174/,1571|120|4|3812|3815|1960,category-only,8,category:1960; body:liberia; body:george weah; body:weah; body:joseph boakai; body:boakai
2023,10/10/2023,Liberia,Presidential,24504,post,18/09/2025,18/09/2025,709,is ebola in liberia?,https://dubawa.org/is-ebola-in-liberia/,1571|1960,category-only,6,category:1960; title:liberia; body:nimba
2023,10/10/2023,Liberia,Presidential,24381,post,12/09/2025,12/09/2025,703,false! liberia not only country in africa that has set aside flag day holiday,https://dubawa.org/false-liberia-not-only-country-in-africa-that-has-set-aside-flag-day-holiday/,1571|3815|1960,category-only,5,category:1960; title:liberia
2023,10/10/2023,Liberia,Presidential,24278,post,05/09/2025,05/09/2025,696,false! liberia slumped in 2025 global peace index report,https://dubawa.org/false-liberia-slumped-in-2025-global-peace-index-report/,1571|3815|1960,category-only,5,category:1960; title:liberia
2023,10/10/2023,Liberia,Presidential,24274,post,05/09/2025,05/09/2025,696,"photo of man’s head tied in bloody white cloth, not from sup’s protest",https://dubawa.org/photo-of-mans-head-tied-in-bloody-white-cloth-not-from-sups-protest/,1571|1960,category-only,5,category:1960; body:liberia; body:boakai
2023,10/10/2023,Liberia,Presidential,24224,post,30/08/2025,30/08/2025,690,all liberian party not first registered party to build headquarters in the country,https://dubawa.org/all-liberian-party-not-first-registered-party-to-build-headquarters-in-the-country/,1960|1571|3815,category-only,6,category:1960; title:liberia; body:monrovia
2023,10/10/2023,Liberia,Presidential,24220,post,30/08/2025,30/08/2025,690,"morning show host in liberia makes misleading claims about party headquarters, vocational school",https://dubawa.org/morning-show-host-in-liberia-makes-misleading-claims-about-party-headquarters-vocational-school/,1960|1571|3815,category-only,9,category:1960; title:liberia; body:monrovia; body:george weah; body:weah; body:unity party
2023,10/10/2023,Liberia,Presidential,24150,post,26/08/2025,26/08/2025,686,liberia s drug crisis: a national emergency!,https://dubawa.org/liberias-drug-crisis-a-national-emergency/,1960|1572|121|3815,category-only,8,category:1960; title:liberia; body:monrovia; body:joseph boakai; body:boakai
2023,10/10/2023,Liberia,Presidential,24109,post,25/08/2025,25/08/2025,685,former president weah did not spend 58 days out of liberia,https://dubawa.org/former-president-weah-did-not-spend-58-days-out-of-liberia/,1960|1571|3815|16,category-only,9,category:1960; title:liberia; body:george weah; title:weah; body:boakai
2023,10/10/2023,Liberia,Presidential,24077,post,22/08/2025,22/08/2025,682,misleading! the liberia anti-corruption commission did not receive over $1 million budgetary increment for the first time,https://dubawa.org/misleading-the-liberia-anti-corruption-commission-did-not-receive-over-1-million-budgetary-increment-for-the-first-time/,1960|120|1571|3815,category-only,7,category:1960; title:liberia; body:joseph boakai; body:boakai
2023,10/10/2023,Liberia,Presidential,24064,post,22/08/2025,22/08/2025,682,has facebook been monetised in liberia?,https://dubawa.org/has-facebook-been-monetised-in-liberia/,1960|1571|3815|123,category-only,5,category:1960; title:liberia
2023,10/10/2023,Liberia,Presidential,24026,post,20/08/2025,24/10/2025,680,the spoon tv owner did not buy freedom fm 87.9,https://dubawa.org/the-spoon-tv-owner-did-not-buy-freedom-fm-87-9/,1960|1571|123,category-only,4,category:1960; body:monrovia
2023,10/10/2023,Liberia,Presidential,24010,post,19/08/2025,19/08/2025,679,has cdc built new party headquarters?,https://dubawa.org/has-cdc-built-new-party-headquarters/,1960|1571|3815|16,category-only,6,category:1960; body:liberia; body:george weah; body:weah
2023,10/10/2023,Liberia,Presidential,23976,post,14/08/2025,14/08/2025,674,has liberia s ship registry surpassed panama?,https://dubawa.org/has-liberias-ship-registry-surpassed-panama/,1960|120|1571|3812,category-only,5,category:1960; title:liberia
2023,10/10/2023,Liberia,Presidential,23897,post,10/08/2025,10/08/2025,670,was tubman of liberia the only african president to meet the queen of england?,https://dubawa.org/was-tubman-of-liberia-the-only-african-president-to-meet-the-queen-of-england/,123|1571|1960,category-only,5,category:1960; title:liberia
2023,10/10/2023,Liberia,Presidential,23752,post,29/07/2025,29/07/2025,658,dubawa verifies claims by kenyan journalist jeff koinange,https://dubawa.org/dubawa-verifies-claims-by-kenyan-journalist-jeff-koinange/,1960|437|1571|3812|3815,category-only,7,category:1960; body:liberia; body:george weah; body:weah; body:nimba
2023,10/10/2023,Liberia,Presidential,23735,post,28/07/2025,28/07/2025,657,"misleading! university of liberia student enrollment was not below 10,000 before free tuition",https://dubawa.org/misleading-university-of-liberia-student-enrollment-was-not-below-10000-before-free-tuition/,1571|3815|1960,category-only,7,category:1960; title:liberia; body:george weah; body:weah
2023,10/10/2023,Liberia,Presidential,23732,post,28/07/2025,28/07/2025,657,"photo of ‘unconscious’ man on stretcher from nigeria, not from liberia",https://dubawa.org/photo-of-unconscious-man-on-stretcher-from-nigeria-not-from-liberia/,1571|1960,category-only,6,category:1960; title:liberia; body:monrovia
2023,10/10/2023,Liberia,Presidential,23686,post,23/07/2025,23/07/2025,652,did cdc administration budget exceed $600 million mark?,https://dubawa.org/did-cdc-administration-budget-exceed-600-million-mark/,1571|4|3812|3815|1960,category-only,5,category:1960; body:boakai; body:unity party
2023,10/10/2023,Liberia,Presidential,23669,post,21/07/2025,21/07/2025,650,was cdc youth chairperson arrested with gun during july 17 protest?,https://dubawa.org/was-cdc-youth-chairperson-arrested-with-gun-during-july-17-protest/,1571|4|3812|3815|1960,category-only,7,category:1960; body:liberia; body:monrovia; body:joseph boakai; body:boakai
2023,10/10/2023,Liberia,Presidential,23643,post,18/07/2025,18/07/2025,647,did boakai say china has conducted comprehensive survey of liberia s mineral resources?,https://dubawa.org/did-boakai-say-china-has-conducted-comprehensive-survey-of-liberias-mineral-resources/,1960|3815,category-only,8,category:1960; title:liberia; body:joseph boakai; title:boakai
2023,10/10/2023,Liberia,Presidential,23624,post,17/07/2025,17/07/2025,646,"image of mc caro in an accident, not new",https://dubawa.org/image-of-mc-caro-in-an-accident-not-new/,1571|3815|1960,category-only,4,category:1960; body:liberia
2023,10/10/2023,Liberia,Presidential,23621,post,17/07/2025,17/07/2025,646,boakai has not attacked trump for complimenting his command of english language,https://dubawa.org/boakai-has-not-attacked-trump-for-complimenting-his-command-of-english-language/,1571|4|3815|1960,category-only,7,category:1960; body:liberia; body:joseph boakai; title:boakai
2023,10/10/2023,Liberia,Presidential,23589,post,14/07/2025,14/07/2025,643,is president boakai rated most educated president in africa?,https://dubawa.org/is-president-boakai-rated-most-educated-president-in-africa/,123|1571|3815|1960,category-only,7,category:1960; body:liberia; body:joseph boakai; title:boakai
2023,10/10/2023,Liberia,Presidential,23581,post,14/07/2025,14/07/2025,643,liberia not only country with validity dates on nir cards,https://dubawa.org/liberia-not-only-country-with-validity-dates-on-nir-cards/,1571|4|3815|1960,category-only,6,category:1960; title:liberia; body:boakai
2023,10/10/2023,Liberia,Presidential,23488,post,07/07/2025,07/07/2025,636,false! fee for liberia’s national id card has not increased,https://dubawa.org/false-fee-for-liberias-national-id-card-has-not-increased/,1571|3815|1960,category-only,7,category:1960; title:liberia; body:weah; body:boakai
2023,10/10/2023,Liberia,Presidential,23455,post,03/07/2025,03/07/2025,632,did iranians burn the liberian flag in place of the u.s. flag amidst conflict with israel?,https://dubawa.org/did-iranians-burn-the-liberian-flag-in-place-of-the-u-s-flag-amidst-conflict-with-israel/,1960|1571,category-only,5,category:1960; title:liberia
2023,10/10/2023,Liberia,Presidential,23452,post,03/07/2025,03/07/2025,632,"video of crashed plane in muddy water, fake!",https://dubawa.org/video-of-crashed-plane-in-muddy-water-fake/,1960|1571|3815,category-only,3,category:1960
2023,10/10/2023,Liberia,Presidential,23434,post,02/07/2025,02/07/2025,631,is arcelormittal liberia s iron ore concentrator plant largest in africa?,https://dubawa.org/is-arcelormittal-liberias-iron-ore-concentrator-plant-largest-in-africa/,120|1960|123,category-only,8,category:1960; title:liberia; body:joseph boakai; body:boakai; body:nimba
2023,10/10/2023,Liberia,Presidential,23274,post,23/06/2025,23/06/2025,622,is liberian artist king dennis dead?,https://dubawa.org/is-liberian-artist-king-dennis-dead/,1960|1571|3815|123,category-only,5,category:1960; title:liberia
2023,10/10/2023,Liberia,Presidential,23255,post,19/06/2025,19/06/2025,618,"printing press shutdown and nepotism allegations against mayor siafa, false",https://dubawa.org/printing-press-shutdown-and-nepotism-allegations-against-mayor-siafa/,1571|3812|3815|1960,category-only,5,category:1960; body:monrovia; body:unity party
2023,10/10/2023,Liberia,Presidential,23152,post,14/06/2025,14/06/2025,613,false! the police ig did not call to apologise to cllr. koffa,https://dubawa.org/false-the-police-ig-did-not-call-to-apologise-to-cllr-koffa/,1960|3815|119,category-only,4,category:1960; body:liberia
2023,10/10/2023,Liberia,Presidential,23148,post,14/06/2025,14/06/2025,613,false! morlu was not arrested by the lnp over arson,https://dubawa.org/false-morlu-was-not-arrested-by-the-lnp-over-arson/,1960|4|3815|123,category-only,5,category:1960; body:liberia; body:monrovia
2023,10/10/2023,Liberia,Presidential,23142,post,14/06/2025,14/06/2025,613,true! the ship that recently sank off the indian coast was liberian-flagged,https://dubawa.org/true-the-ship-that-recently-sank-off-the-indian-coast-was-liberian-flagged/,1960|1571|3812|3815,category-only,6,category:1960; title:liberia; body:unity party
2023,10/10/2023,Liberia,Presidential,23124,post,12/06/2025,12/06/2025,611,did city court deny ex-speaker koffa and others bail?,https://dubawa.org/did-city-court-deny-ex-speaker-koffa-and-others-bail/,1571|3815|1960|16,category-only,5,category:1960; body:liberia; body:monrovia
2023,10/10/2023,Liberia,Presidential,23121,post,12/06/2025,12/06/2025,611,false! liberia is not an african nation with the longest warning for illegal fishing,https://dubawa.org/false-liberia-is-not-an-african-nation-with-the-longest-warning-for-illegal-fishing/,1960|3812|3815,category-only,5,category:1960; title:liberia
2023,10/10/2023,Liberia,Presidential,23086,post,11/06/2025,11/06/2025,610,"cjid’s laymah, others, enter guinness world records with ‘the song’ 195 from frequency school",https://dubawa.org/cjids-laymah-others-enter-guinness-world-records-with-the-song-195-from-frequency-school/,1960|3815|1688,category-only,4,category:1960; body:liberia
2023,10/10/2023,Liberia,Presidential,23056,post,05/06/2025,05/06/2025,604,fy2025 national budget of liberia does not support martin kollie’s claim for fuel and scratch card expenses,https://dubawa.org/fy2025-national-budget-of-liberia-does-not-support-martin-kollies-claim-for-fuel-and-scratch-card-expenses/,1571|3815|1960,category-only,7,category:1960; title:liberia; body:joseph boakai; body:boakai
2023,10/10/2023,Liberia,Presidential,23053,post,05/06/2025,05/06/2025,604,"viral claim, images suggesting president boakai was injured in a plane incident, not from liberia",https://dubawa.org/viral-claim-images-suggesting-president-boakai-was-injured-in-a-plane-incident-not-from-liberia/,1571|3815|1960,category-only,9,category:1960; title:liberia; body:weah; body:joseph boakai; title:boakai
2023,10/10/2023,Liberia,Presidential,23050,post,05/06/2025,05/06/2025,604,did the csa boss admit $48 million went missing?,https://dubawa.org/did-the-csa-boss-admit-48-million-went-missing/,1571|4|3812|3815|1960,category-only,4,category:1960; body:liberia
2023,10/10/2023,Liberia,Presidential,23044,post,05/06/2025,05/06/2025,604,flights to and from liberia were not cancelled until may 31,https://dubawa.org/flights-to-and-from-liberia-were-not-cancelled-until-may-31/,1571|3815|1960,category-only,6,category:1960; title:liberia; body:boakai
2023,10/10/2023,Liberia,Presidential,23001,post,02/06/2025,02/06/2025,601,liberia’s speaker koon’s convoy did not kill motorcyclist,https://dubawa.org/liberias-speaker-koons-convoy-did-not-kill-motorcyclist/,1960|1571|119,category-only,5,category:1960; title:liberia
2023,10/10/2023,Liberia,Presidential,22966,post,30/05/2025,30/05/2025,598,"false! images of a pastor in fatal miracle antics, not in nimba county",https://dubawa.org/false-images-of-a-pastor-in-fatal-miracle-antics-not-in-nimba-county/,1571|4|3815|1960,category-only,6,category:1960; body:liberia; title:nimba
2023,10/10/2023,Liberia,Presidential,22955,post,29/05/2025,30/05/2025,597,has burkina faso banned porn websites?,https://dubawa.org/has-burkina-faso-banned-porn-websites/,1960|1571|4|3812|3815,category-only,4,category:1960; body:liberia
2023,10/10/2023,Liberia,Presidential,22951,post,29/05/2025,30/05/2025,597,false! video of boakai protesting  not recorded at ‘weah must step down’ protest,https://dubawa.org/false-video-of-boakai-protesting-not-recorded-at-weah-must-step-down-protest/,1571|4|3812|3815|1960,category-only,11,category:1960; body:liberia; body:monrovia; body:george weah; title:weah; body:joseph boakai; title:boakai
2023,10/10/2023,Liberia,Presidential,22948,post,29/05/2025,29/05/2025,597,did thieves chop off motorcyclist’s hand in liberia?,https://dubawa.org/did-thieves-chop-off-motorcyclists-hand-in-liberia/,1960|1571|3812|3815,category-only,5,category:1960; title:liberia
2023,10/10/2023,Liberia,Presidential,22892,post,26/05/2025,26/05/2025,594,mixed reactions greet religious holidays bill in liberia,https://dubawa.org/mixed-reactions-greet-religious-holidays-bill-in-liberia/,1960|1572|4|3812|3815,category-only,6,category:1960; title:liberia; body:monrovia
2023,10/10/2023,Liberia,Presidential,22856,post,23/05/2025,25/05/2025,591,has the liberian exchange rate hit l$200 to 1 usd?,https://dubawa.org/has-the-liberian-exchange-rate-hit-l200-to-1-usd/,1960|120|3815,category-only,9,category:1960; title:liberia; body:george weah; body:weah; body:joseph boakai; body:boakai
2023,10/10/2023,Liberia,Presidential,22847,post,23/05/2025,23/05/2025,591,"claim no foreign direct investment under weah’s administration, false",https://dubawa.org/claim-no-foreign-direct-investment-under-weahs-administration-false/,1960|3815|16,category-only,8,category:1960; body:liberia; body:george weah; title:weah; body:unity party
2023,10/10/2023,Liberia,Presidential,22825,post,22/05/2025,22/05/2025,590,estimated number of deaths caused by mpox in dr congo in 2024 not 537,https://dubawa.org/estimated-number-of-deaths-caused-by-mpox-in-dr-congo-in-2024-not-537/,1571|1960,category-only,4,category:1960; body:liberia
2023,10/10/2023,Liberia,Presidential,22811,post,21/05/2025,28/05/2025,589,viral photo of overcrowded prison is not from liberia,https://dubawa.org/viral-photo-of-overcrowded-prison-is-not-from-liberia/,1571|437|3815|1960,category-only,6,category:1960; title:liberia; body:monrovia
2023,10/10/2023,Liberia,Presidential,22762,post,19/05/2025,19/05/2025,587,"false! the estimated number of  liberia’s police officers not 2,373",https://dubawa.org/false-the-estimated-number-of-liberias-police-officers-not-2373/,1960|4|3812|3815,category-only,5,category:1960; title:liberia
2023,10/10/2023,Liberia,Presidential,22731,post,16/05/2025,16/05/2025,584,did martin’s post trigger revocation of quack doctor’s license?,https://dubawa.org/did-martins-post-trigger-revocation-of-quack-doctors-license/,1571|1960,category-only,4,category:1960; body:liberia
2023,10/10/2023,Liberia,Presidential,22705,post,14/05/2025,14/05/2025,582,does liberia fund 33 embassies or foreign missions?,https://dubawa.org/does-liberia-fund-33-embassies-or-foreign-missions/,1960|1571|4|3812|3815,category-only,5,category:1960; title:liberia
2023,10/10/2023,Liberia,Presidential,22700,post,14/05/2025,14/05/2025,582,liberian government did not endorse protest for burkina faso’s president,https://dubawa.org/liberian-government-did-not-endorse-protest-for-burkina-fasos-president/,1571|3812|3815|1960,category-only,6,category:1960; title:liberia; body:monrovia
2023,10/10/2023,Liberia,Presidential,22667,post,12/05/2025,12/05/2025,580,commerce inspector general dorr cooper has not been dismissed,https://dubawa.org/commerce-inspector-general-dorr-cooper-has-not-been-dismissed/,1571|4|3815|1960,category-only,7,category:1960; body:liberia; body:joseph boakai; body:boakai; body:unity party
2023,10/10/2023,Liberia,Presidential,22658,post,12/05/2025,12/05/2025,580,dorley’s european titles comparison with weah is misleading,https://dubawa.org/dorleys-european-titles-comparison-with-weah-is-misleading/,1960|4|3812|3815,category-only,8,category:1960; body:liberia; body:monrovia; body:george weah; title:weah
2023,10/10/2023,Liberia,Presidential,22637,post,10/05/2025,10/05/2025,578,did liberia’s first lady build high school in sinoe county?,https://dubawa.org/did-liberias-first-lady-build-high-school-in-sinoe-county/,1960|1571|4|3815,category-only,7,category:1960; title:liberia; body:joseph boakai; body:boakai
2023,10/10/2023,Liberia,Presidential,22570,post,06/05/2025,06/05/2025,574,"has liberian speaker, fonati koffa, resigned?",https://dubawa.org/has-liberian-speaker-fonati-koffa-resigned/,1571|3815|1960,category-only,5,category:1960; title:liberia
2023,10/10/2023,Liberia,Presidential,22488,post,28/04/2025,28/04/2025,566,false! university of liberia s budget has not increased to $35 million,https://dubawa.org/false-university-of-liberias-budget-has-not-increased-to-35-million/,1571|120|4|3812|3815|1960,category-only,5,category:1960; title:liberia
2023,10/10/2023,Liberia,Presidential,22369,post,21/04/2025,21/04/2025,559,"false! video of man set ablaze is from nigeria, not liberia",https://dubawa.org/false-video-of-man-set-ablaze-is-from-nigeria-not-liberia/,1960|1571|3812|3815,category-only,6,category:1960; title:liberia; body:monrovia
2023,10/10/2023,Liberia,Presidential,22327,post,16/04/2025,16/04/2025,554,#behindthefacts: jackson shares lessons from fact-checking prominent liberian activist,https://dubawa.org/behindthefacts-jackson-shares-lessons-from-fact-checking-prominent-liberian-activist/,1572|3815|1960,category-only,5,category:1960; title:liberia
2023,10/10/2023,Liberia,Presidential,22262,post,14/04/2025,14/04/2025,552,religious groups deny issuing viral statement in support of koon,https://dubawa.org/religious-groups-deny-issuing-viral-statement-in-support-of-koon/,1571|4|3815|1960,category-only,4,category:1960; body:liberia
2023,10/10/2023,Liberia,Presidential,22191,post,03/04/2025,03/04/2025,541,false! liberia council of churches president not suspended,https://dubawa.org/false-liberia-council-of-churches-president-not-suspended/,437|1571|4|3812|3815|1960,category-only,7,category:1960; title:liberia; body:monrovia; body:boakai
2023,10/10/2023,Liberia,Presidential,22035,post,25/03/2025,25/03/2025,532,false! burkina faso’s president ibrahim traoré has not rejected loans from the world bank,https://dubawa.org/false-burkina-fasos-president-ibrahim-traore-has-not-rejected-loans-from-the-world-bank/,1571|4|3815|1960|16,category-only,3,category:1960
2023,10/10/2023,Liberia,Presidential,22003,post,20/03/2025,20/03/2025,527,"false! the bong county council did not approve $100,000 for bean cultivation",https://dubawa.org/false-the-bong-county-council-did-not-approve-100000-for-bean-cultivation/,1571|3815|1960,category-only,4,category:1960; body:liberia
2023,10/10/2023,Liberia,Presidential,22000,post,20/03/2025,20/03/2025,527,false! supreme court did not order liberia’s finance ministry to pay seven suspended lawmakers,https://dubawa.org/false-supreme-court-did-not-order-liberias-finance-ministry-to-pay-seven-suspended-lawmakers/,1571|3815|1960,category-only,5,category:1960; title:liberia
2023,10/10/2023,Liberia,Presidential,21957,post,17/03/2025,17/03/2025,524,dubawa verifies several claims by liberian activist martin kollie,https://dubawa.org/dubawa-verifies-several-claims-by-liberian-activist-martin-kollie/,1571|4|3812|3815|1960,category-only,7,category:1960; title:liberia; body:joseph boakai; body:boakai
2023,10/10/2023,Liberia,Presidential,21937,post,15/03/2025,15/03/2025,522,false! liberia’s former traditional chief is not dead,https://dubawa.org/false-liberias-former-traditional-chief-is-not-dead/,1571|3815|1960,category-only,5,category:1960; title:liberia
2023,10/10/2023,Liberia,Presidential,21926,post,13/03/2025,13/03/2025,520,did president boakai tell citizens to buy guns?,https://dubawa.org/did-president-boakai-tell-citizens-to-buy-guns/,1571|4|3815|1960,category-only,8,category:1960; body:liberia; body:monrovia; body:joseph boakai; title:boakai
2023,10/10/2023,Liberia,Presidential,21912,post,12/03/2025,12/03/2025,519,no factual basis for claim umu is introducing same-sex marriage courses,https://dubawa.org/no-factual-basis-for-claim-umu-is-introducing-same-sex-marriage-courses/,1571|1960,category-only,4,category:1960; body:liberia
2023,10/10/2023,Liberia,Presidential,21759,post,26/02/2025,26/02/2025,505,#behindthefacts: laymah’s daring investigation revived focus on disturbing reality in whein town,https://dubawa.org/behindthefacts-laymahs-daring-investigation-revived-focus-on-disturbing-reality-in-whein-town/,3825|3815|1960,category-only,4,category:1960; body:monrovia
2023,10/10/2023,Liberia,Presidential,21748,post,25/02/2025,25/02/2025,504,false! motorbike riders did not kill 10 officers of liberia’s national police,https://dubawa.org/false-motorbike-riders-did-not-kill-10-officers-of-liberias-national-police/,1571|3812|3815|1960,category-only,6,category:1960; title:liberia; body:monrovia
2023,10/10/2023,Liberia,Presidential,21731,post,24/02/2025,24/02/2025,503,misleading! boakai’s government has not constructed 19 kilometres of ganta to saclepea road,https://dubawa.org/misleading-boakais-government-has-not-constructed-19-kilometres-of-ganta-to-saclepea-road/,1960|4|3812|3815,category-only,8,category:1960; body:liberia; body:weah; body:joseph boakai; title:boakai
2023,10/10/2023,Liberia,Presidential,21713,post,23/02/2025,23/02/2025,502,"misleading! in 7 years, liberia climbed by one point on corruption perception index",https://dubawa.org/misleading-in-7-years-liberia-climbed-by-one-point-on-corruption-perception-index/,1571|4|3812|3815|1960,category-only,5,category:1960; title:liberia
2023,10/10/2023,Liberia,Presidential,21704,post,20/02/2025,20/02/2025,499,"ministry of finance has not reduced salaries, public officials’ benefits amid us aid freeze",https://dubawa.org/ministry-of-finance-has-not-reduced-salaries-public-officials-benefits-amid-us-aid-freeze/,1571|4|3812|3815|1960,category-only,7,category:1960; body:liberia; body:joseph boakai; body:boakai; body:unity party
2023,10/10/2023,Liberia,Presidential,21701,post,20/02/2025,20/02/2025,499,false! liberia’s maurice tosh did not win $1m from lonestar,https://dubawa.org/false-liberias-maurice-tosh-did-not-win-1m-from-lonestar/,1571|4|3812|3815|1960,category-only,6,category:1960; title:liberia; body:monrovia
2023,10/10/2023,Liberia,Presidential,21685,post,20/02/2025,20/02/2025,499,false to suggest weah fired no one during his administration,https://dubawa.org/false-to-suggest-weah-fired-no-one-during-his-administration/,1571|1960|16,category-only,9,category:1960; body:liberia; body:george weah; title:weah; body:joseph boakai; body:boakai
2023,10/10/2023,Liberia,Presidential,21659,post,18/02/2025,18/02/2025,497,boakai’s suspension of over 400 government officials and matters arising,https://dubawa.org/boakais-suspension-of-over-400-government-officials-and-matters-arising/,1572|1960|16,category-only,8,category:1960; body:liberia; body:monrovia; title:boakai; body:nimba
2023,10/10/2023,Liberia,Presidential,21651,post,18/02/2025,18/02/2025,497,false! more than two lta commissioners declared their assets,https://dubawa.org/false-more-than-two-lta-commissioners-declared-their-assets/,1571|3815|1960,category-only,5,category:1960; body:liberia; body:boakai
2023,10/10/2023,Liberia,Presidential,21596,post,13/02/2025,13/02/2025,492,misleading! liberia has low hiv rate among african countries,https://dubawa.org/misleading-liberia-has-low-hiv-rate-among-african-countries/,1571|3815|1960,category-only,5,category:1960; title:liberia
2023,10/10/2023,Liberia,Presidential,21593,post,13/02/2025,13/02/2025,492,false! plastics do not make up 20% of liberia’s waste composition,https://dubawa.org/false-plastics-do-not-make-up-20-of-liberias-waste-composition/,1960|1571|3815,category-only,6,category:1960; title:liberia; body:monrovia
2023,10/10/2023,Liberia,Presidential,21573,post,12/02/2025,12/02/2025,491,did liberians in u.s. remit more than national budget by 2023?,https://dubawa.org/did-liberians-in-u-s-remit-more-than-national-budget-by-2023/,1571|120|3812|3815|1960,category-only,7,category:1960; title:liberia; body:joseph boakai; body:boakai
2023,10/10/2023,Liberia,Presidential,21562,post,12/02/2025,12/02/2025,491,misleading! panama has not agreed to stop charging u.s. vessels using panama canal,https://dubawa.org/misleading-panama-has-not-agreed-to-stop-charging-u-s-vessels-using-panama-canal/,123|437|1571|4|3812|3815|1960|16,category-only,4,category:1960; body:liberia
2023,10/10/2023,Liberia,Presidential,21550,post,11/02/2025,11/02/2025,490,misleading! liberia did not pay $9m annually for power supply,https://dubawa.org/misleading-liberia-did-not-pay-9m-annually-for-power-supply/,1571|4|3812|3815|1960,category-only,5,category:1960; title:liberia
2023,10/10/2023,Liberia,Presidential,21520,post,09/02/2025,09/02/2025,488,false! tinubu has not shutdown nigeria’s embassy in u.s.,https://dubawa.org/false-tinubu-has-not-shutdown-nigerias-embassy-in-u-s/,1960|3815|16,category-only,4,category:1960; body:liberia
2023,10/10/2023,Liberia,Presidential,21407,post,29/01/2025,30/01/2025,477,misleading! liberia has not gotten mcc compact 2,https://dubawa.org/misleading-liberia-has-not-gotten-mcc-compact-2/,1571|3815|1960|16,category-only,8,category:1960; title:liberia; body:monrovia; body:joseph boakai; body:boakai
2023,10/10/2023,Liberia,Presidential,21404,post,29/01/2025,29/01/2025,477,misleading! senate protem lawrence’s vehicle doesn’t cost $100k,https://dubawa.org/misleading-senate-protem-lawrences-vehicle-doesnt-cost-100k/,1571|3815|1960|16,category-only,8,category:1960; body:liberia; body:monrovia; body:george weah; body:weah; body:unity party
2023,10/10/2023,Liberia,Presidential,21394,post,27/01/2025,27/01/2025,475,false to suggest there are no countries with birthright citizenship,https://dubawa.org/false-to-suggest-there-are-no-countries-with-birthright-citizenship/,1571|3815|1960,category-only,3,category:1960
2023,10/10/2023,Liberia,Presidential,21356,post,22/01/2025,22/01/2025,470,misleading! government s arrest agenda doesn t confirm $5.88bn debt in 2029,https://dubawa.org/misleading-governments-arrest-agenda-doesnt-confirm-5-88bn-debt-in-2029/,1571|3815|1960,category-only,7,category:1960; body:liberia; body:joseph boakai; body:boakai; body:unity party
2023,10/10/2023,Liberia,Presidential,21148,post,28/12/2024,28/12/2024,445,what we know about liberia’s burned capitol building,https://dubawa.org/what-we-know-about-liberias-burned-capitol-building/,1960|1572|123,category-only,8,category:1960; title:liberia; body:monrovia; body:joseph boakai; body:boakai
2023,10/10/2023,Liberia,Presidential,21144,post,28/12/2024,28/12/2024,445,"allegations about amos tweh purchasing lexus 2024 model, false",https://dubawa.org/allegations-about-amos-tweh-purchasing-lexus-2024-model-false/,1960|1571|3812|3815|123,category-only,5,category:1960; body:liberia; body:boakai
2023,10/10/2023,Liberia,Presidential,21140,post,28/12/2024,28/12/2024,445,liberia’s new transport fare and matters arising,https://dubawa.org/liberias-new-transport-fare-and-matters-arising/,1960|1572|3812|3815,category-only,6,category:1960; title:liberia; body:monrovia
2023,10/10/2023,Liberia,Presidential,21104,post,25/12/2024,25/12/2024,442,misleading! liberia electricity corporation has not increased its electricity bill by 76%,https://dubawa.org/misleading-liberia-electricity-corporation-has-not-increased-its-electricity-bill-by-76/,120|1571|1960,category-only,5,category:1960; title:liberia
2023,10/10/2023,Liberia,Presidential,21084,post,21/12/2024,21/12/2024,438,no one has been confirmed dead in white tuesday protest,https://dubawa.org/no-one-has-been-confirmed-dead-in-white-tuesday-protest/,1960|120|1571,category-only,5,category:1960; body:liberia; body:monrovia
2023,10/10/2023,Liberia,Presidential,20983,post,08/12/2024,08/12/2024,425,false to suggest speaker’s office received draft national budget from chief clerk’s office,https://dubawa.org/false-to-suggest-speakers-office-received-draft-national-budget-from-chief-clerks-office/,1960|120|437|1571,category-only,4,category:1960; body:liberia
2023,10/10/2023,Liberia,Presidential,20959,post,04/12/2024,04/12/2024,421,misleading! earthquake didn t occur in voinjama,https://dubawa.org/misleading-earthquake-didnt-occur-in-voinjama/,1571|3812|3815|1960|119,category-only,4,category:1960; body:liberia
2023,10/10/2023,Liberia,Presidential,20956,post,04/12/2024,04/12/2024,421,false! trump has not officially banned gay marriage in america,https://dubawa.org/false-trump-has-not-officially-banned-gay-marriage-in-america/,1571|3812|3815|1960,category-only,4,category:1960; election:election|vote|presidential
2023,10/10/2023,Liberia,Presidential,20924,post,26/11/2024,26/11/2024,413,fake! ministry of education not offering free online courses,https://dubawa.org/fake-ministry-of-education-not-offering-free-online-courses/,1571|4|3812|3815|1960,category-only,4,category:1960; body:liberia
2023,10/10/2023,Liberia,Presidential,20921,post,26/11/2024,26/11/2024,413,office of war and economic crimes courts establishment in liberia gets another head,https://dubawa.org/office-of-war-and-economic-crimes-courts-establishment-in-liberia-gets-another-head/,1960|120,category-only,8,category:1960; title:liberia; body:monrovia; body:joseph boakai; body:boakai
2023,10/10/2023,Liberia,Presidential,20707,post,13/11/2024,13/11/2024,400,hoax! angelina jolie not dead,https://dubawa.org/hoax-angelina-jolie-not-dead-2/,1571|437|1960,category-only,3,category:1960
2023,10/10/2023,Liberia,Presidential,20571,post,27/10/2024,27/10/2024,383,"gay wedding report in liberia’s methodist church, false",https://dubawa.org/gay-wedding-report-in-liberias-methodist-church-false/,1571|210|435|1960,category-only,5,category:1960; title:liberia
2023,10/10/2023,Liberia,Presidential,20383,post,07/10/2024,07/10/2024,363,jzyno is not the first liberian to win a youtube silver plaque,https://dubawa.org/jzyno-is-not-the-first-liberian-to-win-a-youtube-silver-plaque/,1571|3812|3815|1960,category-only,5,category:1960; title:liberia
2023,10/10/2023,Liberia,Presidential,20289,post,30/09/2024,30/09/2024,356,misleading! more than 100 people died from covid in liberia,https://dubawa.org/misleading-more-than-100-people-died-from-covid-in-liberia/,121|210|435|1571|4|1960,category-only,5,category:1960; title:liberia
2023,10/10/2023,Liberia,Presidential,20225,post,25/09/2024,25/09/2024,351,true! ministry mandates employees to welcome president boakai at ria,https://dubawa.org/true-ministry-mandates-employees-to-welcome-president-boakai-at-ria/,1571|435|437|4|3812|3815|1960,category-only,10,category:1960; body:liberia; body:george weah; body:weah; body:joseph boakai; title:boakai; body:unity party
2023,10/10/2023,Liberia,Presidential,20222,post,25/09/2024,25/09/2024,351,false! chief justice youh didn t dismiss associate justice caeineh clinton johnson,https://dubawa.org/image-of-chief-justice-youh-and-associate-justice-johnson/,437|210|435|1571|4|3812|3815|1960,category-only,7,category:1960; body:liberia; body:joseph boakai; body:boakai; body:unity party
2023,10/10/2023,Liberia,Presidential,20215,post,25/09/2024,16/12/2024,351,false! 23-year-old boy did not impregnate sister in rivercess,https://dubawa.org/false-23-year-old-boy-impregnated-sister-in-rivercess/,1571|435|437|4|3815|1960,category-only,4,category:1960; body:liberia
2023,10/10/2023,Liberia,Presidential,20082,post,20/09/2024,20/09/2024,346,misleading! liberia has not secured 3.1 billion dollars from the china-africa summit,https://dubawa.org/misleading-liberia-has-not-secured-3-1-billion-dollars-from-the-china-africa-summit/,1571|120|4|3812|3815|1960,category-only,5,category:1960; title:liberia
2023,10/10/2023,Liberia,Presidential,19892,post,02/09/2024,02/09/2024,328,false! ex-liberian president george weah established assets investigation team,https://dubawa.org/false-ex-liberian-president-george-weah-established-assets-investigation-team/,1571|4|3815|1960,category-only,10,category:1960; title:liberia; title:george weah; title:weah; body:boakai
2023,10/10/2023,Liberia,Presidential,19872,post,30/08/2024,30/08/2024,325,"misleading, the u.s. embassy will process visas after august 16",https://dubawa.org/misleading-the-u-s-embassy-will-process-visas-after-august-16/,1571|120|4|3812|1960,category-only,5,category:1960; body:liberia; body:monrovia
2023,10/10/2023,Liberia,Presidential,19862,post,28/08/2024,28/08/2024,323,misleading! 60% of liberians do not practice open defecation,https://dubawa.org/misleading-60-of-liberians-do-not-practice-open-defecation/,123|435|1571|4|3812|121|3815|1960,category-only,6,category:1960; title:liberia; body:monrovia
2023,10/10/2023,Liberia,Presidential,19810,post,25/08/2024,09/09/2024,320,"viral video of george weah’s financial mobile app, fabricated",https://dubawa.org/viral-video-of-george-weahs-financial-mobile-app-fabricated/,1572|1571|3812|3815|1960|16,category-only,8,category:1960; body:liberia; title:george weah; title:weah
2023,10/10/2023,Liberia,Presidential,19685,post,16/08/2024,16/08/2024,311,"false! amos tweh did not buy oilers fc bus for $165,000",https://dubawa.org/false-amos-tweh-did-not-buy-oilers-fc-bus-for-165000/,1960|120|1571|4|3815,category-only,4,category:1960; body:liberia
2023,10/10/2023,Liberia,Presidential,19682,post,16/08/2024,16/08/2024,311,false! russian embassy in ghana doesn’t refund fees to unsuccessful applicants,https://dubawa.org/false-russian-embassy-in-ghana-doesnt-refund-fees-to-unsuccessful-applicants/,1571|437|3815|1960,category-only,4,category:1960; body:liberia
2023,10/10/2023,Liberia,Presidential,19625,post,08/08/2024,08/08/2024,303,misleading! the army chief of staff did not shoot anyone in west point,https://dubawa.org/misleading-the-army-chief-of-staff-did-not-shoot-anyone-in-west-point/,1571|3815|1960,category-only,5,category:1960; body:liberia; body:boakai
2023,10/10/2023,Liberia,Presidential,19537,post,31/07/2024,31/07/2024,295,"image of boy carrying diamond, al-generated",https://dubawa.org/image-of-boy-carrying-diamond-al-generated/,123|437|1571|4|3812|1960,category-only,5,category:1960; body:liberia; body:nimba
2023,10/10/2023,Liberia,Presidential,19526,post,31/07/2024,31/07/2024,295,us envoy boycotts liberia’s independence celebration over radical speech,https://dubawa.org/us-envoy-boycotts-liberias-independence-celebration-over-radical-speech/,1572|4|3812|1960|16,category-only,8,category:1960; title:liberia; body:monrovia; body:joseph boakai; body:boakai
2023,10/10/2023,Liberia,Presidential,19486,post,27/07/2024,27/07/2024,291,"false! liberia’s senate pro-tempore’s 2024 fuel budget, not $17,000",https://dubawa.org/false-liberias-senate-pro-tempores-2024-fuel-budget-not-17000/,1571|435|120|4|1960|16,category-only,5,category:1960; title:liberia
2023,10/10/2023,Liberia,Presidential,19434,post,22/07/2024,22/07/2024,286,president boakai did not announce the arrival of 15 aeroplanes and15 ships,https://dubawa.org/president-boakai-did-not-announce-the-arrival-of-15-aeroplanes-and15-ships/,1571|1960|16,category-only,7,category:1960; body:liberia; body:joseph boakai; title:boakai
2023,10/10/2023,Liberia,Presidential,19431,post,22/07/2024,22/07/2024,286,misleading! viral image of boy with multiple gunshot wounds not from liberia,https://dubawa.org/misleading-viral-image-of-boy-with-multiple-gunshot-wounds-not-from-liberia/,1571|4|1960|119,category-only,5,category:1960; title:liberia
2023,10/10/2023,Liberia,Presidential,19401,post,19/07/2024,19/07/2024,283,"lonestar mtn, orange not fined for poor data and voice call quality",https://dubawa.org/lonestar-mtn-orange-not-fined-for-poor-data-and-voice-call-quality/,1571|4|3812|1960,category-only,4,category:1960; body:liberia
2023,10/10/2023,Liberia,Presidential,19392,post,18/07/2024,18/07/2024,282,image of old-looking baby ai-generated,https://dubawa.org/image-of-old-looking-baby-ai-generated/,1571|1960|16,category-only,5,category:1960; body:liberia; body:nimba
2023,10/10/2023,Liberia,Presidential,19362,post,16/07/2024,16/07/2024,280,true! university of liberia’s budget didn’t cross $20 million during president weah’s tenure,https://dubawa.org/true-university-of-liberias-budget-didnt-cross-20-million-during-president-weahs-tenure/,1571|1960|16,category-only,9,category:1960; title:liberia; body:george weah; title:weah; body:boakai
2023,10/10/2023,Liberia,Presidential,19284,post,05/07/2024,05/07/2024,269,"npa under weah contributed us$9m not us$4m, to national budget",https://dubawa.org/npa-under-weah-contributed-us9m-not-us4m-to-national-budget/,123|1571|1960|16,category-only,7,category:1960; body:liberia; body:george weah; title:weah
2023,10/10/2023,Liberia,Presidential,19200,post,27/06/2024,27/06/2024,261,"false! no death recorded at liberia returnee camp, cari",https://dubawa.org/false-no-death-recorded-at-liberia-returnee-camp-cari/,1571|120|1960|119,category-only,6,category:1960; title:liberia; body:nimba
2023,10/10/2023,Liberia,Presidential,19197,post,27/06/2024,27/06/2024,261,false! liberia government has not imported earth-moving machines,https://dubawa.org/false-liberia-government-has-not-imported-earth-moving-machines/,1960|120|1571|3815,category-only,8,category:1960; title:liberia; body:monrovia; body:joseph boakai; body:boakai
2023,10/10/2023,Liberia,Presidential,19194,post,27/06/2024,27/06/2024,261,"false! madam cecelia clarke, not liberia police’s first female spokesperson",https://dubawa.org/false-madam-cecelia-clarke-not-liberia-polices-first-female-spokesperson/,1960|1571|3815,category-only,5,category:1960; title:liberia
2023,10/10/2023,Liberia,Presidential,19156,post,25/06/2024,25/06/2024,259,former chief justice gloria musu-scott and the compassionate leave conundrum: what you need to know,https://dubawa.org/former-chief-justice-gloria-musu-scott-and-the-compassionate-leave-conundrum-what-you-need-to-know/,1572|4|1960|123|16,category-only,7,category:1960; body:liberia; body:monrovia; body:george weah; body:weah
2023,10/10/2023,Liberia,Presidential,19116,post,21/06/2024,21/06/2024,255,no evidence senator abraham dillon was sharing food at korea-africa summit,https://dubawa.org/no-evidence-senator-abraham-dillon-was-sharing-food-at-korea-africa-summit/,1960|437|1571|4|3815|16,category-only,6,category:1960; body:liberia; body:joseph boakai; body:boakai
2023,10/10/2023,Liberia,Presidential,18963,post,04/06/2024,04/06/2024,238,dubawa trains non-urban journalists in liberia with support from google news initiative,https://dubawa.org/dubawa-trains-non-urban-journalists-in-liberia-with-support-from-google-news-initiative/,440|435|3815|1960|1688|1576,category-only,6,category:1960; title:liberia; body:monrovia
2023,10/10/2023,Liberia,Presidential,18944,post,03/06/2024,03/06/2024,237,government has not replaced  trained doctors with “unity party doctors” at jfk hospital,https://dubawa.org/government-has-not-replaced-trained-doctors-with-unity-party-doctors-at-jfk-hospital/,1571|437|1960|16,category-only,9,category:1960; body:liberia; body:monrovia; body:weah; body:boakai; title:unity party
2023,10/10/2023,Liberia,Presidential,18857,post,29/05/2024,29/05/2024,232,son of liberia’s president has not imported ‘zombie’ drug into liberia,https://dubawa.org/son-of-liberias-president-has-not-imported-zombie-drug-into-liberia/,1571|437|4|3812|121|3815|1960|16,category-only,7,category:1960; title:liberia; body:joseph boakai; body:boakai
2023,10/10/2023,Liberia,Presidential,18850,post,28/05/2024,28/05/2024,231,"shine liberia’s report on president weah’s absence at unification day celebration, misleading",https://dubawa.org/shine-liberias-report-on-president-weahs-absence-at-unification-day-celebration-misleading/,1571|437|4|3812|3815|1960|16,category-only,8,category:1960; title:liberia; body:george weah; title:weah
2023,10/10/2023,Liberia,Presidential,18785,post,22/05/2024,22/05/2024,225,no evidence mark zuckerberg warns facebook users not to screenshot chats,https://dubawa.org/no-evidence-mark-zuckerberg-warns-facebook-users-not-to-screenshot-chats/,1571|437|4|3812|1960,category-only,4,category:1960; body:liberia
2023,10/10/2023,Liberia,Presidential,18746,post,20/05/2024,20/05/2024,223,false! musician jzyno doesn’t own 2024 tesla car,https://dubawa.org/false-musician-jzyno-doesnt-own-2024-tesla-car/,3812|3815|1960,category-only,4,category:1960; body:liberia
2023,10/10/2023,Liberia,Presidential,18672,post,14/05/2024,14/05/2024,217,"false! the incident of man cutting off wife’s hand, happened in nigeria, not liberia",https://dubawa.org/false-the-incident-of-man-cutting-off-wifes-hand-happened-in-nigeria-not-liberia/,1571|4|1960|16,category-only,5,category:1960; title:liberia
2023,10/10/2023,Liberia,Presidential,18480,post,01/05/2024,01/05/2024,204,òtítọ́ ni! àwọn ọkùnrin làìbéríà wà lára àwọn tó kúrú jùlọ lágbàáyé,https://dubawa.org/otito-ni-awon-okunrin-laiberia-wa-lara-awon-to-kuru-julo-lagbaaye/,437|1571|1960|123|2450,category-only,4,category:1960; body:liberia
2023,10/10/2023,Liberia,Presidential,18397,post,24/04/2024,24/04/2024,197,false! liberian artist jzyno did not buy $50m mansion in nigeria,https://dubawa.org/false-liberian-artist-jzyno-did-not-buy-50m-mansion-in-nigeria/,1571|1960|1688,category-only,5,category:1960; title:liberia
2023,10/10/2023,Liberia,Presidential,18328,post,19/04/2024,19/04/2024,192,president boakai didn’t promise $5k each to lonestar players in afcon qualifiers,https://dubawa.org/president-boakai-didnt-promise-5k-each-to-lonestar-players-in-afcon-qualifiers/,437|1571|4|3812|3815|1960|16,category-only,7,category:1960; body:liberia; body:joseph boakai; title:boakai
2023,10/10/2023,Liberia,Presidential,18286,post,17/04/2024,17/04/2024,190,"purported meta ban on use of offensive words on facebook, false",https://dubawa.org/purported-meta-ban-on-use-of-offensive-words-on-facebook-false/,437|1571|3815|1960,category-only,4,category:1960; body:liberia
2023,10/10/2023,Liberia,Presidential,18216,post,12/04/2024,15/04/2024,185,"misleading, president boakai has not appointed emma metieh glassco",https://dubawa.org/misleading-president-boakai-has-not-appointed-emma-metieh-glassco/,437|1571|3815|1960|16,category-only,9,category:1960; body:liberia; body:george weah; body:weah; title:boakai; body:unity party
2023,10/10/2023,Liberia,Presidential,18157,post,08/04/2024,08/04/2024,181,false! liberian drug kingpin original japan still in custody,https://dubawa.org/false-liberian-drug-kingpin-original-japan-still-in-custody/,1571|4|3812|121|3815|1960,category-only,7,category:1960; title:liberia; body:monrovia; body:boakai
2023,10/10/2023,Liberia,Presidential,17966,post,28/03/2024,28/03/2024,170,misleading: no evidence that npa managing director is linked to missing container of rice,https://dubawa.org/misleading-no-evidence-that-npa-managing-director-is-linked-to-missing-container-of-rice/,120|437|1571|3815|1960,category-only,7,category:1960; body:liberia; body:monrovia; body:weah; body:boakai
2023,10/10/2023,Liberia,Presidential,17963,post,28/03/2024,28/03/2024,170,false! pregnant teenage orphan did not give birth in bong county,https://dubawa.org/false-pregnant-teenage-orphan-did-not-give-birth-in-bong-county/,437|1571|121|3815|1960,category-only,4,category:1960; body:liberia
2023,10/10/2023,Liberia,Presidential,17911,post,26/03/2024,26/03/2024,168,false! burna boy didn’t urge liberians to attend vocational training,https://dubawa.org/false-burna-boy-didnt-urge-liberians-to-attend-vocational-training/,1571|3812|3815|1960,category-only,5,category:1960; title:liberia
2023,10/10/2023,Liberia,Presidential,17805,post,23/03/2024,23/03/2024,165,fake; eswatini did not call for applications for new citizens over scarcity of men!,https://dubawa.org/fake-eswatini-did-not-call-for-applications-for-new-citizens-over-scarcity-of-men/,437|1571|3815|1960,category-only,4,category:1960; body:liberia
2023,10/10/2023,Liberia,Presidential,17674,post,12/03/2024,12/03/2024,154,"false! kehkeh, not liberia’s new police vehicle",https://dubawa.org/false-kehkeh-not-liberias-new-police-vehicle/,437|1571|4|3815|1960|119,category-only,7,category:1960; title:liberia; body:joseph boakai; body:boakai
2023,10/10/2023,Liberia,Presidential,17581,post,27/02/2024,27/02/2024,140,protests rock president boakai’s government,https://dubawa.org/protests-rock-president-boakais-government/,1572|4|3812|3815|1960|1688|16,category-only,10,category:1960; body:liberia; body:monrovia; body:george weah; body:weah; body:joseph boakai; title:boakai
2023,10/10/2023,Liberia,Presidential,17538,post,21/02/2024,21/02/2024,134,false! the university of liberia has not changed free tuition policy,https://dubawa.org/false-the-university-of-liberia-has-not-changed-free-tuition-policy/,437|1571|4|3812|3815|1960|1688|16,category-only,9,category:1960; title:liberia; body:george weah; body:weah; body:boakai; body:unity party
2023,10/10/2023,Liberia,Presidential,17481,post,14/02/2024,14/02/2024,127,"independent probe’s news report about fuel price hike, false",https://dubawa.org/independent-probes-news-report-about-fuel-price-hike-false/,120|1571|4|3812|3815|1960|1688|16,category-only,6,category:1960; body:liberia; body:joseph boakai; body:boakai
2023,10/10/2023,Liberia,Presidential,17272,post,23/01/2024,23/01/2024,105,"martin kollie’s claim wolokolie not certified public accountant, false",https://dubawa.org/martin-kollies-claim-wolokolie-not-certified-public-accountant-false/,437|1571|3815|1960,category-only,6,category:1960; body:liberia; body:monrovia; body:weah
2023,10/10/2023,Liberia,Presidential,16985,post,12/12/2023,12/12/2023,63,false; liberia’s $40 passport fee not second cheapest in west africa,https://dubawa.org/false-liberias-40-passport-fee-not-second-cheapest-in-west-africa/,3815|1960|16,category-only,5,category:1960; title:liberia
2023,10/10/2023,Liberia,Presidential,16797,post,14/11/2023,14/11/2023,35,"false! nec’s alfred dunner erol, madison gwion not dead",https://dubawa.org/false-necs-alfred-dunner-erol-madison-gwion-not-dead/,5|1571|4|3812|3815|1960|3797,category-only,4,category:1960; election:vote
2023,10/10/2023,Liberia,Presidential,15484,post,01/08/2023,03/08/2023,-70,misleading! mcgill and cllr. cephus were not sacked; they resigned,https://dubawa.org/misleading-mcgill-and-cllr-cephus-was-not-sacked-they-resigned/,1571|1960|16,category-only,5,category:1960; body:liberia; body:weah
2023,10/10/2023,Liberia,Presidential,14446,post,14/04/2023,14/04/2023,-179,inquirer newspaper managing editor’s statement that radio invention precedes newspaper is untrue!,https://dubawa.org/inquirer-newspaper-managing-editors-statement-that-radio-invention-precedes-newspaper-is-untrue/,1571|1960|123,category-only,5,category:1960; body:liberia; body:monrovia
2023,10/10/2023,Liberia,Presidential,14247,post,23/03/2023,23/03/2023,-201,liberia’s student politics and the government of the day,https://dubawa.org/liberias-student-politics-and-the-government-of-the-day/,1572|1960|123|1574,category-only,6,category:1960; title:liberia; body:weah
2023,10/10/2023,Liberia,Presidential,14228,post,22/03/2023,23/03/2023,-202,false! no evidence to support ritualistic claim against cdc chairman in charloe’s murder,https://dubawa.org/false-no-evidence-to-support-ritualistic-claim-against-cdc-chairman-in-charloes-murder/,1571|1960|123,category-only,7,category:1960; body:liberia; body:weah; body:boakai; body:unity party
2023,10/10/2023,Liberia,Presidential,13927,post,07/03/2023,07/03/2023,-217,"false! ame university, ame zion university presidents still at post",https://dubawa.org/false-ame-university-ame-zion-university-presidents-still-at-post/,437|1571|1960|123,category-only,5,category:1960; body:liberia; body:weah
2023,10/10/2023,Liberia,Presidential,13199,post,10/02/2023,21/02/2023,-242,"viral shell plc recruitment on whatsapp, false",https://dubawa.org/viral-shell-plc-recruitment-on-whatsapp-false/,1571|1960|123,category-only,3,category:1960
2023,10/10/2023,Liberia,Presidential,13145,post,06/02/2023,06/02/2023,-246,"in weah’s liberia:  doctor to patient ratio not 1 to 20,000",https://dubawa.org/in-weahs-liberia-doctor-to-patient-ratio-not-1-to-20000/,3136|1571|121|1960,category-only,8,category:1960; title:liberia; body:george weah; title:weah
2023,10/10/2023,Liberia,Presidential,13029,post,02/02/2023,02/02/2023,-250,australia visa and job application claim in viral whatsapp message false,https://dubawa.org/australia-visa-and-job-application-claim-in-viral-whatsapp-message-false/,1571|1960|123,category-only,4,category:1960; body:liberia
2023,10/10/2023,Liberia,Presidential,12681,post,05/12/2022,05/12/2022,-309,dubawa trains 21 fellows for kwame karikari fact-checking and research fellowship,https://dubawa.org/dubawa-trains-21-fellows-for-kwame-karikari-fact-checking-and-research-fellowship/,3136|1571|1960|123|1576|1268|2815,category-only,4,category:1960; body:liberia
2023,10/10/2023,Liberia,Presidential,12390,post,31/10/2022,31/10/2022,-344,false! weah never promised to implement war and economic crimes court at unga,https://dubawa.org/false-weah-never-promised-to-implement-war-and-economic-crimes-court-at-unga/,3136|1571|1960|16,category-only,8,category:1960; body:liberia; body:george weah; title:weah; body:unity party
2023,10/10/2023,Liberia,Presidential,12318,post,12/10/2022,12/10/2022,-363,false! public wage bill under former president ellen johnson sirleaf was never 70% of total expenditure,https://dubawa.org/false-public-wage-bill-under-former-president-ellen-johnson-sirleaf-was-never-70-of-total-expenditure/,120|1571|1960,category-only,6,category:1960; body:liberia; body:weah; body:unity party
2023,10/10/2023,Liberia,Presidential,11833,post,27/06/2022,27/06/2022,-470,ifcn launches legal support fund for fact-checkers facing harassment,https://dubawa.org/ifcn-launches-legal-support-fund-for-fact-checkers-facing-harassment/,1960|1688,category-only,3,category:1960
2023,10/10/2023,Liberia,Presidential,9559,post,28/09/2021,28/09/2021,-742,the law that changed liberia’s ugly handling of speech offense: kamara abdullah kamara act of press freedom explained,https://dubawa.org/the-law-that-changed-liberias-ugly-handling-of-speech-offense-kamara-abdullah-kamara-act-of-press-freedom-explained/,1572|4|1960,category-only,8,category:1960; title:liberia; body:monrovia; body:george weah; body:weah
2023,10/10/2023,Liberia,Presidential,9435,post,21/09/2021,21/09/2021,-749,scam! glo is not giving out 20gb data to customers as 18th anniversary celebration gifts!,https://dubawa.org/scam-glo-is-not-giving-out-20gb-data-to-customers-as-18th-anniversary-celebration-gifts/,1571|1960,category-only,4,category:1960; body:liberia
2023,10/10/2023,Liberia,Presidential,9343,post,10/09/2021,05/05/2022,-760,did 82% of liberians agree to transitional justice?,https://dubawa.org/did-82-of-liberians-agree-to-transitional-justice/,1571|1960|16,category-only,7,category:1960; title:liberia; body:george weah; body:weah
2023,10/10/2023,Liberia,Presidential,9316,post,08/09/2021,08/09/2021,-762,scam alert: coca cola is not running a survey,https://dubawa.org/scam-alert-coca-cola-is-not-running-a-survey/,1571|1960,category-only,4,category:1960; body:liberia
2023,10/10/2023,Liberia,Presidential,9072,post,19/08/2021,05/05/2022,-782,"false: photo of a 10-year old girl giving birth to a girl child did not happen in lofa county, liberia",https://dubawa.org/false-photo-of-a-10-year-old-girl-giving-birth-to-a-girl-child-did-not-happen-in-lofa-county-liberia/,437|1571|1960,category-only,6,category:1960; title:liberia; body:monrovia
2023,10/10/2023,Liberia,Presidential,8992,post,10/08/2021,05/05/2022,-791,false! university of western australia not offering ‘scholarship’ as claimed in viral whatsapp message,https://dubawa.org/false-university-of-western-australia-not-offering-scholarship-as-claimed-in-viral-whatsapp-message/,1571|1960,category-only,3,category:1960
2023,10/10/2023,Liberia,Presidential,8991,post,10/08/2021,05/05/2022,-791,liberia’s freedom of information law explained,https://dubawa.org/liberias-freedom-of-information-law-explained/,1572|4|1960,category-only,5,category:1960; title:liberia
2023,10/10/2023,Liberia,Presidential,8859,post,30/07/2021,30/07/2021,-802,"false: sim swap fraud alert message impossible, not from uba liberia",https://dubawa.org/false-sim-swap-fraud-alert-message-impossible-not-from-uba-liberia/,1571|4|1960,category-only,5,category:1960; title:liberia
2023,10/10/2023,Liberia,Presidential,8851,post,28/07/2021,28/07/2021,-804,dubawa’s fact-checking training holds in liberia,https://dubawa.org/dubawas-fact-checking-training-holds-in-liberia/,4|1960|1576,category-only,7,category:1960; title:liberia; body:monrovia; body:boakai
2023,10/10/2023,Liberia,Presidential,8404,post,28/06/2021,28/06/2021,-834,"suggestions that astrazeneca vaccine is causing covid infections, false!",https://dubawa.org/suggestions-that-astrazeneca-vaccine-is-causing-covid-infections-false/,1571|4|121|1960,category-only,4,category:1960; body:liberia
2023,10/10/2023,Liberia,Presidential,8330,post,22/06/2021,23/06/2021,-840,debunked: viral false claims following the demise of tb joshua,https://dubawa.org/debunked-viral-false-claims-following-the-demise-of-tb-joshua/,1571|1960|123,category-only,3,category:1960
2023,10/10/2023,Liberia,Presidential,8319,post,22/06/2021,23/06/2021,-840,no! gun woman standing by charles taylor’s ex-wife not senator kanger lawrence,https://dubawa.org/no-gun-woman-standing-by-charles-taylors-ex-wife-not-senator-kanger-lawrence/,1571|4|1960,category-only,5,category:1960; body:liberia; body:nimba
2023,10/10/2023,Liberia,Presidential,8214,post,15/06/2021,17/06/2021,-847,fact-checking senator brown’s claim that no president has moved into liberia’s executive mansion since the killing of president william r. tolbert,https://dubawa.org/fact-checking-senator-browns-claim-that-no-president-has-moved-into-liberias-executive-mansion-since-the-killing-of-president-william-r-tolbert/,1571|4|1960|16,category-only,7,category:1960; title:liberia; body:monrovia; body:weah
2023,14/11/2023,Liberia,Presidential Run-off,16917,post,30/11/2023,30/11/2023,16,dubawa editor selected as finalists for 2023 wole soyinka award for investigative reporting,https://dubawa.org/dubawa-editor-selected-as-finalists-for-2023-wole-soyinka-award-for-investigative-reporting/,1571|3812|3815|1688,window,1,election:election
2023,14/11/2023,Liberia,Presidential Run-off,16909,post,27/11/2023,27/11/2023,13,"jailbreak at padema road prison, true",https://dubawa.org/jailbreak-at-padema-road-prison-true/,1571|3812|3815|119|1268,window,1,election:presidential
2023,14/11/2023,Liberia,Presidential Run-off,16901,post,26/11/2023,26/11/2023,12,gunshots and curfew in sierra leone: what you need to know,https://dubawa.org/gunshots-and-curfew-in-sierra-leone-what-you-need-to-know/,1572|3812|3815|119|1268,window,2,body:liberia; election:election|presidential
2023,14/11/2023,Liberia,Presidential Run-off,16874,post,25/11/2023,27/11/2023,11,facebook scammers propose ‘marriage of convenience’ for canadian citizenship to swindle unsuspecting nigerians,https://dubawa.org/facebook-scammers-propose-marriage-of-convenience-for-canadian-citizenship-to-swindle-unsuspecting-nigerians/,437|1571|3812|3815|123,window,1,election:poll
2023,14/11/2023,Liberia,Presidential Run-off,16765,post,14/11/2023,14/11/2023,0,misleading; fuoye s 2023 general admission procedure not ongoing,https://dubawa.org/misleading-fuoyes-2023-general-admission-procedure-not-ongoing/,122|437|1571|3812|3815|3797,window,1,election:candidate
2023,14/11/2023,Liberia,Presidential Run-off,16758,post,12/11/2023,12/11/2023,-2,old burning shop footage recirculated to claim election violence in imo,https://dubawa.org/old-burning-shop-footage-recirculated-to-claim-election-violence-in-imo/,5|1571|3812|3815|3797,window,1,election:election
2023,14/11/2023,Liberia,Presidential Run-off,16755,post,12/11/2023,12/11/2023,-2,pre-filled result sheet discovered in parts of kogi’s polling unit,https://dubawa.org/pre-filled-result-sheet-discovered-in-parts-of-kogis-polling-unit/,5|1571|3812|3815|3797,window,1,election:poll
2023,14/11/2023,Liberia,Presidential Run-off,16747,post,12/11/2023,12/11/2023,-2,"true! police arrested olayinka braimoh, governorship candidate of action alliance",https://dubawa.org/true-police-arrested-olayinka-braimoh-governorship-candidate-of-action-alliance/,5|437|1571|3812|3815|3797,window,1,election:election|candidate
2023,14/11/2023,Liberia,Presidential Run-off,16742,post,12/11/2023,12/11/2023,-2,false! police officers arrested in ankpa lga not impostors,https://dubawa.org/false-police-officers-arrested-in-ankpa-lga-not-impostors/,5|1571|3812|3815|3797,window,1,election:candidate
2023,14/11/2023,Liberia,Presidential Run-off,16739,post,12/11/2023,12/11/2023,-2,false! dino melaye mobilised party agents for governorship election,https://dubawa.org/false-dino-melaye-mobilised-party-agents-for-governorship-election/,5|1571|3812|3815|3797,window,1,election:election|poll|candidate
2023,14/11/2023,Liberia,Presidential Run-off,16736,post,12/11/2023,12/11/2023,-2,"contrary to twitter user s assertion, there were voters in okwuabala ihioma, orlu",https://dubawa.org/contrary-to-twitter-users-assertion-there-were-voters-in-okwuabala-ihioma-orlu/,5|1571|3812|3815|3797,window,1,election:vote|voter|ballot
2023,14/11/2023,Liberia,Presidential Run-off,16733,post,12/11/2023,12/11/2023,-2,false! governor hope uzodinmma did not lose election in his polling unit,https://dubawa.org/false-governor-hope-uzodinmma-did-not-lose-election-in-his-polling-unit/,1571|3812|3815|3797,window,1,election:election|vote|poll
2023,14/11/2023,Liberia,Presidential Run-off,16730,post,12/11/2023,12/11/2023,-2,true! hope uzodinma re-elected as governor of imo state,https://dubawa.org/true-hope-uzodinma-re-elected-as-governor-of-imo-state/,5|437|1571|3812|3815|3797,window,1,election:election|vote
2023,14/11/2023,Liberia,Presidential Run-off,16709,post,12/11/2023,12/11/2023,-2,no sufficient evidence lawmaker amadi led group to hijack election materials in imo,https://dubawa.org/no-sufficient-evidence-lawmaker-amadi-led-group-to-hijack-election-materials-in-imo/,5|1571|3812|3815|3797,window,1,election:election
2023,14/11/2023,Liberia,Presidential Run-off,16705,post,12/11/2023,12/11/2023,-2,facebook user makes false claim about election malpractice in imo,https://dubawa.org/facebook-user-makes-false-claim-about-election-malpractice-in-imo/,5|437|1571|4|3812|3815|3797,window,1,election:election|ballot|poll
2023,14/11/2023,Liberia,Presidential Run-off,16701,post,12/11/2023,12/11/2023,-2,inec denies replacing nysc ad-hoc staff with party members,https://dubawa.org/inec-denies-replacing-nysc-ad-hoc-staff-with-party-members/,5|1571|3812|3815|3797,window,1,election:election|vote|voter
2023,14/11/2023,Liberia,Presidential Run-off,16698,post,12/11/2023,12/11/2023,-2,goodluck jonathan incorrect about off-cycle elections  data,https://dubawa.org/goodluck-jonathan-incorrect-about-off-cycle-elections-data/,5|1571|3812|3815|3797,window,1,election:election|vote
2023,14/11/2023,Liberia,Presidential Run-off,16695,post,12/11/2023,12/11/2023,-2,false! no lp chieftain caught with voting materials in imo,https://dubawa.org/false-no-lp-chieftain-caught-with-voting-materials-in-imo/,5|1571|3812|3815|3797,window,1,election:election
2023,14/11/2023,Liberia,Presidential Run-off,16692,post,12/11/2023,12/11/2023,-2,"no bomb blast near inec road, yenagoa",https://dubawa.org/no-bomb-last-near-inec-road-yenagoa/,5|1571|3812|3815|3797,window,1,election:election
2023,14/11/2023,Liberia,Presidential Run-off,16667,post,11/11/2023,11/11/2023,-3,old photo used to claim electoral violence in bayelsa,https://dubawa.org/old-photo-used-to-claim-electoral-violence-in-bayelsa/,1571|3812|3815|3797,window,1,election:election|vote|voter
2023,14/11/2023,Liberia,Presidential Run-off,16661,post,11/11/2023,11/11/2023,-3,true! low voter turnout in imo,https://dubawa.org/true-low-voter-turnout-in-imo/,5|1571|3812|3815|3797,window,1,election:election|vote|voter
2023,14/11/2023,Liberia,Presidential Run-off,16646,post,11/11/2023,11/11/2023,-3,no alliance between lp and pdp to adopt melaye as kogi’s governorship candidate,https://dubawa.org/no-alliance-between-lp-and-pdp-to-adopt-melaye-as-kogis-governorship-candidate/,5|3812|3815|3797,window,1,election:candidate
2023,14/11/2023,Liberia,Presidential Run-off,16641,post,11/11/2023,12/11/2023,-3,"kogi, imo, bayelsa polls: election day, nov. 11   12, claims fact-checked",https://dubawa.org/kogi-imo-bayelsa-polls-election-day-nov-11-claims-fact-checked/,5|1571|3812|3815|3797,window,1,election:election|vote|voter
2023,14/11/2023,Liberia,Presidential Run-off,16636,post,11/11/2023,11/11/2023,-3,false! 2023 gubernatorial primary elections held in abia,https://dubawa.org/false-2023-gubernatorial-primary-elections-held-in-abia/,5|1571|3815,window,1,election:election|vote|candidate
2023,14/11/2023,Liberia,Presidential Run-off,16555,post,11/11/2023,07/11/2023,-3,"misleading! excess consumption of cassava, not death bargain",https://dubawa.org/misleading-excess-consumption-of-cassava-not-death-bargain/,437|1571|121|3815,window,1,election:poll
2023,14/11/2023,Liberia,Presidential Run-off,16629,post,10/11/2023,10/11/2023,-4,no ploy to switch off mtn’s network in imo state,https://dubawa.org/no-ploy-to-switch-off-mtns-network-in-imo-state/,5|437|1571|3815,window,1,election:election
2023,14/11/2023,Liberia,Presidential Run-off,16619,post,10/11/2023,10/11/2023,-4,false! no war in edo ahead governorship election,https://dubawa.org/false-no-war-in-edo-ahead-governorship-election/,5|437|3815,window,1,election:election
2023,14/11/2023,Liberia,Presidential Run-off,16613,post,10/11/2023,10/11/2023,-4,true! lokoja lga’s chairman died few hours before kogi’s election,https://dubawa.org/true-lokoja-lgas-chairman-died-few-hours-before-kogis-election/,5|437|1571|3815,window,1,election:election
2023,14/11/2023,Liberia,Presidential Run-off,16606,post,10/11/2023,10/11/2023,-4,false! pdp candidate senator anyanwu has  not withdrawn from election race,https://dubawa.org/false-pdp-candidate-senator-anyanwu-has-not-withdrawn-from-election-race/,5|1571|3812|3815|3797,window,1,election:election|vote|candidate
2023,14/11/2023,Liberia,Presidential Run-off,16595,post,10/11/2023,11/11/2023,-4,off-season elections: claims fact-checked ahead of nov. 11 state elections,https://dubawa.org/off-season-elections-claims-fact-checked-ahead-of-nov-11-state-elections/,5|3812|3815|3797,window,1,election:election|vote|candidate
2023,14/11/2023,Liberia,Presidential Run-off,16592,post,10/11/2023,10/11/2023,-4,old viral video of police assaulting passenger linked to kogi election,https://dubawa.org/old-viral-video-of-police-assaulting-passenger-linked-to-kogi-election/,5|437|1571|3815,window,1,election:election
2023,14/11/2023,Liberia,Presidential Run-off,16588,post,10/11/2023,10/11/2023,-4,"fact-checking dino melaye s campaign claims on kogi professors, longest marine cruise",https://dubawa.org/fact-checking-dino-melayes-campaign-claims-on-kogi-professors-longest-marine-cruise/,5|1571|3815|16,window,1,election:election|candidate
2023,14/11/2023,Liberia,Presidential Run-off,16585,post,10/11/2023,10/11/2023,-4,misleading! nlc’s comment on imo governorship elections taken out of context,https://dubawa.org/misleading-nlcs-comment-on-imo-governorship-elections-taken-out-of-context/,5|437|1571|3815,window,1,election:election|candidate
2023,14/11/2023,Liberia,Presidential Run-off,16582,post,10/11/2023,10/11/2023,-4,"27, not 28, polling units from uzodinma s senatorial zone will not be voting",https://dubawa.org/27-not-28-polling-units-from-uzodinmas-senatorial-zone-will-not-be-voting/,5|1571|3815,window,1,election:election|vote|voter
2023,14/11/2023,Liberia,Presidential Run-off,16576,post,09/11/2023,09/11/2023,-5,"off-season elections: local government areas where elections will not hold in bayelsa, imo",https://dubawa.org/off-season-elections-local-government-areas-where-elections-will-not-hold-in-bayelsa-imo/,5|3812|3815|1574,window,1,election:election|vote|voter
2023,14/11/2023,Liberia,Presidential Run-off,16500,post,31/10/2023,03/11/2023,-14,"viral release accuses waec staff of indulging in examination malpractice, false",https://dubawa.org/viral-release-accuses-waec-staff-of-indulging-in-examination-malpractice-false/,122|437|1571|3812|3815|1268,window,2,body:liberia; election:candidate
2023,14/11/2023,Liberia,Presidential Run-off,16460,post,25/10/2023,25/10/2023,-20,"cjid wins $400,000 usaid jet minerals challenge",https://dubawa.org/cjid-wins-400000-usaid-jet-minerals-challenge/,120|3812|3815|1688,window,2,body:liberia; election:election
2023,14/11/2023,Liberia,Presidential Run-off,16457,post,25/10/2023,01/11/2023,-20,"claim, nnamdi kanu has been released from dss custody, false",https://dubawa.org/claim-nnamdi-kanu-has-been-released-false/,437|1571|16,window,1,election:election
2023,14/11/2023,Liberia,Presidential Run-off,16431,post,21/10/2023,21/10/2023,-24,democracy in the gambia: an in-depth evaluation,https://dubawa.org/democracy-in-the-gambia-an-in-depth-evaluation/,1572|3815|16|2815,window,1,election:election|ballot|parliament
2023,14/11/2023,Liberia,Presidential Run-off,16211,post,05/10/2023,05/10/2023,-40,"video of drake singing mohbad s song, manipulated",https://dubawa.org/video-of-drake-singing-mohbads-song-manipulated/,437|1571|3815|123,window,1,election:poll
2023,14/11/2023,Liberia,Presidential Run-off,16186,post,05/10/2023,05/10/2023,-40,africa facts summit kick off in mauritius,https://dubawa.org/africa-facts-summit-kick-off-in-mauritius/,3815|1688,window,1,election:election
2023,14/11/2023,Liberia,Presidential Run-off,16175,post,03/10/2023,03/10/2023,-42,false! akeredolu did not impeach two deputy governors in eight years,https://dubawa.org/false-akeredolu-did-not-impeach-two-deputy-governors-in-eight-years/,437|1571|3815|16,window,1,election:election|parliament
2023,14/11/2023,Liberia,Presidential Run-off,31569,post,01/09/2026,01/09/2026,1022,"image showcasing police ig coleman and stephene audrey in car, ai-generated",https://dubawa.org/image-showcasing-police-ig-coleman-and-stephene-audrey-in-car-ai-generated/,1960,category-only,6,category:1960; body:liberia; body:joseph boakai; body:boakai
2023,14/11/2023,Liberia,Presidential Run-off,31564,post,01/09/2026,01/09/2026,1022,false! inflation did not reduce from 12.8% to 4.0%,https://dubawa.org/false-inflation-did-not-reduce-from-12-8-to-4-0/,1571|1960,category-only,6,category:1960; body:liberia; body:joseph boakai; body:boakai
2023,14/11/2023,Liberia,Presidential Run-off,31546,post,01/09/2026,01/09/2026,1022,liberia drug bust! here is all we know,https://dubawa.org/liberia-drug-bust-here-is-all-we-know/,1960|1572,category-only,10,category:1960; title:liberia; body:monrovia; body:george weah; body:weah; body:joseph boakai; body:boakai
2023,14/11/2023,Liberia,Presidential Run-off,31457,post,27/08/2026,27/08/2026,1017,false! civil servants’ salaries have been delayed under boakai’s administration,https://dubawa.org/false-civil-servants-salaries-have-been-delayed-under-boakais-administration/,1960,category-only,7,category:1960; body:liberia; body:joseph boakai; title:boakai
2023,14/11/2023,Liberia,Presidential Run-off,31449,post,27/08/2026,27/08/2026,1017,false! boakia not booed during independence day celebration,https://dubawa.org/false-boakia-not-booed-during-independence-day-celebration/,1960|16,category-only,8,category:1960; body:liberia; body:monrovia; body:weah; body:joseph boakai; body:boakai
2023,14/11/2023,Liberia,Presidential Run-off,31371,post,25/08/2026,25/08/2026,1015,false! liberia’s 2024 public debt-to-gdp ratio is not 56.1%,https://dubawa.org/false-liberias-2024-public-debt-to-gdp-ratio-is-not-56-1/,1571|1960,category-only,5,category:1960; title:liberia
2023,14/11/2023,Liberia,Presidential Run-off,31003,post,14/08/2026,14/08/2026,1004,false! liberia is not only african country with over 100 years of independence,https://dubawa.org/false-liberia-is-not-only-african-country-with-over-100-years-of-independence/,1960,category-only,5,category:1960; title:liberia
2023,14/11/2023,Liberia,Presidential Run-off,30984,post,14/08/2026,14/08/2026,1004,"false! liberia’s 2023 maternal mortality was not 742 per 100,000",https://dubawa.org/false-liberias-2023-maternal-mortality-was-not-742-per-100000/,1571|1960,category-only,5,category:1960; title:liberia
2023,14/11/2023,Liberia,Presidential Run-off,30979,post,14/08/2026,14/08/2026,1004,false! $14m loan agreement for greenville port rehabilitation was not secured during previous government,https://dubawa.org/false-14m-loan-agreement-for-greenville-port-rehabilitation-was-not-secured-during-previous-government/,1571|1960,category-only,8,category:1960; body:liberia; body:george weah; body:weah; body:joseph boakai; body:boakai
2023,14/11/2023,Liberia,Presidential Run-off,30956,post,13/08/2026,13/08/2026,1003,"image purporting to be new city of sanniquellie, ai-generated",https://dubawa.org/image-purporting-to-be-new-city-of-sanniquellie-ai-generated/,1571|3815|1960,category-only,4,category:1960; body:nimba
2023,14/11/2023,Liberia,Presidential Run-off,30785,post,07/08/2026,07/08/2026,997,false! liberia national police is not ranked 17th in africa,https://dubawa.org/false-liberia-national-police-is-not-ranked-17th-in-africa/,1571|3815|1960,category-only,8,category:1960; title:liberia; body:george weah; body:weah; body:unity party
2023,14/11/2023,Liberia,Presidential Run-off,30743,post,04/08/2026,04/08/2026,994,"false! former president charles d.b king, not liberia’s 16th president",https://dubawa.org/false-former-president-charles-d-b-king-not-liberias-16th-president/,1960,category-only,6,category:1960; title:liberia; body:weah
2023,14/11/2023,Liberia,Presidential Run-off,30738,post,04/08/2026,04/08/2026,994,"photos of messi bathing and carrying baby lamine yamal, not ai-generated",https://dubawa.org/photos-of-messi-bathing-and-carrying-baby-lamine-yamal-not-ai-generated/,1960,category-only,3,category:1960
2023,14/11/2023,Liberia,Presidential Run-off,30723,post,04/08/2026,04/08/2026,994,liberia-guinea border crisis; what we found!,https://dubawa.org/liberia-guinea-border-crisis-what-we-found/,1572|1960,category-only,6,category:1960; title:liberia; body:boakai
2023,14/11/2023,Liberia,Presidential Run-off,30630,post,28/07/2026,28/07/2026,987,"viral video of messi crying after world cup final defeat, ai-generated",https://dubawa.org/viral-video-of-messi-crying-after-world-cup-final-defeat-ai-generated/,1571|437|1960|3704,category-only,3,category:1960
2023,14/11/2023,Liberia,Presidential Run-off,30623,post,28/07/2026,28/07/2026,987,false! arrested drug suspect not aim4d chairperson,https://dubawa.org/false-arrested-drug-suspect-not-aim4d-chairperson/,1960|1571,category-only,4,category:1960; body:liberia
2023,14/11/2023,Liberia,Presidential Run-off,30503,post,22/07/2026,22/07/2026,981,are service passports issued to journalists non-renewable?,https://dubawa.org/are-service-passports-issued-to-journalists-non-renewable/,1571|3815|1960,category-only,4,category:1960; body:liberia
2023,14/11/2023,Liberia,Presidential Run-off,30433,post,20/07/2026,20/07/2026,979,false! rice importation has not reduced by 35%,https://dubawa.org/false-rice-importation-has-not-reduced-by-35/,1571|437|1960|123,category-only,5,category:1960; body:liberia; body:unity party
2023,14/11/2023,Liberia,Presidential Run-off,30347,post,15/07/2026,15/07/2026,974,false! national security agency’s budget is not bigger than liberia national police’s allocation,https://dubawa.org/false-national-security-agencys-budget-is-not-bigger-than-liberia-national-polices-allocation/,1571|1960,category-only,5,category:1960; title:liberia
2023,14/11/2023,Liberia,Presidential Run-off,30327,post,15/07/2026,15/07/2026,974,false! lebanon’s population is not less than 5 million,https://dubawa.org/false-lebanons-population-is-not-less-than-5-million/,1960,category-only,4,category:1960; body:liberia
2023,14/11/2023,Liberia,Presidential Run-off,30019,post,27/06/2026,27/06/2026,956,"nigeria’s population is about 242 million, not 1 billion",https://dubawa.org/nigerias-population-is-about-242-million-not-1-billion/,1960|437|1571,category-only,4,category:1960; body:liberia
2023,14/11/2023,Liberia,Presidential Run-off,29991,post,26/06/2026,26/06/2026,955,"misleading, the u.s. did not deport iran’s player over gun celebration",https://dubawa.org/misleading-the-u-s-did-not-deport-irans-player-over-gun-celebration/,437|1960,category-only,3,category:1960
2023,14/11/2023,Liberia,Presidential Run-off,29988,post,26/06/2026,26/06/2026,955,misleading! weah administration did not do 85% of ganta to saclepea road,https://dubawa.org/misleading-weah-administration-did-not-do-85-of-ganta-to-saclepea-road/,1960,category-only,8,category:1960; body:george weah; title:weah; body:boakai; body:nimba
2023,14/11/2023,Liberia,Presidential Run-off,29927,post,23/06/2026,23/06/2026,952,false! liberia’s drug enforcement agency boss didn’t resign over $19m drug investigation,https://dubawa.org/false-liberias-drug-enforcement-agency-boss-didnt-resign-over-19m-drug-investigation/,1960,category-only,5,category:1960; title:liberia
2023,14/11/2023,Liberia,Presidential Run-off,29923,post,23/06/2026,23/06/2026,952,"claim 90% of liberians do not have access to safe drinking water, false",https://dubawa.org/claim-90-of-liberians-do-not-have-access-to-safe-drinking-water-false/,1960,category-only,5,category:1960; title:liberia
2023,14/11/2023,Liberia,Presidential Run-off,29877,post,20/06/2026,20/06/2026,949,false! 90% of liberia’s population not jobless,https://dubawa.org/false-90-of-liberias-population-not-jobless/,1960,category-only,5,category:1960; title:liberia
2023,14/11/2023,Liberia,Presidential Run-off,29853,post,20/06/2026,20/06/2026,949,"seized $19m worth of drugs at ria airport, liberia: this is what we know",https://dubawa.org/seized-19m-worth-of-drugs-at-ria-airport-liberia-this-is-what-we-know/,1572|1960,category-only,7,category:1960; title:liberia; body:boakai; body:nimba
2023,14/11/2023,Liberia,Presidential Run-off,29712,post,15/06/2026,15/06/2026,944,nigeria’s viral diplomatic response to  liberia’s letter of complaint was  fake’,https://dubawa.org/nigerias-viral-diplomatic-response-to-liberias-letter-of-complaint-was-fake/,1571|1960,category-only,5,category:1960; title:liberia
2023,14/11/2023,Liberia,Presidential Run-off,29367,post,29/05/2026,29/05/2026,927,false! ebola not in liberia,https://dubawa.org/false-ebola-not-in-liberia/,1571|437|1960,category-only,5,category:1960; title:liberia
2023,14/11/2023,Liberia,Presidential Run-off,29246,post,24/05/2026,24/05/2026,922,"misleading! ‘integrity icon,’ emmanuel tuloe has not dropped out of school",https://dubawa.org/misleading-integrity-icon-emmanuel-tuloe-has-not-dropped-out-of-school/,1571|1960,category-only,8,category:1960; body:liberia; body:monrovia; body:george weah; body:weah; body:nimba
2023,14/11/2023,Liberia,Presidential Run-off,29183,post,19/05/2026,19/05/2026,917,"facebook monetises liberia: the opportunities, risks, and association with disinformation",https://dubawa.org/facebook-monetises-liberia-the-opportunities-risks-and-association-with-disinformation/,1572|437|1960,category-only,5,category:1960; title:liberia
2023,14/11/2023,Liberia,Presidential Run-off,28944,post,04/05/2026,04/05/2026,902,false! last housing unit constructed by government not during former president tolbert’s regime,https://dubawa.org/false-last-housing-unit-constructed-by-government-not-during-former-president-tolberts-regime/,1571|1960,category-only,7,category:1960; body:liberia; body:monrovia; body:george weah; body:weah
2023,14/11/2023,Liberia,Presidential Run-off,28899,post,01/05/2026,01/05/2026,899,"misleading! images of scattered food, not from liberia",https://dubawa.org/misleading-images-of-scattered-food-not-from-liberia/,1571|437|1960,category-only,5,category:1960; title:liberia
2023,14/11/2023,Liberia,Presidential Run-off,28872,post,27/04/2026,27/04/2026,895,"misleading! liberia’s total paved road is 9.6%, not 13%",https://dubawa.org/misleading-liberias-total-paved-road-is-9-6-not-13/,1571|3815|1960,category-only,5,category:1960; title:liberia
2023,14/11/2023,Liberia,Presidential Run-off,28856,post,26/04/2026,27/04/2026,894,"claim that liberia has no dna machines, false",https://dubawa.org/claim-that-liberia-has-no-dna-machines-false/,1960,category-only,7,category:1960; title:liberia; body:george weah; body:weah
2023,14/11/2023,Liberia,Presidential Run-off,28726,post,16/04/2026,16/04/2026,884,false! lowest price for petroleum products in liberia is not us$6,https://dubawa.org/false-lowest-price-for-petroleum-products-in-liberia-is-not-us6/,1960,category-only,5,category:1960; title:liberia
2023,14/11/2023,Liberia,Presidential Run-off,28696,post,15/04/2026,15/04/2026,883,"false! video of an accident truck with people looting, not from liberia",https://dubawa.org/false-video-of-an-accident-truck-with-people-looting-not-from-liberia/,1571|437|1960,category-only,5,category:1960; title:liberia
2023,14/11/2023,Liberia,Presidential Run-off,28676,post,14/04/2026,14/04/2026,882,misleading! sam jackson didn’t confirm to murdering his wife,https://dubawa.org/misleading-sam-jackson-didnt-confirm-to-murdering-his-wife/,1960|437|1571|3815,category-only,5,category:1960; body:liberia; body:monrovia
2023,14/11/2023,Liberia,Presidential Run-off,28521,post,07/04/2026,07/04/2026,875,misleading! ministry of health didn’t ban sale of misoprostol tablets in liberia’s pharmacies,https://dubawa.org/misleading-ministry-of-health-didnt-ban-sale-of-misoprostol-tablets-in-liberias-pharmacies/,1960|1571|3815,category-only,5,category:1960; title:liberia
2023,14/11/2023,Liberia,Presidential Run-off,28511,post,06/04/2026,06/04/2026,874,false! french president emmanuel macron did not refuse to intervene in liberia and guinea border crisis,https://dubawa.org/false-french-president-emmanuel-macron-did-not-refuse-to-intervene-in-liberia-and-guinea-border-crisis/,1960|3815|16,category-only,7,category:1960; title:liberia; body:joseph boakai; body:boakai
2023,14/11/2023,Liberia,Presidential Run-off,28440,post,02/04/2026,03/04/2026,870,false! liberia did not spend $3.4m on liberia-guinea border crisis,https://dubawa.org/false-liberia-did-not-spend-3-4m-on-liberia-guinea-border-crisis/,1960|4|3812|3815,category-only,5,category:1960; title:liberia
2023,14/11/2023,Liberia,Presidential Run-off,28405,post,30/03/2026,30/03/2026,867,false! senator saah joseph did not promise muslims holiday,https://dubawa.org/false-senator-saah-joseph-did-not-promise-muslims-holiday/,1571|3815|1960,category-only,3,category:1960
2023,14/11/2023,Liberia,Presidential Run-off,28372,post,26/03/2026,26/03/2026,863,misleading. video of  muslims fighting  not from liberia,https://dubawa.org/misleading-video-of-muslims-fighting-not-from-liberia/,1571|3815|1960,category-only,5,category:1960; title:liberia
2023,14/11/2023,Liberia,Presidential Run-off,28369,post,26/03/2026,26/03/2026,863,false! prophet key has not been released from prison,https://dubawa.org/false-prophet-key-has-not-been-released-from-prison/,1571|3815|1960,category-only,5,category:1960; body:liberia; body:monrovia
2023,14/11/2023,Liberia,Presidential Run-off,28352,post,25/03/2026,25/03/2026,862,misleading! guinean soldiers are not infringing on citizens  movement in kondadu,https://dubawa.org/misleading-guinean-soldiers-are-not-infringing-on-citizens-movement-in-kondadu/,1960|437|1571|3815,category-only,5,category:1960; body:liberia; body:weah
2023,14/11/2023,Liberia,Presidential Run-off,28346,post,25/03/2026,25/03/2026,862,image showcasing guinea’s military crossover is ai-generated,https://dubawa.org/image-showcasing-guineas-military-crossover-is-ai-generated/,1960|3815|119,category-only,6,category:1960; body:liberia; body:joseph boakai; body:boakai
2023,14/11/2023,Liberia,Presidential Run-off,28303,post,21/03/2026,01/04/2026,858,"video of guinea’s president threatening to take over disputed land by force, ai-generated",https://dubawa.org/video-of-guineas-president-threatening-to-take-over-disputed-land-by-force-ai-generated/,16|1571|3815|1960,category-only,4,category:1960; body:liberia
2023,14/11/2023,Liberia,Presidential Run-off,28300,post,21/03/2026,21/03/2026,858,did guinea soldiers re-hoist flag on liberian soil despite peace negotiations?,https://dubawa.org/did-guinea-soldiers-re-hoist-flag-on-liberian-soil-despite-peace-negotiations/,1572|3815|1960,category-only,7,category:1960; title:liberia; body:joseph boakai; body:boakai
2023,14/11/2023,Liberia,Presidential Run-off,28252,post,17/03/2026,17/03/2026,854,false! liberia’s government did not allocate $38m to agriculture from 2024 to 2026,https://dubawa.org/false-liberias-government-did-not-allocate-38m-to-agriculture-from-2024-to-2026/,1571|3815|1960,category-only,6,category:1960; title:liberia; body:unity party
2023,14/11/2023,Liberia,Presidential Run-off,28193,post,13/03/2026,13/03/2026,850,did guinean soldiers kill liberians?,https://dubawa.org/did-guinean-soldiers-kill-liberians/,1571|4|3815|1960|123,category-only,5,category:1960; title:liberia
2023,14/11/2023,Liberia,Presidential Run-off,28184,post,13/03/2026,13/03/2026,850,false! no travel restriction on ghanaians by uk government,https://dubawa.org/false-no-travel-restriction-on-ghanaians-by-uk-government/,1571|4|3812|3815|1960,category-only,5,category:1960; body:liberia; body:boakai
2023,14/11/2023,Liberia,Presidential Run-off,28134,post,11/03/2026,11/03/2026,848,false! cdc did not leave liberia’s international reserve at $240 million,https://dubawa.org/false-cdc-did-not-leave-liberias-international-reserve-at-240-million/,123|120|3815|1960,category-only,9,category:1960; title:liberia; body:george weah; body:weah; body:joseph boakai; body:boakai
2023,14/11/2023,Liberia,Presidential Run-off,28123,post,10/03/2026,10/03/2026,847,false! 80% of teachers in liberia are not volunteers,https://dubawa.org/false-80-of-teachers-in-liberia-are-not-volunteers/,1571|3815|1960,category-only,7,category:1960; title:liberia; body:monrovia; body:nimba
2023,14/11/2023,Liberia,Presidential Run-off,27998,post,27/02/2026,27/02/2026,836,misleading! woman accused of killing grandchildren did not disappear from prison,https://dubawa.org/killing-grandchildren-did-not-disappear-from-prison/,1571|3812|3815|1960,category-only,5,category:1960; body:liberia; body:nimba
2023,14/11/2023,Liberia,Presidential Run-off,27993,post,27/02/2026,27/02/2026,836,false! peter bonor jallah was not released from jail,https://dubawa.org/https-dubawa-org-peter-bonor-jallah/,1571|437|3815|1960,category-only,5,category:1960; body:liberia; body:monrovia
2023,14/11/2023,Liberia,Presidential Run-off,27918,post,24/02/2026,24/02/2026,833,false! ecuador not world’s highest cassava exporter,https://dubawa.org/false-ecuador-not-worlds-highest-cassava-exporter/,1571|437|3815|1960,category-only,4,category:1960; body:liberia
2023,14/11/2023,Liberia,Presidential Run-off,27912,post,24/02/2026,25/02/2026,833,misleading! liberia’s government is subsidising many schools in 2026 national budget,https://dubawa.org/liberias-government-is-subsidising-many-schools-in-2026/,1960|437|3815,category-only,8,category:1960; title:liberia; body:monrovia; body:joseph boakai; body:boakai
2023,14/11/2023,Liberia,Presidential Run-off,27897,post,24/02/2026,24/02/2026,833,false! two overhead bridge construction agreements in congo town not signed during sirleaf s regime,https://dubawa.org/false-two-overhead-bridge-agreements-congo-town-sirleaf/,1571|3815|1960,category-only,6,category:1960; body:liberia; body:monrovia; body:weah
2023,14/11/2023,Liberia,Presidential Run-off,27870,post,21/02/2026,21/02/2026,830,false! boakai wasn’t in wheelchair during inspection of afl on armed forces day,https://dubawa.org/false-boakai-wasnt-in-wheelchair-during-inspection-of-afl-on-armed-forces-day/,1571|3815|1960,category-only,7,category:1960; body:liberia; body:joseph boakai; title:boakai
2023,14/11/2023,Liberia,Presidential Run-off,27865,post,21/02/2026,21/02/2026,830,"false! who statistics on liberia maternal mortality ratio is not 742 per 100,000 live births",https://dubawa.org/false-who-statistics-on-liberia-maternal-mortality-742-per-100000-live-births-who-statistics-on-liberia-maternal-mortality/,1960|437|1571|3815,category-only,5,category:1960; title:liberia
2023,14/11/2023,Liberia,Presidential Run-off,27861,post,21/02/2026,21/02/2026,830,"prophet kay’s incarceration: the law, freedom of speech and its consequences",https://dubawa.org/prophet-kays-incarceration-the-law-freedom-of-speech-and-its-consequences/,1572|3812|3815|1960,category-only,4,category:1960; body:liberia
2023,14/11/2023,Liberia,Presidential Run-off,27517,post,29/01/2026,29/01/2026,807,did trump write to norway about dissatisfaction over nobel peace prize award snub?,https://dubawa.org/did-trump-write-to-norway-about-dissatisfaction-over-nobel-peace-prize-award-snub/,1571|437|4|3812|3815|1960,category-only,3,category:1960
2023,14/11/2023,Liberia,Presidential Run-off,27384,post,21/01/2026,21/01/2026,799,false! naymote’s 2025 meter report covers one year of boakai’s administration,https://dubawa.org/false-naymotes-2025-meter-report-covers-one-year-of-boakais-administration/,1571|3812|3815|1960,category-only,8,category:1960; body:liberia; body:joseph boakai; title:boakai; body:unity party
2023,14/11/2023,Liberia,Presidential Run-off,27381,post,21/01/2026,21/01/2026,799,"false! liberia’s 2017 domestic revenue, not $452 million",https://dubawa.org/false-liberias-2017-domestic-revenue-not-452-million/,1571|4|3812|3815|1960,category-only,7,category:1960; title:liberia; body:joseph boakai; body:boakai
2023,14/11/2023,Liberia,Presidential Run-off,27378,post,21/01/2026,21/01/2026,799,"did the u.s. suspend visa processing for citizens from 75 countries, including liberia?",https://dubawa.org/did-the-u-s-suspend-visa-processing-for-citizens-from-75-countries-including-liberia/,1571|437|3815|1960,category-only,6,category:1960; title:liberia; body:monrovia
2023,14/11/2023,Liberia,Presidential Run-off,27373,post,21/01/2026,21/01/2026,799,did iranian protesters burn liberia’s flag?,https://dubawa.org/did-iranian-protesters-burn-liberias-flag/,1571|437|3815|1960,category-only,5,category:1960; title:liberia
2023,14/11/2023,Liberia,Presidential Run-off,27318,post,15/01/2026,15/01/2026,793,false! johnson sirleaf’s unity party did not leave exchange rate at $130,https://dubawa.org/false-johnson-sirleafs-unity-party-did-not-leave-exchange-rate-at-130/,1960|437|3815,category-only,6,category:1960; body:liberia; title:unity party
2023,14/11/2023,Liberia,Presidential Run-off,27159,post,12/01/2026,12/01/2026,790,false! the japan freeway project was not dedicated by former president ellen johnson sirleaf,https://dubawa.org/false-the-japan-freeway-project-was-not-dedicated-by-former-president-ellen-johnson-sirleaf/,1960|3815|123,category-only,6,category:1960; body:liberia; body:george weah; body:weah
2023,14/11/2023,Liberia,Presidential Run-off,26639,post,19/12/2025,19/12/2025,766,"false! bong county team player, not dead",https://dubawa.org/false-bong-county-team-player-not-dead/,1571|4|3815|1960,category-only,4,category:1960; body:liberia
2023,14/11/2023,Liberia,Presidential Run-off,26582,post,15/12/2025,15/12/2025,762,did mcc drop 16 countries from benefiting from the 2026 compact?,https://dubawa.org/did-mcc-drop-16-countries-from-benefiting-from-the-2026-compact/,1960|1571|3812|3815,category-only,4,category:1960; body:liberia
2023,14/11/2023,Liberia,Presidential Run-off,26536,post,13/12/2025,13/12/2025,760,has the swedish embassy closed operations in liberia?,https://dubawa.org/has-the-swedish-embassy-closed-operations-in-liberia/,1571|3815|1960,category-only,6,category:1960; title:liberia; body:monrovia
2023,14/11/2023,Liberia,Presidential Run-off,26532,post,13/12/2025,13/12/2025,760,true! liberia second hungriest country in west africa after niger,https://dubawa.org/true-liberia-second-hungriest-country-in-west-africa-after-niger/,1571|3812|3815|1960,category-only,9,category:1960; title:liberia; body:george weah; body:weah; body:boakai; body:unity party
2023,14/11/2023,Liberia,Presidential Run-off,26527,post,13/12/2025,13/12/2025,760,"false! national legislature’s 2026 budget increased by 14%, not over 40%",https://dubawa.org/false-national-legislatures-2026-budget-increased-by-14-not-over-40/,1571|3812|3815|1960,category-only,4,category:1960; body:liberia
2023,14/11/2023,Liberia,Presidential Run-off,26378,post,29/11/2025,29/11/2025,746,did the ministry of public works approve jor-bridge construction?,https://dubawa.org/did-the-ministry-of-public-works-approve-jor-bridge-construction/,1571|3815|1960,category-only,3,category:1960
2023,14/11/2023,Liberia,Presidential Run-off,26374,post,29/11/2025,29/11/2025,746,"false! ministry of agriculture’s draft 2026 budget, not $13 million",https://dubawa.org/false-ministry-of-agricultures-draft-2026-budget-not-13-million/,1960|120|3815,category-only,5,category:1960; body:liberia; body:boakai
2023,14/11/2023,Liberia,Presidential Run-off,26285,post,25/11/2025,25/11/2025,742,budget for liberia national police in 2026 draft budget is not us$8 million,https://dubawa.org/budget-for-liberias-national-police-in-2026-draft-budget-is-not-us8-million/,120|1571|4|3812|3815|1960,category-only,5,category:1960; title:liberia
2023,14/11/2023,Liberia,Presidential Run-off,26279,post,25/11/2025,25/11/2025,742,"claim 24,000 females living with hiv/aids in liberia, misleading",https://dubawa.org/claim-24000-females-living-with-hiv-aids-in-liberia-misleading/,1960|121|3815,category-only,5,category:1960; title:liberia
2023,14/11/2023,Liberia,Presidential Run-off,26275,post,25/11/2025,25/11/2025,742,false! liberia failed the rule of law indicator in fy2026 mcc scorecard,https://dubawa.org/false-liberia-failed-the-rule-of-law-indicator-in-fy2026-mcc-scorecard/,1571|4|3812|3815|1960,category-only,6,category:1960; title:liberia; body:boakai
2023,14/11/2023,Liberia,Presidential Run-off,26258,post,25/11/2025,25/11/2025,742,"the claim of a ratio of one doctor to 5,000 is misleading",https://dubawa.org/the-claim-of-a-ratio-of-one-doctor-to-5000-is-misleading/,1571|4|3815|1960,category-only,6,category:1960; body:liberia; body:joseph boakai; body:boakai
2023,14/11/2023,Liberia,Presidential Run-off,26105,post,21/11/2025,25/11/2025,738,did the ministry of internal affairs budget rise from $14m to $57m in 2026?,https://dubawa.org/did-the-ministry-of-internal-affairs-budget-rise-from-14m-to-57m-in-2026/,1571|120|3815|1960,category-only,5,category:1960; body:liberia; body:boakai
2023,14/11/2023,Liberia,Presidential Run-off,26098,post,21/11/2025,21/11/2025,738,"dubawa trains journalists, bloggers, influencers in liberia on fact-checking",https://dubawa.org/dubawa-trains-journalists-bloggers-influencers-in-liberia-on-fact-checking/,440|3815|1960,category-only,6,category:1960; title:liberia; body:monrovia
2023,14/11/2023,Liberia,Presidential Run-off,26085,post,21/11/2025,21/11/2025,738,did ame university deny the valedictorian’s speech due to religious intolerance?,https://dubawa.org/did-ame-university-deny-the-valedictorians-speech-due-to-religious-intolerance/,1960|122|3815,category-only,4,category:1960; body:liberia
2023,14/11/2023,Liberia,Presidential Run-off,26042,post,19/11/2025,21/11/2025,736,false! national port authority does not owe employees benefits,https://dubawa.org/false-national-port-authority-does-not-owe-employees-benefits/,1571|3815|1960,category-only,4,category:1960; body:liberia
2023,14/11/2023,Liberia,Presidential Run-off,26038,post,19/11/2025,19/11/2025,736,false! chinese government did not withdraw support for construction of overpass in liberia,https://dubawa.org/false-chinese-government-did-not-withdraw-support-for-construction-of-overpass-in-liberia/,1571|3815|1960,category-only,5,category:1960; title:liberia
2023,14/11/2023,Liberia,Presidential Run-off,26011,post,18/11/2025,18/11/2025,735,did french foreign affairs minister deny government’s awareness of president boakai’s visit?,https://dubawa.org/did-french-foreign-affairs-minister-deny-governments-awareness-of-president-boakais-visit/,1571|3815|1960,category-only,6,category:1960; body:liberia; title:boakai
2023,14/11/2023,Liberia,Presidential Run-off,25898,post,12/11/2025,12/11/2025,729,did civil servants work for free in october?,https://dubawa.org/did-civil-servants-work-for-free-in-october/,1571|3815|1960,category-only,5,category:1960; body:liberia; body:boakai
2023,14/11/2023,Liberia,Presidential Run-off,25459,post,27/10/2025,27/10/2025,713,"photo of president boakai undergoing surgery, doctored",https://dubawa.org/photo-of-president-boakai-undergoing-surgery-doctored/,1571|3815|1960,category-only,7,category:1960; body:liberia; body:joseph boakai; title:boakai
2023,14/11/2023,Liberia,Presidential Run-off,25446,post,27/10/2025,27/10/2025,713,"video of criminals breaking into a shop, not from liberia",https://dubawa.org/video-of-criminals-breaking-into-a-shop-not-from-liberia/,1571|3815|1960|119,category-only,5,category:1960; title:liberia
2023,14/11/2023,Liberia,Presidential Run-off,25353,post,24/10/2025,24/10/2025,710,false! kollie-ta wolah school annex not being built by president boakai,https://dubawa.org/false-kollie-ta-wolah-school-annex-not-being-built-by-president-boakai/,1571|3815|1960,category-only,7,category:1960; body:liberia; body:joseph boakai; title:boakai
2023,14/11/2023,Liberia,Presidential Run-off,25268,post,24/10/2025,24/10/2025,710,false! liberia’s economy has experienced growth under the unity party government,https://dubawa.org/false-liberias-economy-has-experienced-growth-under-the-unity-party-government/,1571|4|3812|3815|1960,category-only,7,category:1960; title:liberia; title:unity party
2023,14/11/2023,Liberia,Presidential Run-off,25221,post,22/10/2025,22/10/2025,708,"false! cdc took wage bill to $314 million, not $296 million",https://dubawa.org/false-cdc-took-wage-bill-to-314-million-not-296-million/,1571|4|3815|1960,category-only,6,category:1960; body:liberia; body:weah; body:unity party
2023,14/11/2023,Liberia,Presidential Run-off,24996,post,13/10/2025,02/11/2025,699,reduction in transportation fare publicity not from transport ministry,https://dubawa.org/reduction-in-transportation-fare-publicity-not-from-transport-ministry/,1571|120|3815|1960,category-only,4,category:1960; body:monrovia
2023,14/11/2023,Liberia,Presidential Run-off,24971,post,13/10/2025,13/10/2025,699,false! cdc did not inherit 12% inflation rate,https://dubawa.org/false-cdc-did-not-inherit-12-inflation-rate/,1571|120|3815|1960,category-only,6,category:1960; body:liberia; body:weah; body:unity party
2023,14/11/2023,Liberia,Presidential Run-off,24944,post,10/10/2025,14/10/2025,696,"call for application: information disorder, fimi and the importance of preserving information integrity for bloggers and social media influencers in monrovia",https://dubawa.org/call-for-application-information-disorder-fimi-and-the-importance-of-preserving-information-integrity-for-bloggers-and-social-media-influencers-in-monrovia/,1960|423|1688,category-only,6,category:1960; body:liberia; title:monrovia
2023,14/11/2023,Liberia,Presidential Run-off,24825,post,02/10/2025,02/10/2025,688,koluba’s claim about up government’s $1bn gdp figure false,https://dubawa.org/kolubas-claim-about-up-governments-1bn-gdp-figure-false/,1571|3812|3815|1960|16,category-only,9,category:1960; body:liberia; body:george weah; body:weah; body:joseph boakai; body:boakai; body:unity party
2023,14/11/2023,Liberia,Presidential Run-off,24822,post,02/10/2025,02/10/2025,688,"second quarter  inflation figure in liberia stands at 11.1%, not 13.7%",https://dubawa.org/second-quarter-inflation-figure-in-liberia-stands-at-11-1-not-13-7/,1571|120|3815|1960,category-only,7,category:1960; title:liberia; body:monrovia; body:unity party
2023,14/11/2023,Liberia,Presidential Run-off,24717,post,26/09/2025,26/09/2025,682,"epl eligibility: players from top 50 countries in fifa ranking, not 100 qualify",https://dubawa.org/the-claim-that-playing-in-the-premier-league-is-based-on-a-points-system-is-misleading/,1571|3815|1960,category-only,7,category:1960; body:liberia; body:monrovia; body:george weah; body:weah
2023,14/11/2023,Liberia,Presidential Run-off,24710,post,25/09/2025,25/09/2025,681,"misleading! cdc left exchange rate at l$188, not l$174",https://dubawa.org/misleading-cdc-left-exchange-rate-at-l188-not-l174/,1571|120|4|3812|3815|1960,category-only,8,category:1960; body:liberia; body:george weah; body:weah; body:joseph boakai; body:boakai
2023,14/11/2023,Liberia,Presidential Run-off,24504,post,18/09/2025,18/09/2025,674,is ebola in liberia?,https://dubawa.org/is-ebola-in-liberia/,1571|1960,category-only,6,category:1960; title:liberia; body:nimba
2023,14/11/2023,Liberia,Presidential Run-off,24381,post,12/09/2025,12/09/2025,668,false! liberia not only country in africa that has set aside flag day holiday,https://dubawa.org/false-liberia-not-only-country-in-africa-that-has-set-aside-flag-day-holiday/,1571|3815|1960,category-only,5,category:1960; title:liberia
2023,14/11/2023,Liberia,Presidential Run-off,24278,post,05/09/2025,05/09/2025,661,false! liberia slumped in 2025 global peace index report,https://dubawa.org/false-liberia-slumped-in-2025-global-peace-index-report/,1571|3815|1960,category-only,5,category:1960; title:liberia
2023,14/11/2023,Liberia,Presidential Run-off,24274,post,05/09/2025,05/09/2025,661,"photo of man’s head tied in bloody white cloth, not from sup’s protest",https://dubawa.org/photo-of-mans-head-tied-in-bloody-white-cloth-not-from-sups-protest/,1571|1960,category-only,5,category:1960; body:liberia; body:boakai
2023,14/11/2023,Liberia,Presidential Run-off,24224,post,30/08/2025,30/08/2025,655,all liberian party not first registered party to build headquarters in the country,https://dubawa.org/all-liberian-party-not-first-registered-party-to-build-headquarters-in-the-country/,1960|1571|3815,category-only,6,category:1960; title:liberia; body:monrovia
2023,14/11/2023,Liberia,Presidential Run-off,24220,post,30/08/2025,30/08/2025,655,"morning show host in liberia makes misleading claims about party headquarters, vocational school",https://dubawa.org/morning-show-host-in-liberia-makes-misleading-claims-about-party-headquarters-vocational-school/,1960|1571|3815,category-only,9,category:1960; title:liberia; body:monrovia; body:george weah; body:weah; body:unity party
2023,14/11/2023,Liberia,Presidential Run-off,24150,post,26/08/2025,26/08/2025,651,liberia s drug crisis: a national emergency!,https://dubawa.org/liberias-drug-crisis-a-national-emergency/,1960|1572|121|3815,category-only,8,category:1960; title:liberia; body:monrovia; body:joseph boakai; body:boakai
2023,14/11/2023,Liberia,Presidential Run-off,24109,post,25/08/2025,25/08/2025,650,former president weah did not spend 58 days out of liberia,https://dubawa.org/former-president-weah-did-not-spend-58-days-out-of-liberia/,1960|1571|3815|16,category-only,9,category:1960; title:liberia; body:george weah; title:weah; body:boakai
2023,14/11/2023,Liberia,Presidential Run-off,24077,post,22/08/2025,22/08/2025,647,misleading! the liberia anti-corruption commission did not receive over $1 million budgetary increment for the first time,https://dubawa.org/misleading-the-liberia-anti-corruption-commission-did-not-receive-over-1-million-budgetary-increment-for-the-first-time/,1960|120|1571|3815,category-only,7,category:1960; title:liberia; body:joseph boakai; body:boakai
2023,14/11/2023,Liberia,Presidential Run-off,24064,post,22/08/2025,22/08/2025,647,has facebook been monetised in liberia?,https://dubawa.org/has-facebook-been-monetised-in-liberia/,1960|1571|3815|123,category-only,5,category:1960; title:liberia
2023,14/11/2023,Liberia,Presidential Run-off,24026,post,20/08/2025,24/10/2025,645,the spoon tv owner did not buy freedom fm 87.9,https://dubawa.org/the-spoon-tv-owner-did-not-buy-freedom-fm-87-9/,1960|1571|123,category-only,4,category:1960; body:monrovia
2023,14/11/2023,Liberia,Presidential Run-off,24010,post,19/08/2025,19/08/2025,644,has cdc built new party headquarters?,https://dubawa.org/has-cdc-built-new-party-headquarters/,1960|1571|3815|16,category-only,6,category:1960; body:liberia; body:george weah; body:weah
2023,14/11/2023,Liberia,Presidential Run-off,23976,post,14/08/2025,14/08/2025,639,has liberia s ship registry surpassed panama?,https://dubawa.org/has-liberias-ship-registry-surpassed-panama/,1960|120|1571|3812,category-only,5,category:1960; title:liberia
2023,14/11/2023,Liberia,Presidential Run-off,23897,post,10/08/2025,10/08/2025,635,was tubman of liberia the only african president to meet the queen of england?,https://dubawa.org/was-tubman-of-liberia-the-only-african-president-to-meet-the-queen-of-england/,123|1571|1960,category-only,5,category:1960; title:liberia
2023,14/11/2023,Liberia,Presidential Run-off,23752,post,29/07/2025,29/07/2025,623,dubawa verifies claims by kenyan journalist jeff koinange,https://dubawa.org/dubawa-verifies-claims-by-kenyan-journalist-jeff-koinange/,1960|437|1571|3812|3815,category-only,7,category:1960; body:liberia; body:george weah; body:weah; body:nimba
2023,14/11/2023,Liberia,Presidential Run-off,23735,post,28/07/2025,28/07/2025,622,"misleading! university of liberia student enrollment was not below 10,000 before free tuition",https://dubawa.org/misleading-university-of-liberia-student-enrollment-was-not-below-10000-before-free-tuition/,1571|3815|1960,category-only,7,category:1960; title:liberia; body:george weah; body:weah
2023,14/11/2023,Liberia,Presidential Run-off,23732,post,28/07/2025,28/07/2025,622,"photo of ‘unconscious’ man on stretcher from nigeria, not from liberia",https://dubawa.org/photo-of-unconscious-man-on-stretcher-from-nigeria-not-from-liberia/,1571|1960,category-only,6,category:1960; title:liberia; body:monrovia
2023,14/11/2023,Liberia,Presidential Run-off,23686,post,23/07/2025,23/07/2025,617,did cdc administration budget exceed $600 million mark?,https://dubawa.org/did-cdc-administration-budget-exceed-600-million-mark/,1571|4|3812|3815|1960,category-only,5,category:1960; body:boakai; body:unity party
2023,14/11/2023,Liberia,Presidential Run-off,23669,post,21/07/2025,21/07/2025,615,was cdc youth chairperson arrested with gun during july 17 protest?,https://dubawa.org/was-cdc-youth-chairperson-arrested-with-gun-during-july-17-protest/,1571|4|3812|3815|1960,category-only,7,category:1960; body:liberia; body:monrovia; body:joseph boakai; body:boakai
2023,14/11/2023,Liberia,Presidential Run-off,23643,post,18/07/2025,18/07/2025,612,did boakai say china has conducted comprehensive survey of liberia s mineral resources?,https://dubawa.org/did-boakai-say-china-has-conducted-comprehensive-survey-of-liberias-mineral-resources/,1960|3815,category-only,8,category:1960; title:liberia; body:joseph boakai; title:boakai
2023,14/11/2023,Liberia,Presidential Run-off,23624,post,17/07/2025,17/07/2025,611,"image of mc caro in an accident, not new",https://dubawa.org/image-of-mc-caro-in-an-accident-not-new/,1571|3815|1960,category-only,4,category:1960; body:liberia
2023,14/11/2023,Liberia,Presidential Run-off,23621,post,17/07/2025,17/07/2025,611,boakai has not attacked trump for complimenting his command of english language,https://dubawa.org/boakai-has-not-attacked-trump-for-complimenting-his-command-of-english-language/,1571|4|3815|1960,category-only,7,category:1960; body:liberia; body:joseph boakai; title:boakai
2023,14/11/2023,Liberia,Presidential Run-off,23589,post,14/07/2025,14/07/2025,608,is president boakai rated most educated president in africa?,https://dubawa.org/is-president-boakai-rated-most-educated-president-in-africa/,123|1571|3815|1960,category-only,7,category:1960; body:liberia; body:joseph boakai; title:boakai
2023,14/11/2023,Liberia,Presidential Run-off,23581,post,14/07/2025,14/07/2025,608,liberia not only country with validity dates on nir cards,https://dubawa.org/liberia-not-only-country-with-validity-dates-on-nir-cards/,1571|4|3815|1960,category-only,6,category:1960; title:liberia; body:boakai
2023,14/11/2023,Liberia,Presidential Run-off,23488,post,07/07/2025,07/07/2025,601,false! fee for liberia’s national id card has not increased,https://dubawa.org/false-fee-for-liberias-national-id-card-has-not-increased/,1571|3815|1960,category-only,7,category:1960; title:liberia; body:weah; body:boakai
2023,14/11/2023,Liberia,Presidential Run-off,23455,post,03/07/2025,03/07/2025,597,did iranians burn the liberian flag in place of the u.s. flag amidst conflict with israel?,https://dubawa.org/did-iranians-burn-the-liberian-flag-in-place-of-the-u-s-flag-amidst-conflict-with-israel/,1960|1571,category-only,5,category:1960; title:liberia
2023,14/11/2023,Liberia,Presidential Run-off,23452,post,03/07/2025,03/07/2025,597,"video of crashed plane in muddy water, fake!",https://dubawa.org/video-of-crashed-plane-in-muddy-water-fake/,1960|1571|3815,category-only,3,category:1960
2023,14/11/2023,Liberia,Presidential Run-off,23434,post,02/07/2025,02/07/2025,596,is arcelormittal liberia s iron ore concentrator plant largest in africa?,https://dubawa.org/is-arcelormittal-liberias-iron-ore-concentrator-plant-largest-in-africa/,120|1960|123,category-only,8,category:1960; title:liberia; body:joseph boakai; body:boakai; body:nimba
2023,14/11/2023,Liberia,Presidential Run-off,23274,post,23/06/2025,23/06/2025,587,is liberian artist king dennis dead?,https://dubawa.org/is-liberian-artist-king-dennis-dead/,1960|1571|3815|123,category-only,5,category:1960; title:liberia
2023,14/11/2023,Liberia,Presidential Run-off,23255,post,19/06/2025,19/06/2025,583,"printing press shutdown and nepotism allegations against mayor siafa, false",https://dubawa.org/printing-press-shutdown-and-nepotism-allegations-against-mayor-siafa/,1571|3812|3815|1960,category-only,5,category:1960; body:monrovia; body:unity party
2023,14/11/2023,Liberia,Presidential Run-off,23152,post,14/06/2025,14/06/2025,578,false! the police ig did not call to apologise to cllr. koffa,https://dubawa.org/false-the-police-ig-did-not-call-to-apologise-to-cllr-koffa/,1960|3815|119,category-only,4,category:1960; body:liberia
2023,14/11/2023,Liberia,Presidential Run-off,23148,post,14/06/2025,14/06/2025,578,false! morlu was not arrested by the lnp over arson,https://dubawa.org/false-morlu-was-not-arrested-by-the-lnp-over-arson/,1960|4|3815|123,category-only,5,category:1960; body:liberia; body:monrovia
2023,14/11/2023,Liberia,Presidential Run-off,23142,post,14/06/2025,14/06/2025,578,true! the ship that recently sank off the indian coast was liberian-flagged,https://dubawa.org/true-the-ship-that-recently-sank-off-the-indian-coast-was-liberian-flagged/,1960|1571|3812|3815,category-only,6,category:1960; title:liberia; body:unity party
2023,14/11/2023,Liberia,Presidential Run-off,23124,post,12/06/2025,12/06/2025,576,did city court deny ex-speaker koffa and others bail?,https://dubawa.org/did-city-court-deny-ex-speaker-koffa-and-others-bail/,1571|3815|1960|16,category-only,5,category:1960; body:liberia; body:monrovia
2023,14/11/2023,Liberia,Presidential Run-off,23121,post,12/06/2025,12/06/2025,576,false! liberia is not an african nation with the longest warning for illegal fishing,https://dubawa.org/false-liberia-is-not-an-african-nation-with-the-longest-warning-for-illegal-fishing/,1960|3812|3815,category-only,5,category:1960; title:liberia
2023,14/11/2023,Liberia,Presidential Run-off,23086,post,11/06/2025,11/06/2025,575,"cjid’s laymah, others, enter guinness world records with ‘the song’ 195 from frequency school",https://dubawa.org/cjids-laymah-others-enter-guinness-world-records-with-the-song-195-from-frequency-school/,1960|3815|1688,category-only,4,category:1960; body:liberia
2023,14/11/2023,Liberia,Presidential Run-off,23056,post,05/06/2025,05/06/2025,569,fy2025 national budget of liberia does not support martin kollie’s claim for fuel and scratch card expenses,https://dubawa.org/fy2025-national-budget-of-liberia-does-not-support-martin-kollies-claim-for-fuel-and-scratch-card-expenses/,1571|3815|1960,category-only,7,category:1960; title:liberia; body:joseph boakai; body:boakai
2023,14/11/2023,Liberia,Presidential Run-off,23053,post,05/06/2025,05/06/2025,569,"viral claim, images suggesting president boakai was injured in a plane incident, not from liberia",https://dubawa.org/viral-claim-images-suggesting-president-boakai-was-injured-in-a-plane-incident-not-from-liberia/,1571|3815|1960,category-only,9,category:1960; title:liberia; body:weah; body:joseph boakai; title:boakai
2023,14/11/2023,Liberia,Presidential Run-off,23050,post,05/06/2025,05/06/2025,569,did the csa boss admit $48 million went missing?,https://dubawa.org/did-the-csa-boss-admit-48-million-went-missing/,1571|4|3812|3815|1960,category-only,4,category:1960; body:liberia
2023,14/11/2023,Liberia,Presidential Run-off,23044,post,05/06/2025,05/06/2025,569,flights to and from liberia were not cancelled until may 31,https://dubawa.org/flights-to-and-from-liberia-were-not-cancelled-until-may-31/,1571|3815|1960,category-only,6,category:1960; title:liberia; body:boakai
2023,14/11/2023,Liberia,Presidential Run-off,23001,post,02/06/2025,02/06/2025,566,liberia’s speaker koon’s convoy did not kill motorcyclist,https://dubawa.org/liberias-speaker-koons-convoy-did-not-kill-motorcyclist/,1960|1571|119,category-only,5,category:1960; title:liberia
2023,14/11/2023,Liberia,Presidential Run-off,22966,post,30/05/2025,30/05/2025,563,"false! images of a pastor in fatal miracle antics, not in nimba county",https://dubawa.org/false-images-of-a-pastor-in-fatal-miracle-antics-not-in-nimba-county/,1571|4|3815|1960,category-only,6,category:1960; body:liberia; title:nimba
2023,14/11/2023,Liberia,Presidential Run-off,22955,post,29/05/2025,30/05/2025,562,has burkina faso banned porn websites?,https://dubawa.org/has-burkina-faso-banned-porn-websites/,1960|1571|4|3812|3815,category-only,4,category:1960; body:liberia
2023,14/11/2023,Liberia,Presidential Run-off,22951,post,29/05/2025,30/05/2025,562,false! video of boakai protesting  not recorded at ‘weah must step down’ protest,https://dubawa.org/false-video-of-boakai-protesting-not-recorded-at-weah-must-step-down-protest/,1571|4|3812|3815|1960,category-only,11,category:1960; body:liberia; body:monrovia; body:george weah; title:weah; body:joseph boakai; title:boakai
2023,14/11/2023,Liberia,Presidential Run-off,22948,post,29/05/2025,29/05/2025,562,did thieves chop off motorcyclist’s hand in liberia?,https://dubawa.org/did-thieves-chop-off-motorcyclists-hand-in-liberia/,1960|1571|3812|3815,category-only,5,category:1960; title:liberia
2023,14/11/2023,Liberia,Presidential Run-off,22892,post,26/05/2025,26/05/2025,559,mixed reactions greet religious holidays bill in liberia,https://dubawa.org/mixed-reactions-greet-religious-holidays-bill-in-liberia/,1960|1572|4|3812|3815,category-only,6,category:1960; title:liberia; body:monrovia
2023,14/11/2023,Liberia,Presidential Run-off,22856,post,23/05/2025,25/05/2025,556,has the liberian exchange rate hit l$200 to 1 usd?,https://dubawa.org/has-the-liberian-exchange-rate-hit-l200-to-1-usd/,1960|120|3815,category-only,9,category:1960; title:liberia; body:george weah; body:weah; body:joseph boakai; body:boakai
2023,14/11/2023,Liberia,Presidential Run-off,22847,post,23/05/2025,23/05/2025,556,"claim no foreign direct investment under weah’s administration, false",https://dubawa.org/claim-no-foreign-direct-investment-under-weahs-administration-false/,1960|3815|16,category-only,8,category:1960; body:liberia; body:george weah; title:weah; body:unity party
2023,14/11/2023,Liberia,Presidential Run-off,22825,post,22/05/2025,22/05/2025,555,estimated number of deaths caused by mpox in dr congo in 2024 not 537,https://dubawa.org/estimated-number-of-deaths-caused-by-mpox-in-dr-congo-in-2024-not-537/,1571|1960,category-only,4,category:1960; body:liberia
2023,14/11/2023,Liberia,Presidential Run-off,22811,post,21/05/2025,28/05/2025,554,viral photo of overcrowded prison is not from liberia,https://dubawa.org/viral-photo-of-overcrowded-prison-is-not-from-liberia/,1571|437|3815|1960,category-only,6,category:1960; title:liberia; body:monrovia
2023,14/11/2023,Liberia,Presidential Run-off,22762,post,19/05/2025,19/05/2025,552,"false! the estimated number of  liberia’s police officers not 2,373",https://dubawa.org/false-the-estimated-number-of-liberias-police-officers-not-2373/,1960|4|3812|3815,category-only,5,category:1960; title:liberia
2023,14/11/2023,Liberia,Presidential Run-off,22731,post,16/05/2025,16/05/2025,549,did martin’s post trigger revocation of quack doctor’s license?,https://dubawa.org/did-martins-post-trigger-revocation-of-quack-doctors-license/,1571|1960,category-only,4,category:1960; body:liberia
2023,14/11/2023,Liberia,Presidential Run-off,22705,post,14/05/2025,14/05/2025,547,does liberia fund 33 embassies or foreign missions?,https://dubawa.org/does-liberia-fund-33-embassies-or-foreign-missions/,1960|1571|4|3812|3815,category-only,5,category:1960; title:liberia
2023,14/11/2023,Liberia,Presidential Run-off,22700,post,14/05/2025,14/05/2025,547,liberian government did not endorse protest for burkina faso’s president,https://dubawa.org/liberian-government-did-not-endorse-protest-for-burkina-fasos-president/,1571|3812|3815|1960,category-only,6,category:1960; title:liberia; body:monrovia
2023,14/11/2023,Liberia,Presidential Run-off,22667,post,12/05/2025,12/05/2025,545,commerce inspector general dorr cooper has not been dismissed,https://dubawa.org/commerce-inspector-general-dorr-cooper-has-not-been-dismissed/,1571|4|3815|1960,category-only,7,category:1960; body:liberia; body:joseph boakai; body:boakai; body:unity party
2023,14/11/2023,Liberia,Presidential Run-off,22658,post,12/05/2025,12/05/2025,545,dorley’s european titles comparison with weah is misleading,https://dubawa.org/dorleys-european-titles-comparison-with-weah-is-misleading/,1960|4|3812|3815,category-only,8,category:1960; body:liberia; body:monrovia; body:george weah; title:weah
2023,14/11/2023,Liberia,Presidential Run-off,22637,post,10/05/2025,10/05/2025,543,did liberia’s first lady build high school in sinoe county?,https://dubawa.org/did-liberias-first-lady-build-high-school-in-sinoe-county/,1960|1571|4|3815,category-only,7,category:1960; title:liberia; body:joseph boakai; body:boakai
2023,14/11/2023,Liberia,Presidential Run-off,22570,post,06/05/2025,06/05/2025,539,"has liberian speaker, fonati koffa, resigned?",https://dubawa.org/has-liberian-speaker-fonati-koffa-resigned/,1571|3815|1960,category-only,5,category:1960; title:liberia
2023,14/11/2023,Liberia,Presidential Run-off,22488,post,28/04/2025,28/04/2025,531,false! university of liberia s budget has not increased to $35 million,https://dubawa.org/false-university-of-liberias-budget-has-not-increased-to-35-million/,1571|120|4|3812|3815|1960,category-only,5,category:1960; title:liberia
2023,14/11/2023,Liberia,Presidential Run-off,22369,post,21/04/2025,21/04/2025,524,"false! video of man set ablaze is from nigeria, not liberia",https://dubawa.org/false-video-of-man-set-ablaze-is-from-nigeria-not-liberia/,1960|1571|3812|3815,category-only,6,category:1960; title:liberia; body:monrovia
2023,14/11/2023,Liberia,Presidential Run-off,22327,post,16/04/2025,16/04/2025,519,#behindthefacts: jackson shares lessons from fact-checking prominent liberian activist,https://dubawa.org/behindthefacts-jackson-shares-lessons-from-fact-checking-prominent-liberian-activist/,1572|3815|1960,category-only,5,category:1960; title:liberia
2023,14/11/2023,Liberia,Presidential Run-off,22262,post,14/04/2025,14/04/2025,517,religious groups deny issuing viral statement in support of koon,https://dubawa.org/religious-groups-deny-issuing-viral-statement-in-support-of-koon/,1571|4|3815|1960,category-only,4,category:1960; body:liberia
2023,14/11/2023,Liberia,Presidential Run-off,22191,post,03/04/2025,03/04/2025,506,false! liberia council of churches president not suspended,https://dubawa.org/false-liberia-council-of-churches-president-not-suspended/,437|1571|4|3812|3815|1960,category-only,7,category:1960; title:liberia; body:monrovia; body:boakai
2023,14/11/2023,Liberia,Presidential Run-off,22035,post,25/03/2025,25/03/2025,497,false! burkina faso’s president ibrahim traoré has not rejected loans from the world bank,https://dubawa.org/false-burkina-fasos-president-ibrahim-traore-has-not-rejected-loans-from-the-world-bank/,1571|4|3815|1960|16,category-only,3,category:1960
2023,14/11/2023,Liberia,Presidential Run-off,22003,post,20/03/2025,20/03/2025,492,"false! the bong county council did not approve $100,000 for bean cultivation",https://dubawa.org/false-the-bong-county-council-did-not-approve-100000-for-bean-cultivation/,1571|3815|1960,category-only,4,category:1960; body:liberia
2023,14/11/2023,Liberia,Presidential Run-off,22000,post,20/03/2025,20/03/2025,492,false! supreme court did not order liberia’s finance ministry to pay seven suspended lawmakers,https://dubawa.org/false-supreme-court-did-not-order-liberias-finance-ministry-to-pay-seven-suspended-lawmakers/,1571|3815|1960,category-only,5,category:1960; title:liberia
2023,14/11/2023,Liberia,Presidential Run-off,21957,post,17/03/2025,17/03/2025,489,dubawa verifies several claims by liberian activist martin kollie,https://dubawa.org/dubawa-verifies-several-claims-by-liberian-activist-martin-kollie/,1571|4|3812|3815|1960,category-only,7,category:1960; title:liberia; body:joseph boakai; body:boakai
2023,14/11/2023,Liberia,Presidential Run-off,21937,post,15/03/2025,15/03/2025,487,false! liberia’s former traditional chief is not dead,https://dubawa.org/false-liberias-former-traditional-chief-is-not-dead/,1571|3815|1960,category-only,5,category:1960; title:liberia
2023,14/11/2023,Liberia,Presidential Run-off,21926,post,13/03/2025,13/03/2025,485,did president boakai tell citizens to buy guns?,https://dubawa.org/did-president-boakai-tell-citizens-to-buy-guns/,1571|4|3815|1960,category-only,8,category:1960; body:liberia; body:monrovia; body:joseph boakai; title:boakai
2023,14/11/2023,Liberia,Presidential Run-off,21912,post,12/03/2025,12/03/2025,484,no factual basis for claim umu is introducing same-sex marriage courses,https://dubawa.org/no-factual-basis-for-claim-umu-is-introducing-same-sex-marriage-courses/,1571|1960,category-only,4,category:1960; body:liberia
2023,14/11/2023,Liberia,Presidential Run-off,21759,post,26/02/2025,26/02/2025,470,#behindthefacts: laymah’s daring investigation revived focus on disturbing reality in whein town,https://dubawa.org/behindthefacts-laymahs-daring-investigation-revived-focus-on-disturbing-reality-in-whein-town/,3825|3815|1960,category-only,4,category:1960; body:monrovia
2023,14/11/2023,Liberia,Presidential Run-off,21748,post,25/02/2025,25/02/2025,469,false! motorbike riders did not kill 10 officers of liberia’s national police,https://dubawa.org/false-motorbike-riders-did-not-kill-10-officers-of-liberias-national-police/,1571|3812|3815|1960,category-only,6,category:1960; title:liberia; body:monrovia
2023,14/11/2023,Liberia,Presidential Run-off,21731,post,24/02/2025,24/02/2025,468,misleading! boakai’s government has not constructed 19 kilometres of ganta to saclepea road,https://dubawa.org/misleading-boakais-government-has-not-constructed-19-kilometres-of-ganta-to-saclepea-road/,1960|4|3812|3815,category-only,8,category:1960; body:liberia; body:weah; body:joseph boakai; title:boakai
2023,14/11/2023,Liberia,Presidential Run-off,21713,post,23/02/2025,23/02/2025,467,"misleading! in 7 years, liberia climbed by one point on corruption perception index",https://dubawa.org/misleading-in-7-years-liberia-climbed-by-one-point-on-corruption-perception-index/,1571|4|3812|3815|1960,category-only,5,category:1960; title:liberia
2023,14/11/2023,Liberia,Presidential Run-off,21704,post,20/02/2025,20/02/2025,464,"ministry of finance has not reduced salaries, public officials’ benefits amid us aid freeze",https://dubawa.org/ministry-of-finance-has-not-reduced-salaries-public-officials-benefits-amid-us-aid-freeze/,1571|4|3812|3815|1960,category-only,7,category:1960; body:liberia; body:joseph boakai; body:boakai; body:unity party
2023,14/11/2023,Liberia,Presidential Run-off,21701,post,20/02/2025,20/02/2025,464,false! liberia’s maurice tosh did not win $1m from lonestar,https://dubawa.org/false-liberias-maurice-tosh-did-not-win-1m-from-lonestar/,1571|4|3812|3815|1960,category-only,6,category:1960; title:liberia; body:monrovia
2023,14/11/2023,Liberia,Presidential Run-off,21685,post,20/02/2025,20/02/2025,464,false to suggest weah fired no one during his administration,https://dubawa.org/false-to-suggest-weah-fired-no-one-during-his-administration/,1571|1960|16,category-only,9,category:1960; body:liberia; body:george weah; title:weah; body:joseph boakai; body:boakai
2023,14/11/2023,Liberia,Presidential Run-off,21659,post,18/02/2025,18/02/2025,462,boakai’s suspension of over 400 government officials and matters arising,https://dubawa.org/boakais-suspension-of-over-400-government-officials-and-matters-arising/,1572|1960|16,category-only,8,category:1960; body:liberia; body:monrovia; title:boakai; body:nimba
2023,14/11/2023,Liberia,Presidential Run-off,21651,post,18/02/2025,18/02/2025,462,false! more than two lta commissioners declared their assets,https://dubawa.org/false-more-than-two-lta-commissioners-declared-their-assets/,1571|3815|1960,category-only,5,category:1960; body:liberia; body:boakai
2023,14/11/2023,Liberia,Presidential Run-off,21596,post,13/02/2025,13/02/2025,457,misleading! liberia has low hiv rate among african countries,https://dubawa.org/misleading-liberia-has-low-hiv-rate-among-african-countries/,1571|3815|1960,category-only,5,category:1960; title:liberia
2023,14/11/2023,Liberia,Presidential Run-off,21593,post,13/02/2025,13/02/2025,457,false! plastics do not make up 20% of liberia’s waste composition,https://dubawa.org/false-plastics-do-not-make-up-20-of-liberias-waste-composition/,1960|1571|3815,category-only,6,category:1960; title:liberia; body:monrovia
2023,14/11/2023,Liberia,Presidential Run-off,21573,post,12/02/2025,12/02/2025,456,did liberians in u.s. remit more than national budget by 2023?,https://dubawa.org/did-liberians-in-u-s-remit-more-than-national-budget-by-2023/,1571|120|3812|3815|1960,category-only,7,category:1960; title:liberia; body:joseph boakai; body:boakai
2023,14/11/2023,Liberia,Presidential Run-off,21562,post,12/02/2025,12/02/2025,456,misleading! panama has not agreed to stop charging u.s. vessels using panama canal,https://dubawa.org/misleading-panama-has-not-agreed-to-stop-charging-u-s-vessels-using-panama-canal/,123|437|1571|4|3812|3815|1960|16,category-only,4,category:1960; body:liberia
2023,14/11/2023,Liberia,Presidential Run-off,21550,post,11/02/2025,11/02/2025,455,misleading! liberia did not pay $9m annually for power supply,https://dubawa.org/misleading-liberia-did-not-pay-9m-annually-for-power-supply/,1571|4|3812|3815|1960,category-only,5,category:1960; title:liberia
2023,14/11/2023,Liberia,Presidential Run-off,21520,post,09/02/2025,09/02/2025,453,false! tinubu has not shutdown nigeria’s embassy in u.s.,https://dubawa.org/false-tinubu-has-not-shutdown-nigerias-embassy-in-u-s/,1960|3815|16,category-only,4,category:1960; body:liberia
2023,14/11/2023,Liberia,Presidential Run-off,21407,post,29/01/2025,30/01/2025,442,misleading! liberia has not gotten mcc compact 2,https://dubawa.org/misleading-liberia-has-not-gotten-mcc-compact-2/,1571|3815|1960|16,category-only,8,category:1960; title:liberia; body:monrovia; body:joseph boakai; body:boakai
2023,14/11/2023,Liberia,Presidential Run-off,21404,post,29/01/2025,29/01/2025,442,misleading! senate protem lawrence’s vehicle doesn’t cost $100k,https://dubawa.org/misleading-senate-protem-lawrences-vehicle-doesnt-cost-100k/,1571|3815|1960|16,category-only,8,category:1960; body:liberia; body:monrovia; body:george weah; body:weah; body:unity party
2023,14/11/2023,Liberia,Presidential Run-off,21394,post,27/01/2025,27/01/2025,440,false to suggest there are no countries with birthright citizenship,https://dubawa.org/false-to-suggest-there-are-no-countries-with-birthright-citizenship/,1571|3815|1960,category-only,3,category:1960
2023,14/11/2023,Liberia,Presidential Run-off,21356,post,22/01/2025,22/01/2025,435,misleading! government s arrest agenda doesn t confirm $5.88bn debt in 2029,https://dubawa.org/misleading-governments-arrest-agenda-doesnt-confirm-5-88bn-debt-in-2029/,1571|3815|1960,category-only,7,category:1960; body:liberia; body:joseph boakai; body:boakai; body:unity party
2023,14/11/2023,Liberia,Presidential Run-off,21148,post,28/12/2024,28/12/2024,410,what we know about liberia’s burned capitol building,https://dubawa.org/what-we-know-about-liberias-burned-capitol-building/,1960|1572|123,category-only,8,category:1960; title:liberia; body:monrovia; body:joseph boakai; body:boakai
2023,14/11/2023,Liberia,Presidential Run-off,21144,post,28/12/2024,28/12/2024,410,"allegations about amos tweh purchasing lexus 2024 model, false",https://dubawa.org/allegations-about-amos-tweh-purchasing-lexus-2024-model-false/,1960|1571|3812|3815|123,category-only,5,category:1960; body:liberia; body:boakai
2023,14/11/2023,Liberia,Presidential Run-off,21140,post,28/12/2024,28/12/2024,410,liberia’s new transport fare and matters arising,https://dubawa.org/liberias-new-transport-fare-and-matters-arising/,1960|1572|3812|3815,category-only,6,category:1960; title:liberia; body:monrovia
2023,14/11/2023,Liberia,Presidential Run-off,21104,post,25/12/2024,25/12/2024,407,misleading! liberia electricity corporation has not increased its electricity bill by 76%,https://dubawa.org/misleading-liberia-electricity-corporation-has-not-increased-its-electricity-bill-by-76/,120|1571|1960,category-only,5,category:1960; title:liberia
2023,14/11/2023,Liberia,Presidential Run-off,21084,post,21/12/2024,21/12/2024,403,no one has been confirmed dead in white tuesday protest,https://dubawa.org/no-one-has-been-confirmed-dead-in-white-tuesday-protest/,1960|120|1571,category-only,5,category:1960; body:liberia; body:monrovia
2023,14/11/2023,Liberia,Presidential Run-off,20983,post,08/12/2024,08/12/2024,390,false to suggest speaker’s office received draft national budget from chief clerk’s office,https://dubawa.org/false-to-suggest-speakers-office-received-draft-national-budget-from-chief-clerks-office/,1960|120|437|1571,category-only,4,category:1960; body:liberia
2023,14/11/2023,Liberia,Presidential Run-off,20959,post,04/12/2024,04/12/2024,386,misleading! earthquake didn t occur in voinjama,https://dubawa.org/misleading-earthquake-didnt-occur-in-voinjama/,1571|3812|3815|1960|119,category-only,4,category:1960; body:liberia
2023,14/11/2023,Liberia,Presidential Run-off,20956,post,04/12/2024,04/12/2024,386,false! trump has not officially banned gay marriage in america,https://dubawa.org/false-trump-has-not-officially-banned-gay-marriage-in-america/,1571|3812|3815|1960,category-only,4,category:1960; election:election|vote|presidential
2023,14/11/2023,Liberia,Presidential Run-off,20924,post,26/11/2024,26/11/2024,378,fake! ministry of education not offering free online courses,https://dubawa.org/fake-ministry-of-education-not-offering-free-online-courses/,1571|4|3812|3815|1960,category-only,4,category:1960; body:liberia
2023,14/11/2023,Liberia,Presidential Run-off,20921,post,26/11/2024,26/11/2024,378,office of war and economic crimes courts establishment in liberia gets another head,https://dubawa.org/office-of-war-and-economic-crimes-courts-establishment-in-liberia-gets-another-head/,1960|120,category-only,8,category:1960; title:liberia; body:monrovia; body:joseph boakai; body:boakai
2023,14/11/2023,Liberia,Presidential Run-off,20707,post,13/11/2024,13/11/2024,365,hoax! angelina jolie not dead,https://dubawa.org/hoax-angelina-jolie-not-dead-2/,1571|437|1960,category-only,3,category:1960
2023,14/11/2023,Liberia,Presidential Run-off,20571,post,27/10/2024,27/10/2024,348,"gay wedding report in liberia’s methodist church, false",https://dubawa.org/gay-wedding-report-in-liberias-methodist-church-false/,1571|210|435|1960,category-only,5,category:1960; title:liberia
2023,14/11/2023,Liberia,Presidential Run-off,20383,post,07/10/2024,07/10/2024,328,jzyno is not the first liberian to win a youtube silver plaque,https://dubawa.org/jzyno-is-not-the-first-liberian-to-win-a-youtube-silver-plaque/,1571|3812|3815|1960,category-only,5,category:1960; title:liberia
2023,14/11/2023,Liberia,Presidential Run-off,20289,post,30/09/2024,30/09/2024,321,misleading! more than 100 people died from covid in liberia,https://dubawa.org/misleading-more-than-100-people-died-from-covid-in-liberia/,121|210|435|1571|4|1960,category-only,5,category:1960; title:liberia
2023,14/11/2023,Liberia,Presidential Run-off,20225,post,25/09/2024,25/09/2024,316,true! ministry mandates employees to welcome president boakai at ria,https://dubawa.org/true-ministry-mandates-employees-to-welcome-president-boakai-at-ria/,1571|435|437|4|3812|3815|1960,category-only,10,category:1960; body:liberia; body:george weah; body:weah; body:joseph boakai; title:boakai; body:unity party
2023,14/11/2023,Liberia,Presidential Run-off,20222,post,25/09/2024,25/09/2024,316,false! chief justice youh didn t dismiss associate justice caeineh clinton johnson,https://dubawa.org/image-of-chief-justice-youh-and-associate-justice-johnson/,437|210|435|1571|4|3812|3815|1960,category-only,7,category:1960; body:liberia; body:joseph boakai; body:boakai; body:unity party
2023,14/11/2023,Liberia,Presidential Run-off,20215,post,25/09/2024,16/12/2024,316,false! 23-year-old boy did not impregnate sister in rivercess,https://dubawa.org/false-23-year-old-boy-impregnated-sister-in-rivercess/,1571|435|437|4|3815|1960,category-only,4,category:1960; body:liberia
2023,14/11/2023,Liberia,Presidential Run-off,20082,post,20/09/2024,20/09/2024,311,misleading! liberia has not secured 3.1 billion dollars from the china-africa summit,https://dubawa.org/misleading-liberia-has-not-secured-3-1-billion-dollars-from-the-china-africa-summit/,1571|120|4|3812|3815|1960,category-only,5,category:1960; title:liberia
2023,14/11/2023,Liberia,Presidential Run-off,19892,post,02/09/2024,02/09/2024,293,false! ex-liberian president george weah established assets investigation team,https://dubawa.org/false-ex-liberian-president-george-weah-established-assets-investigation-team/,1571|4|3815|1960,category-only,10,category:1960; title:liberia; title:george weah; title:weah; body:boakai
2023,14/11/2023,Liberia,Presidential Run-off,19872,post,30/08/2024,30/08/2024,290,"misleading, the u.s. embassy will process visas after august 16",https://dubawa.org/misleading-the-u-s-embassy-will-process-visas-after-august-16/,1571|120|4|3812|1960,category-only,5,category:1960; body:liberia; body:monrovia
2023,14/11/2023,Liberia,Presidential Run-off,19862,post,28/08/2024,28/08/2024,288,misleading! 60% of liberians do not practice open defecation,https://dubawa.org/misleading-60-of-liberians-do-not-practice-open-defecation/,123|435|1571|4|3812|121|3815|1960,category-only,6,category:1960; title:liberia; body:monrovia
2023,14/11/2023,Liberia,Presidential Run-off,19810,post,25/08/2024,09/09/2024,285,"viral video of george weah’s financial mobile app, fabricated",https://dubawa.org/viral-video-of-george-weahs-financial-mobile-app-fabricated/,1572|1571|3812|3815|1960|16,category-only,8,category:1960; body:liberia; title:george weah; title:weah
2023,14/11/2023,Liberia,Presidential Run-off,19685,post,16/08/2024,16/08/2024,276,"false! amos tweh did not buy oilers fc bus for $165,000",https://dubawa.org/false-amos-tweh-did-not-buy-oilers-fc-bus-for-165000/,1960|120|1571|4|3815,category-only,4,category:1960; body:liberia
2023,14/11/2023,Liberia,Presidential Run-off,19682,post,16/08/2024,16/08/2024,276,false! russian embassy in ghana doesn’t refund fees to unsuccessful applicants,https://dubawa.org/false-russian-embassy-in-ghana-doesnt-refund-fees-to-unsuccessful-applicants/,1571|437|3815|1960,category-only,4,category:1960; body:liberia
2023,14/11/2023,Liberia,Presidential Run-off,19625,post,08/08/2024,08/08/2024,268,misleading! the army chief of staff did not shoot anyone in west point,https://dubawa.org/misleading-the-army-chief-of-staff-did-not-shoot-anyone-in-west-point/,1571|3815|1960,category-only,5,category:1960; body:liberia; body:boakai
2023,14/11/2023,Liberia,Presidential Run-off,19537,post,31/07/2024,31/07/2024,260,"image of boy carrying diamond, al-generated",https://dubawa.org/image-of-boy-carrying-diamond-al-generated/,123|437|1571|4|3812|1960,category-only,5,category:1960; body:liberia; body:nimba
2023,14/11/2023,Liberia,Presidential Run-off,19526,post,31/07/2024,31/07/2024,260,us envoy boycotts liberia’s independence celebration over radical speech,https://dubawa.org/us-envoy-boycotts-liberias-independence-celebration-over-radical-speech/,1572|4|3812|1960|16,category-only,8,category:1960; title:liberia; body:monrovia; body:joseph boakai; body:boakai
2023,14/11/2023,Liberia,Presidential Run-off,19486,post,27/07/2024,27/07/2024,256,"false! liberia’s senate pro-tempore’s 2024 fuel budget, not $17,000",https://dubawa.org/false-liberias-senate-pro-tempores-2024-fuel-budget-not-17000/,1571|435|120|4|1960|16,category-only,5,category:1960; title:liberia
2023,14/11/2023,Liberia,Presidential Run-off,19434,post,22/07/2024,22/07/2024,251,president boakai did not announce the arrival of 15 aeroplanes and15 ships,https://dubawa.org/president-boakai-did-not-announce-the-arrival-of-15-aeroplanes-and15-ships/,1571|1960|16,category-only,7,category:1960; body:liberia; body:joseph boakai; title:boakai
2023,14/11/2023,Liberia,Presidential Run-off,19431,post,22/07/2024,22/07/2024,251,misleading! viral image of boy with multiple gunshot wounds not from liberia,https://dubawa.org/misleading-viral-image-of-boy-with-multiple-gunshot-wounds-not-from-liberia/,1571|4|1960|119,category-only,5,category:1960; title:liberia
2023,14/11/2023,Liberia,Presidential Run-off,19401,post,19/07/2024,19/07/2024,248,"lonestar mtn, orange not fined for poor data and voice call quality",https://dubawa.org/lonestar-mtn-orange-not-fined-for-poor-data-and-voice-call-quality/,1571|4|3812|1960,category-only,4,category:1960; body:liberia
2023,14/11/2023,Liberia,Presidential Run-off,19392,post,18/07/2024,18/07/2024,247,image of old-looking baby ai-generated,https://dubawa.org/image-of-old-looking-baby-ai-generated/,1571|1960|16,category-only,5,category:1960; body:liberia; body:nimba
2023,14/11/2023,Liberia,Presidential Run-off,19362,post,16/07/2024,16/07/2024,245,true! university of liberia’s budget didn’t cross $20 million during president weah’s tenure,https://dubawa.org/true-university-of-liberias-budget-didnt-cross-20-million-during-president-weahs-tenure/,1571|1960|16,category-only,9,category:1960; title:liberia; body:george weah; title:weah; body:boakai
2023,14/11/2023,Liberia,Presidential Run-off,19284,post,05/07/2024,05/07/2024,234,"npa under weah contributed us$9m not us$4m, to national budget",https://dubawa.org/npa-under-weah-contributed-us9m-not-us4m-to-national-budget/,123|1571|1960|16,category-only,7,category:1960; body:liberia; body:george weah; title:weah
2023,14/11/2023,Liberia,Presidential Run-off,19200,post,27/06/2024,27/06/2024,226,"false! no death recorded at liberia returnee camp, cari",https://dubawa.org/false-no-death-recorded-at-liberia-returnee-camp-cari/,1571|120|1960|119,category-only,6,category:1960; title:liberia; body:nimba
2023,14/11/2023,Liberia,Presidential Run-off,19197,post,27/06/2024,27/06/2024,226,false! liberia government has not imported earth-moving machines,https://dubawa.org/false-liberia-government-has-not-imported-earth-moving-machines/,1960|120|1571|3815,category-only,8,category:1960; title:liberia; body:monrovia; body:joseph boakai; body:boakai
2023,14/11/2023,Liberia,Presidential Run-off,19194,post,27/06/2024,27/06/2024,226,"false! madam cecelia clarke, not liberia police’s first female spokesperson",https://dubawa.org/false-madam-cecelia-clarke-not-liberia-polices-first-female-spokesperson/,1960|1571|3815,category-only,5,category:1960; title:liberia
2023,14/11/2023,Liberia,Presidential Run-off,19156,post,25/06/2024,25/06/2024,224,former chief justice gloria musu-scott and the compassionate leave conundrum: what you need to know,https://dubawa.org/former-chief-justice-gloria-musu-scott-and-the-compassionate-leave-conundrum-what-you-need-to-know/,1572|4|1960|123|16,category-only,7,category:1960; body:liberia; body:monrovia; body:george weah; body:weah
2023,14/11/2023,Liberia,Presidential Run-off,19116,post,21/06/2024,21/06/2024,220,no evidence senator abraham dillon was sharing food at korea-africa summit,https://dubawa.org/no-evidence-senator-abraham-dillon-was-sharing-food-at-korea-africa-summit/,1960|437|1571|4|3815|16,category-only,6,category:1960; body:liberia; body:joseph boakai; body:boakai
2023,14/11/2023,Liberia,Presidential Run-off,18963,post,04/06/2024,04/06/2024,203,dubawa trains non-urban journalists in liberia with support from google news initiative,https://dubawa.org/dubawa-trains-non-urban-journalists-in-liberia-with-support-from-google-news-initiative/,440|435|3815|1960|1688|1576,category-only,6,category:1960; title:liberia; body:monrovia
2023,14/11/2023,Liberia,Presidential Run-off,18944,post,03/06/2024,03/06/2024,202,government has not replaced  trained doctors with “unity party doctors” at jfk hospital,https://dubawa.org/government-has-not-replaced-trained-doctors-with-unity-party-doctors-at-jfk-hospital/,1571|437|1960|16,category-only,9,category:1960; body:liberia; body:monrovia; body:weah; body:boakai; title:unity party
2023,14/11/2023,Liberia,Presidential Run-off,18857,post,29/05/2024,29/05/2024,197,son of liberia’s president has not imported ‘zombie’ drug into liberia,https://dubawa.org/son-of-liberias-president-has-not-imported-zombie-drug-into-liberia/,1571|437|4|3812|121|3815|1960|16,category-only,7,category:1960; title:liberia; body:joseph boakai; body:boakai
2023,14/11/2023,Liberia,Presidential Run-off,18850,post,28/05/2024,28/05/2024,196,"shine liberia’s report on president weah’s absence at unification day celebration, misleading",https://dubawa.org/shine-liberias-report-on-president-weahs-absence-at-unification-day-celebration-misleading/,1571|437|4|3812|3815|1960|16,category-only,8,category:1960; title:liberia; body:george weah; title:weah
2023,14/11/2023,Liberia,Presidential Run-off,18785,post,22/05/2024,22/05/2024,190,no evidence mark zuckerberg warns facebook users not to screenshot chats,https://dubawa.org/no-evidence-mark-zuckerberg-warns-facebook-users-not-to-screenshot-chats/,1571|437|4|3812|1960,category-only,4,category:1960; body:liberia
2023,14/11/2023,Liberia,Presidential Run-off,18746,post,20/05/2024,20/05/2024,188,false! musician jzyno doesn’t own 2024 tesla car,https://dubawa.org/false-musician-jzyno-doesnt-own-2024-tesla-car/,3812|3815|1960,category-only,4,category:1960; body:liberia
2023,14/11/2023,Liberia,Presidential Run-off,18672,post,14/05/2024,14/05/2024,182,"false! the incident of man cutting off wife’s hand, happened in nigeria, not liberia",https://dubawa.org/false-the-incident-of-man-cutting-off-wifes-hand-happened-in-nigeria-not-liberia/,1571|4|1960|16,category-only,5,category:1960; title:liberia
2023,14/11/2023,Liberia,Presidential Run-off,18480,post,01/05/2024,01/05/2024,169,òtítọ́ ni! àwọn ọkùnrin làìbéríà wà lára àwọn tó kúrú jùlọ lágbàáyé,https://dubawa.org/otito-ni-awon-okunrin-laiberia-wa-lara-awon-to-kuru-julo-lagbaaye/,437|1571|1960|123|2450,category-only,4,category:1960; body:liberia
2023,14/11/2023,Liberia,Presidential Run-off,18397,post,24/04/2024,24/04/2024,162,false! liberian artist jzyno did not buy $50m mansion in nigeria,https://dubawa.org/false-liberian-artist-jzyno-did-not-buy-50m-mansion-in-nigeria/,1571|1960|1688,category-only,5,category:1960; title:liberia
2023,14/11/2023,Liberia,Presidential Run-off,18328,post,19/04/2024,19/04/2024,157,president boakai didn’t promise $5k each to lonestar players in afcon qualifiers,https://dubawa.org/president-boakai-didnt-promise-5k-each-to-lonestar-players-in-afcon-qualifiers/,437|1571|4|3812|3815|1960|16,category-only,7,category:1960; body:liberia; body:joseph boakai; title:boakai
2023,14/11/2023,Liberia,Presidential Run-off,18286,post,17/04/2024,17/04/2024,155,"purported meta ban on use of offensive words on facebook, false",https://dubawa.org/purported-meta-ban-on-use-of-offensive-words-on-facebook-false/,437|1571|3815|1960,category-only,4,category:1960; body:liberia
2023,14/11/2023,Liberia,Presidential Run-off,18216,post,12/04/2024,15/04/2024,150,"misleading, president boakai has not appointed emma metieh glassco",https://dubawa.org/misleading-president-boakai-has-not-appointed-emma-metieh-glassco/,437|1571|3815|1960|16,category-only,9,category:1960; body:liberia; body:george weah; body:weah; title:boakai; body:unity party
2023,14/11/2023,Liberia,Presidential Run-off,18157,post,08/04/2024,08/04/2024,146,false! liberian drug kingpin original japan still in custody,https://dubawa.org/false-liberian-drug-kingpin-original-japan-still-in-custody/,1571|4|3812|121|3815|1960,category-only,7,category:1960; title:liberia; body:monrovia; body:boakai
2023,14/11/2023,Liberia,Presidential Run-off,17966,post,28/03/2024,28/03/2024,135,misleading: no evidence that npa managing director is linked to missing container of rice,https://dubawa.org/misleading-no-evidence-that-npa-managing-director-is-linked-to-missing-container-of-rice/,120|437|1571|3815|1960,category-only,7,category:1960; body:liberia; body:monrovia; body:weah; body:boakai
2023,14/11/2023,Liberia,Presidential Run-off,17963,post,28/03/2024,28/03/2024,135,false! pregnant teenage orphan did not give birth in bong county,https://dubawa.org/false-pregnant-teenage-orphan-did-not-give-birth-in-bong-county/,437|1571|121|3815|1960,category-only,4,category:1960; body:liberia
2023,14/11/2023,Liberia,Presidential Run-off,17911,post,26/03/2024,26/03/2024,133,false! burna boy didn’t urge liberians to attend vocational training,https://dubawa.org/false-burna-boy-didnt-urge-liberians-to-attend-vocational-training/,1571|3812|3815|1960,category-only,5,category:1960; title:liberia
2023,14/11/2023,Liberia,Presidential Run-off,17805,post,23/03/2024,23/03/2024,130,fake; eswatini did not call for applications for new citizens over scarcity of men!,https://dubawa.org/fake-eswatini-did-not-call-for-applications-for-new-citizens-over-scarcity-of-men/,437|1571|3815|1960,category-only,4,category:1960; body:liberia
2023,14/11/2023,Liberia,Presidential Run-off,17674,post,12/03/2024,12/03/2024,119,"false! kehkeh, not liberia’s new police vehicle",https://dubawa.org/false-kehkeh-not-liberias-new-police-vehicle/,437|1571|4|3815|1960|119,category-only,7,category:1960; title:liberia; body:joseph boakai; body:boakai
2023,14/11/2023,Liberia,Presidential Run-off,17581,post,27/02/2024,27/02/2024,105,protests rock president boakai’s government,https://dubawa.org/protests-rock-president-boakais-government/,1572|4|3812|3815|1960|1688|16,category-only,10,category:1960; body:liberia; body:monrovia; body:george weah; body:weah; body:joseph boakai; title:boakai
2023,14/11/2023,Liberia,Presidential Run-off,17538,post,21/02/2024,21/02/2024,99,false! the university of liberia has not changed free tuition policy,https://dubawa.org/false-the-university-of-liberia-has-not-changed-free-tuition-policy/,437|1571|4|3812|3815|1960|1688|16,category-only,9,category:1960; title:liberia; body:george weah; body:weah; body:boakai; body:unity party
2023,14/11/2023,Liberia,Presidential Run-off,17481,post,14/02/2024,14/02/2024,92,"independent probe’s news report about fuel price hike, false",https://dubawa.org/independent-probes-news-report-about-fuel-price-hike-false/,120|1571|4|3812|3815|1960|1688|16,category-only,6,category:1960; body:liberia; body:joseph boakai; body:boakai
2023,14/11/2023,Liberia,Presidential Run-off,17272,post,23/01/2024,23/01/2024,70,"martin kollie’s claim wolokolie not certified public accountant, false",https://dubawa.org/martin-kollies-claim-wolokolie-not-certified-public-accountant-false/,437|1571|3815|1960,category-only,6,category:1960; body:liberia; body:monrovia; body:weah
2023,14/11/2023,Liberia,Presidential Run-off,16985,post,12/12/2023,12/12/2023,28,false; liberia’s $40 passport fee not second cheapest in west africa,https://dubawa.org/false-liberias-40-passport-fee-not-second-cheapest-in-west-africa/,3815|1960|16,category-only,5,category:1960; title:liberia
2023,14/11/2023,Liberia,Presidential Run-off,16036,post,23/09/2023,23/09/2023,-52,"lawmaker’s assertion on cotton tree public school and budgetary allocation, misleading",https://dubawa.org/lawmakers-assertion-on-cotton-tree-public-school-and-budgetary-allocation-misleading/,120|1571|3815|1960,category-only,4,category:1960; election:election|poll|legislative
2023,14/11/2023,Liberia,Presidential Run-off,16022,post,22/09/2023,22/09/2023,-53,week for truth 2023: call for volunteers,https://dubawa.org/week-for-truth-2023-call-for-volunteers/,423|3815|1960|1688|1268|2815,category-only,4,category:1960; body:liberia
2023,14/11/2023,Liberia,Presidential Run-off,15915,post,13/09/2023,13/09/2023,-62,journalists in west africa to benefit from comprehensive training initiative on digital verification and fact-checking,https://dubawa.org/journalists-in-west-africa-to-benefit-from-comprehensive-training-initiative-on-digital-verification-and-fact-checking/,1571|3812|3815|1960|1574|1688|1268,category-only,4,category:1960; body:liberia
2023,14/11/2023,Liberia,Presidential Run-off,15733,post,31/08/2023,31/08/2023,-75,true! liberia exported electricity to ivory coast for the first time in july,https://dubawa.org/true-liberia-exported-electricity-to-ivory-coast-for-the-first-time-in-july/,120|437|1571|3815|1960|1688,category-only,7,category:1960; title:liberia; body:monrovia; body:weah
2023,14/11/2023,Liberia,Presidential Run-off,15484,post,01/08/2023,03/08/2023,-105,misleading! mcgill and cllr. cephus were not sacked; they resigned,https://dubawa.org/misleading-mcgill-and-cllr-cephus-was-not-sacked-they-resigned/,1571|1960|16,category-only,5,category:1960; body:liberia; body:weah
2023,14/11/2023,Liberia,Presidential Run-off,14446,post,14/04/2023,14/04/2023,-214,inquirer newspaper managing editor’s statement that radio invention precedes newspaper is untrue!,https://dubawa.org/inquirer-newspaper-managing-editors-statement-that-radio-invention-precedes-newspaper-is-untrue/,1571|1960|123,category-only,5,category:1960; body:liberia; body:monrovia
2023,14/11/2023,Liberia,Presidential Run-off,14247,post,23/03/2023,23/03/2023,-236,liberia’s student politics and the government of the day,https://dubawa.org/liberias-student-politics-and-the-government-of-the-day/,1572|1960|123|1574,category-only,6,category:1960; title:liberia; body:weah
2023,14/11/2023,Liberia,Presidential Run-off,14228,post,22/03/2023,23/03/2023,-237,false! no evidence to support ritualistic claim against cdc chairman in charloe’s murder,https://dubawa.org/false-no-evidence-to-support-ritualistic-claim-against-cdc-chairman-in-charloes-murder/,1571|1960|123,category-only,7,category:1960; body:liberia; body:weah; body:boakai; body:unity party
2023,14/11/2023,Liberia,Presidential Run-off,13927,post,07/03/2023,07/03/2023,-252,"false! ame university, ame zion university presidents still at post",https://dubawa.org/false-ame-university-ame-zion-university-presidents-still-at-post/,437|1571|1960|123,category-only,5,category:1960; body:liberia; body:weah
2023,14/11/2023,Liberia,Presidential Run-off,13199,post,10/02/2023,21/02/2023,-277,"viral shell plc recruitment on whatsapp, false",https://dubawa.org/viral-shell-plc-recruitment-on-whatsapp-false/,1571|1960|123,category-only,3,category:1960
2023,14/11/2023,Liberia,Presidential Run-off,13145,post,06/02/2023,06/02/2023,-281,"in weah’s liberia:  doctor to patient ratio not 1 to 20,000",https://dubawa.org/in-weahs-liberia-doctor-to-patient-ratio-not-1-to-20000/,3136|1571|121|1960,category-only,8,category:1960; title:liberia; body:george weah; title:weah
2023,14/11/2023,Liberia,Presidential Run-off,13029,post,02/02/2023,02/02/2023,-285,australia visa and job application claim in viral whatsapp message false,https://dubawa.org/australia-visa-and-job-application-claim-in-viral-whatsapp-message-false/,1571|1960|123,category-only,4,category:1960; body:liberia
2023,14/11/2023,Liberia,Presidential Run-off,12681,post,05/12/2022,05/12/2022,-344,dubawa trains 21 fellows for kwame karikari fact-checking and research fellowship,https://dubawa.org/dubawa-trains-21-fellows-for-kwame-karikari-fact-checking-and-research-fellowship/,3136|1571|1960|123|1576|1268|2815,category-only,4,category:1960; body:liberia
2023,14/11/2023,Liberia,Presidential Run-off,12390,post,31/10/2022,31/10/2022,-379,false! weah never promised to implement war and economic crimes court at unga,https://dubawa.org/false-weah-never-promised-to-implement-war-and-economic-crimes-court-at-unga/,3136|1571|1960|16,category-only,8,category:1960; body:liberia; body:george weah; title:weah; body:unity party
2023,14/11/2023,Liberia,Presidential Run-off,12318,post,12/10/2022,12/10/2022,-398,false! public wage bill under former president ellen johnson sirleaf was never 70% of total expenditure,https://dubawa.org/false-public-wage-bill-under-former-president-ellen-johnson-sirleaf-was-never-70-of-total-expenditure/,120|1571|1960,category-only,6,category:1960; body:liberia; body:weah; body:unity party
2023,14/11/2023,Liberia,Presidential Run-off,11833,post,27/06/2022,27/06/2022,-505,ifcn launches legal support fund for fact-checkers facing harassment,https://dubawa.org/ifcn-launches-legal-support-fund-for-fact-checkers-facing-harassment/,1960|1688,category-only,3,category:1960
2023,14/11/2023,Liberia,Presidential Run-off,9559,post,28/09/2021,28/09/2021,-777,the law that changed liberia’s ugly handling of speech offense: kamara abdullah kamara act of press freedom explained,https://dubawa.org/the-law-that-changed-liberias-ugly-handling-of-speech-offense-kamara-abdullah-kamara-act-of-press-freedom-explained/,1572|4|1960,category-only,8,category:1960; title:liberia; body:monrovia; body:george weah; body:weah
2023,14/11/2023,Liberia,Presidential Run-off,9435,post,21/09/2021,21/09/2021,-784,scam! glo is not giving out 20gb data to customers as 18th anniversary celebration gifts!,https://dubawa.org/scam-glo-is-not-giving-out-20gb-data-to-customers-as-18th-anniversary-celebration-gifts/,1571|1960,category-only,4,category:1960; body:liberia
2023,14/11/2023,Liberia,Presidential Run-off,9343,post,10/09/2021,05/05/2022,-795,did 82% of liberians agree to transitional justice?,https://dubawa.org/did-82-of-liberians-agree-to-transitional-justice/,1571|1960|16,category-only,7,category:1960; title:liberia; body:george weah; body:weah
2023,14/11/2023,Liberia,Presidential Run-off,9316,post,08/09/2021,08/09/2021,-797,scam alert: coca cola is not running a survey,https://dubawa.org/scam-alert-coca-cola-is-not-running-a-survey/,1571|1960,category-only,4,category:1960; body:liberia
2023,14/11/2023,Liberia,Presidential Run-off,9072,post,19/08/2021,05/05/2022,-817,"false: photo of a 10-year old girl giving birth to a girl child did not happen in lofa county, liberia",https://dubawa.org/false-photo-of-a-10-year-old-girl-giving-birth-to-a-girl-child-did-not-happen-in-lofa-county-liberia/,437|1571|1960,category-only,6,category:1960; title:liberia; body:monrovia
2023,14/11/2023,Liberia,Presidential Run-off,8992,post,10/08/2021,05/05/2022,-826,false! university of western australia not offering ‘scholarship’ as claimed in viral whatsapp message,https://dubawa.org/false-university-of-western-australia-not-offering-scholarship-as-claimed-in-viral-whatsapp-message/,1571|1960,category-only,3,category:1960
2023,14/11/2023,Liberia,Presidential Run-off,8991,post,10/08/2021,05/05/2022,-826,liberia’s freedom of information law explained,https://dubawa.org/liberias-freedom-of-information-law-explained/,1572|4|1960,category-only,5,category:1960; title:liberia
2023,14/11/2023,Liberia,Presidential Run-off,8859,post,30/07/2021,30/07/2021,-837,"false: sim swap fraud alert message impossible, not from uba liberia",https://dubawa.org/false-sim-swap-fraud-alert-message-impossible-not-from-uba-liberia/,1571|4|1960,category-only,5,category:1960; title:liberia
2023,14/11/2023,Liberia,Presidential Run-off,8851,post,28/07/2021,28/07/2021,-839,dubawa’s fact-checking training holds in liberia,https://dubawa.org/dubawas-fact-checking-training-holds-in-liberia/,4|1960|1576,category-only,7,category:1960; title:liberia; body:monrovia; body:boakai
2023,14/11/2023,Liberia,Presidential Run-off,8404,post,28/06/2021,28/06/2021,-869,"suggestions that astrazeneca vaccine is causing covid infections, false!",https://dubawa.org/suggestions-that-astrazeneca-vaccine-is-causing-covid-infections-false/,1571|4|121|1960,category-only,4,category:1960; body:liberia
2023,14/11/2023,Liberia,Presidential Run-off,8330,post,22/06/2021,23/06/2021,-875,debunked: viral false claims following the demise of tb joshua,https://dubawa.org/debunked-viral-false-claims-following-the-demise-of-tb-joshua/,1571|1960|123,category-only,3,category:1960
2023,14/11/2023,Liberia,Presidential Run-off,8319,post,22/06/2021,23/06/2021,-875,no! gun woman standing by charles taylor’s ex-wife not senator kanger lawrence,https://dubawa.org/no-gun-woman-standing-by-charles-taylors-ex-wife-not-senator-kanger-lawrence/,1571|4|1960,category-only,5,category:1960; body:liberia; body:nimba
2023,14/11/2023,Liberia,Presidential Run-off,8214,post,15/06/2021,17/06/2021,-882,fact-checking senator brown’s claim that no president has moved into liberia’s executive mansion since the killing of president william r. tolbert,https://dubawa.org/fact-checking-senator-browns-claim-that-no-president-has-moved-into-liberias-executive-mansion-since-the-killing-of-president-william-r-tolbert/,1571|4|1960|16,category-only,7,category:1960; title:liberia; body:monrovia; body:weah
2024,24/03/2024,Senegal,Presidential,18270,post,17/04/2024,17/04/2024,24,kalubale da mata ke fuskanta masu alaka da lafiyarsu,https://dubawa.org/kalubale-da-mata-ke-fuskanta-masu-alaka-da-lafiyarsu/,3137|1572|2451|121,window,1,body:dakar
2024,24/03/2024,Senegal,Presidential,18280,post,17/04/2024,17/04/2024,24,old agreement report used to portray nigeria-russia electricity deal,https://dubawa.org/old-agreement-report-used-to-portray-nigeria-russia-electricity-deal/,437|1571|3812|3815|123,window,1,election:presidential
2024,24/03/2024,Senegal,Presidential,18267,post,15/04/2024,15/04/2024,22,false! no dead body found behind liberia’s president residence,https://dubawa.org/false-no-dead-body-found-behind-liberias-president-residence/,437|1571|3812|3815|1960|16,window,1,election:presidential
2024,24/03/2024,Senegal,Presidential,18262,post,15/04/2024,15/04/2024,22,"viral image depicting jesus appearing in sky, ai-generated",https://dubawa.org/viral-image-depicting-jesus-appearing-in-sky-ai-generated/,1571|3812|3815|123,window,1,body:sonko
2024,24/03/2024,Senegal,Presidential,18227,post,15/04/2024,15/04/2024,22,misleading image used to depict crisis in congo,https://dubawa.org/misleading-image-used-to-depict-crisis-in-congo/,1571|3812|3815|119,window,2,body:cena; election:election|presidential
2024,24/03/2024,Senegal,Presidential,18202,post,12/04/2024,12/04/2024,19,deep fake clip implies president tinubu s endorsement of fuel price reduction,https://dubawa.org/deep-fake-clip-implies-president-tinubus-endorsement-of-fuel-price-reduction/,1571|3812|3815,window,2,body:cena; election:candidate
2024,24/03/2024,Senegal,Presidential,18200,post,11/04/2024,11/04/2024,18,dabarun sauya hoto aka yi ya nuna peter obi na durkusawa shugaba bola ahmed tinubu,https://dubawa.org/dabarun-sauya-hoto-aka-yi-ya-nuna-peter-obi-na-durkusawa-shugaba-bola-ahmed-tinubu/,3137|2451,window,1,election:election|presidential
2024,24/03/2024,Senegal,Presidential,18108,post,04/04/2024,04/04/2024,11,explainer: requirements for mayor appointment in liberia,https://dubawa.org/explainer-requirements-for-mayor-appointment-in-liberia/,210|435|1572|4|3812|3815|1960|16,window,1,election:election|candidate|legislative
2024,24/03/2024,Senegal,Presidential,18098,post,04/04/2024,04/04/2024,11,da gaske ne dan ta’addar nan dogo gide ya mutu?abin da muka sani game da rawar da ya taka a garkuwa da daliban kuriga,https://dubawa.org/da-gaske-ne-dan-taaddar-nan-dogo-gide-ya-mutuabin-da-muka-sani-game-da-rawar-da-ya-taka-a-garkuwa-da-daliban-kuriga/,3137|2451,window,1,body:dakar
2024,24/03/2024,Senegal,Presidential,18088,post,03/04/2024,03/04/2024,10,manipulated image used to depict peter obi bowing before president bola ahmed tinubu,https://dubawa.org/manipulated-image-used-to-depict-peter-obi-bowing-before-president-bola-ahmed-tinubu/,1571|3812|3815|16,window,1,election:election|presidential
2024,24/03/2024,Senegal,Presidential,18084,post,03/04/2024,03/04/2024,10,miss universe denies reports of saudi arabia’s participation in 2024 pageant,https://dubawa.org/miss-universe-denies-reports-of-saudi-arabias-participation-in-2024-pageant/,1571|3812|3815|123|1688,window,1,election:election
2024,24/03/2024,Senegal,Presidential,18059,post,02/04/2024,02/04/2024,9,mai amfani da shafin facebook ya wallafa wani hoton da aka gyara ya na da’awar wai wani mutun mai kai biyu ya iso najeriya,https://dubawa.org/mai-amfani-da-shafin-facebook-ya-wallafa-wani-hoton-da-aka-gyara-ya-na-daawar-wai-wani-mutun-mai-kai-biyu-ya-iso-najeriya/,3137|2451,window,1,body:dakar
2024,24/03/2024,Senegal,Presidential,18043,post,31/03/2024,31/03/2024,7,is terrorist dogo gide dead? what we know about his role in kuriga abduction,https://dubawa.org/is-terrorist-dogo-gide-dead-what-we-know-about-his-role-in-kuriga-abduction/,1572|4,window,1,election:presidential
2024,24/03/2024,Senegal,Presidential,18039,post,30/03/2024,30/03/2024,6,repressive gender-based myths and misinformation in communities that limit women,https://dubawa.org/repressive-gender-based-myths-and-misinformation-in-communities-that-limit-women/,1572|121|123,window,1,body:senegal
2024,24/03/2024,Senegal,Presidential,17995,post,30/03/2024,31/03/2024,6,true! 11 notable banks in nigeria have female mds/ceos,https://dubawa.org/true-11-notable-banks-in-nigeria-have-female-mds-ceos/,437|1571|3815|123,window,1,election:election
2024,24/03/2024,Senegal,Presidential,18018,post,30/03/2024,30/03/2024,6,"liberia’s war,  economic crimes court, and matters arising.",https://dubawa.org/liberias-war-economic-crimes-court-and-matters-arising/,210|435|120|1572|4|3812|3815,window,1,election:election|candidate|presidential
2024,24/03/2024,Senegal,Presidential,17977,post,28/03/2024,29/03/2024,4,false! nokia 3310 does not contain gold,https://dubawa.org/false-nokia-3310-does-not-contain-gold/,437|1571|3815|123,window,1,election:election
2024,24/03/2024,Senegal,Presidential,17937,post,27/03/2024,27/03/2024,3,is threat to impeach president boakai grounded in law?,https://dubawa.org/is-threat-to-impeach-president-boakai-grounded-in-law/,435|1572|3815|1960|16,window,1,election:presidential
2024,24/03/2024,Senegal,Presidential,17833,post,23/03/2024,23/03/2024,-1,no evidence former president george weah was a rebel!,https://dubawa.org/no-evidence-former-president-george-weah-was-a-rebel/,1571|3815|1960|16,window,1,election:vote
2024,24/03/2024,Senegal,Presidential,17802,post,23/03/2024,23/03/2024,-1,500 igbo officers did not resign from nigerian military,https://dubawa.org/500-igbo-officers-did-not-resign-from-nigerian-military/,437|1571|3812|3815|119,window,1,election:vote
2024,24/03/2024,Senegal,Presidential,17760,post,21/03/2024,21/03/2024,-3,"false! government ict training for 10,000 youth has not commenced",https://dubawa.org/false-government-ict-training-for-10000-youth-has-not-commenced/,1571|4|3815|1960|16,window,1,election:presidential
2024,24/03/2024,Senegal,Presidential,17724,post,18/03/2024,18/03/2024,-6,"claim enugu boy fabricated bomb, false",https://dubawa.org/claim-enugu-boy-fabricated-bomb-false/,437|1571|4|3812|3815|123,window,1,election:parliament
2024,24/03/2024,Senegal,Presidential,17717,post,18/03/2024,18/03/2024,-6,"decriminalizing fgm in the gambia: the law, culture and rights of women",https://dubawa.org/decriminalizing-fgm-in-the-gambia-the-law-culture-and-rights-of-women/,1572|4|3812|121|3815|2815,window,1,election:parliament
2024,24/03/2024,Senegal,Presidential,17660,post,11/03/2024,11/03/2024,-13,baby cord blood banking: all you need to know about this “biological insurance”,https://dubawa.org/baby-cord-blood-banking-all-you-need-to-know-about-this-biological-insurance/,1572|3812|121|3815|1574,window,1,election:poll
2024,24/03/2024,Senegal,Presidential,17651,post,11/03/2024,11/03/2024,-13,"how true is x user’s post, consuming seedless fruits dangerous?",https://dubawa.org/how-true-is-x-users-post-consuming-seedless-fruits-dangerous/,1571|3812|121|3815,window,1,election:poll
2024,24/03/2024,Senegal,Presidential,17635,post,08/03/2024,08/03/2024,-16,"mata ke rike da rabin sararin sama, amma bayanai marasa gaskiya kan banbancin jinsi na mayar da su baya",https://dubawa.org/mata-ke-rike-da-rabin-sararin-sama-amma-bayanai-marasa-gaskiya-kan-banbancin-jinsi-na-mayar-da-su-baya/,3137|2451,window,1,body:dakar
2024,24/03/2024,Senegal,Presidential,17625,post,08/03/2024,08/03/2024,-16,"women hold half the sky, but gendered disinformation weighs them down",https://dubawa.org/women-hold-half-the-sky-but-gendered-disinformation-weighs-them-down/,1571|3812|3815|123|1574,window,1,election:candidate
2024,24/03/2024,Senegal,Presidential,17614,post,07/03/2024,31/03/2024,-17,akufo-addo never reported boakai to ecowas parliament over unannounced visits,https://dubawa.org/akufo-addo-never-reported-boakai-to-ecowas-parliament-over-unannounced-visits/,437|1571|3815|1960|16,window,1,election:parliament
2024,24/03/2024,Senegal,Presidential,17609,post,07/03/2024,07/03/2024,-17,shin yin jima’i sau 21 a wata guda na kawar da matsalolin da suka shafi mafitsara?,https://dubawa.org/shin-yin-jimai-sau-21-a-wata-guda-na-kawar-da-matsalolin-da-suka-shafi-mafitsara/,3137|2451,window,1,body:dakar
2024,24/03/2024,Senegal,Presidential,17607,post,07/03/2024,07/03/2024,-17,bidiyon karya da yayi shuhura cewa mutanen da aka yi wa rigakafi sun zama haja ya sake bayyana whatsapp,https://dubawa.org/bidiyon-karya-da-yayi-shuhura-cewa-mutanen-da-aka-yi-wa-rigakafi-sun-zama-haja-ya-sake-bayyana-whatsapp/,3137|2451,window,1,body:dakar
2024,24/03/2024,Senegal,Presidential,17577,post,27/02/2024,27/02/2024,-26,misleading! video depicting protest in ilorin not recent,https://dubawa.org/misleading-video-depicting-protest-in-ilorin-not-recent/,437|1571|3812|3815|123,window,1,election:election
2024,24/03/2024,Senegal,Presidential,17535,post,21/02/2024,21/02/2024,-32,"old images depicting seizure of weapons from nigerian police, false",https://dubawa.org/old-images-depicting-seizure-of-weapons-from-nigerian-police-false/,437|1571|3812|3815,window,1,election:referendum
2024,24/03/2024,Senegal,Presidential,17510,post,18/02/2024,19/02/2024,-35,false! pictures of ghana’s roads used to represent the gambia,https://dubawa.org/false-pictures-of-ghanas-roads-used-to-represent-the-gambia/,120|437|1571|4|3815|16|2815,window,1,election:election
2024,24/03/2024,Senegal,Presidential,17506,post,16/02/2024,16/02/2024,-37,"goalkeeper allegedly wearing ‘charm’ in viral image, not ivorian footballer",https://dubawa.org/goalkeeper-allegedly-wearing-charm-in-viral-image-not-ivorian-footballer/,437|1571|3812|3815|3705,window,2,body:senegal; body:dakar
2024,24/03/2024,Senegal,Presidential,17477,post,14/02/2024,14/02/2024,-39,facebook user share misleading footage to claim wigwe’s helicopter crash scene,https://dubawa.org/facebook-user-share-misleading-footage-to-claim-wigwes-helicopter-crash-scene/,437|1571|3812|3815|123,window,1,body:cena
2024,24/03/2024,Senegal,Presidential,17468,post,13/02/2024,13/02/2024,-40,the road ahead for sierra leone’s tripartite committee,https://dubawa.org/the-road-ahead-for-sierra-leones-tripartite-committee/,1572|4|3815|16|1268,window,1,election:election|vote|candidate
2024,24/03/2024,Senegal,Presidential,17452,post,12/02/2024,12/02/2024,-41,"the media, a virus or vaccine for correcting information disorder?",https://dubawa.org/the-media-a-virus-or-vaccine-for-correcting-information-disorder/,4|3812|3815|1145|1573|1268,window,2,body:cena; election:election|poll
2024,24/03/2024,Senegal,Presidential,31606,post,02/09/2026,02/09/2026,892,hydrocarbures : les prix de l’essence et du gasoil au sénégal ne sont pas les moins élevés d’afrique de l’ouest,https://dubawa.org/hydrocarbures-les-prix-de-lessence-et-du-gasoil-au-senegal-ne-sont-pas-les-moins-eleves-dafrique-de-louest/,4044,category-only,6,category:4044; title:senegal; body:dakar
2024,24/03/2024,Senegal,Presidential,30964,post,13/08/2026,13/08/2026,872,"non, le sénégal ne perçoit pas 25 francs cfa sur chaque million généré par le pétrole de sangomar",https://dubawa.org/non-le-senegal-ne-percoit-pas-25-francs-cfa-sur-chaque-million-genere-par-le-petrole-de-sangomar/,4044,category-only,7,category:4044; title:senegal; body:bassirou diomaye; body:diomaye faye
2024,24/03/2024,Senegal,Presidential,30847,post,10/08/2026,12/08/2026,869,"coupe d’afrique de football, un faux communiqué prétend dévoiler la décision du tribunal arbitral du sport (tas)",https://dubawa.org/coupe-dafrique-de-football-un-faux-communique-pretend-devoiler-la-decision-du-tribunal-arbitral-du-sport-tas/,4044,category-only,4,category:4044; election:élection
2024,24/03/2024,Senegal,Presidential,30839,post,10/08/2026,10/08/2026,869,haro sur le riz produit au sénégal suite à une désinformation sur la présence d’aflatoxine,https://dubawa.org/haro-sur-le-riz-produit-au-senegal-suite-a-une-desinformation-sur-la-presence-daflatoxine/,4044,category-only,6,category:4044; title:senegal; body:dakar
2024,24/03/2024,Senegal,Presidential,30541,post,24/07/2026,24/07/2026,852,la vidéo-verbalisation n’est pas encore opérationnelle au sénégal,https://dubawa.org/la-video-verbalisation-nest-pas-encore-operationnelle-au-senegal/,4044,category-only,5,category:4044; title:senegal
2024,24/03/2024,Senegal,Presidential,30318,post,13/07/2026,13/07/2026,841,le footballeur sadio mané n’a pas encore annoncé sa retraite internationale,https://dubawa.org/le-footballeur-sadio-mane-na-pas-encore-annonce-sa-retraite-internationale/,4044,category-only,4,category:4044; election:élection
2024,24/03/2024,Senegal,Presidential,29896,post,22/06/2026,22/06/2026,820,un communiqué attribué à tort à la fédération sénégalaise de football,https://dubawa.org/un-communique-attribue-a-tort-a-la-federation-senegalaise-de-football/,4044,category-only,5,category:4044; title:senegal
2024,24/03/2024,Senegal,Presidential,29809,post,19/06/2026,19/06/2026,817,sénégal : existe-t-il un classement officiel des meilleurs lutteurs ?,https://dubawa.org/senegal-existe-t-il-un-classement-officiel-des-meilleurs-lutteurs/,4044,category-only,5,category:4044; title:senegal
2024,24/03/2024,Senegal,Presidential,29375,post,30/05/2026,30/05/2026,797,les femmes ne représentent pas 70% de la population mondiale,https://dubawa.org/les-femmes-ne-representent-pas-70-de-la-population-mondiale/,4044,category-only,4,category:4044; body:dakar
2024,24/03/2024,Senegal,Presidential,29356,post,29/05/2026,29/05/2026,796,le sénégal n a pas accueilli 3 000 soldats américains,https://dubawa.org/le-senegal-na-pas-accueilli-3-000-soldats-americains/,4044|1571,category-only,5,category:4044; title:senegal
2024,24/03/2024,Senegal,Presidential,29141,post,18/05/2026,18/05/2026,785,les sénégalais s’inquiètent-ils réellement de la santé mentale de leur président ?,https://dubawa.org/les-senegalais-sinquietent-ils-reellement-de-la-sante-mentale-de-leur-president/,4044,category-only,8,category:4044; title:senegal; body:dakar; body:bassirou diomaye; body:diomaye faye
2024,24/03/2024,Senegal,Presidential,28535,post,08/04/2026,08/04/2026,745,le coran n’est pas intégré au programme scolaire officiel sénégalais,https://dubawa.org/le-coran-nest-pas-integre-au-programme-scolaire-officiel-senegalais/,4044,category-only,7,category:4044; title:senegal; body:bassirou diomaye; body:diomaye faye
2024,24/03/2024,Senegal,Presidential,28419,post,31/03/2026,31/03/2026,737,le sénégal est-il sommé de restituer son trophée de la can après la décision de la caf ?,https://dubawa.org/le-senegal-est-il-somme-de-restituer-son-trophee-de-la-can-apres-la-decision-de-la-caf/,4044,category-only,5,category:4044; title:senegal
2024,24/03/2024,Senegal,Presidential,28390,post,30/03/2026,30/03/2026,736,l’ia met en scène sadio mané en pèlerinage à la mecque,https://dubawa.org/lia-met-en-scene-sadio-mane-en-pelerinage-a-la-mecque/,4044,category-only,3,category:4044
2024,24/03/2024,Senegal,Presidential,28229,post,16/03/2026,16/03/2026,722,le sénégal menacé par l’iran?,https://dubawa.org/le-senegal-menace-par-liran/,4044,category-only,8,category:4044; title:senegal; body:dakar; body:bassirou diomaye; body:diomaye faye
2024,24/03/2024,Senegal,Presidential,27979,post,26/02/2026,26/02/2026,704,canular sur un prêt “ramadan” de 200 000 fcfa (environ 305 euros),https://dubawa.org/canular-sur-un-pret-ramadan-de-200-000-fcfa-environ-305-euros/,4044,category-only,3,category:4044
2024,24/03/2024,Senegal,Presidential,27969,post,26/02/2026,26/02/2026,704,aucune menace de guerre émise par le président du sénégal contre les etats-unis,https://dubawa.org/aucune-menace-de-guerre-emise-par-le-president-du-senegal-contre-les-etats-unis/,4044|1571,category-only,7,category:4044; title:senegal; body:bassirou diomaye; body:diomaye faye
2024,24/03/2024,Senegal,Presidential,27796,post,19/02/2026,19/02/2026,697,sénégal : une application de jeu fait miroiter des gains importants,https://dubawa.org/senegal-une-application-de-jeu-fait-miroiter-des-gains-importants/,4044,category-only,6,category:4044; title:senegal; body:dakar
2024,24/03/2024,Senegal,Presidential,27747,post,16/02/2026,16/02/2026,694,donald trump veut acheter le sénégal ?,https://dubawa.org/donald-trump-veut-acheter-le-senegal/,4044,category-only,5,category:4044; title:senegal
2024,24/03/2024,Senegal,Presidential,27201,post,11/01/2026,11/01/2026,658,infox : le coût et la taille de l’ambassade américaine à dakar largement exagérés,https://dubawa.org/infox-le-cout-et-la-taille-de-lambassade-americaine-a-dakar-largement-exageres/,4044|1571,category-only,5,category:4044; title:dakar
2024,24/03/2024,Senegal,Presidential,26318,post,25/11/2025,25/11/2025,611,"non, le sénégal n’est pas le pays le plus endetté d’afrique",https://dubawa.org/non-le-senegal-nest-pas-le-pays-le-plus-endette-dafrique/,4044|1571,category-only,5,category:4044; title:senegal
2024,24/03/2024,Senegal,Presidential,26312,post,25/11/2025,25/11/2025,611,"microfinance au sénégal : oui, l encours des crédits a augmenté de 4,5 % au premier trimestre 2025",https://dubawa.org/microfinance-au-senegal-oui-lencours-des-credits-a-augmente-de-45-au-premier-trimestre-2025/,4044|1571,category-only,5,category:4044; title:senegal
2024,24/03/2024,Senegal,Presidential,26301,post,25/11/2025,25/11/2025,611,sénégal : 71 % des élèves des classes de ci à la cm1 ne comprennent-ils pas la langue d’enseignement?,https://dubawa.org/senegal-71-des-eleves-des-classes-de-ci-a-la-cm1-ne-comprennent-ils-pas-la-langue-denseignement/,4044|1571,category-only,6,category:4044; title:senegal; body:dakar
2024,24/03/2024,Senegal,Presidential,25540,post,31/10/2025,31/10/2025,586,alphabétisation au sénégal : que disent vraiment les statistiques ?,https://dubawa.org/alphabetisation-au-senegal-que-disent-vraiment-les-statistiques/,4044|122|1571,category-only,5,category:4044; title:senegal
2024,24/03/2024,Senegal,Presidential,25238,post,22/10/2025,22/10/2025,577,de fausses images générées par ia montrent le footballeur sadio mané inaugurant un lycée avec mohamed salah,https://dubawa.org/de-fausses-images-generees-par-ia-montrent-le-footballeur-sadio-mane-inaugurant-un-lycee-avec-mohamed-salah/,4044|1571|3704,category-only,3,category:4044
2024,24/03/2024,Senegal,Presidential,25124,post,17/10/2025,17/10/2025,572,dette publique sénégalaise : le fmi confirme un misreporting,https://dubawa.org/dette-publique-senegalaise-le-fmi-confirme-un-misreporting/,4044|120|1571,category-only,7,category:4044; title:senegal; body:ousmane sonko; body:sonko
2024,24/03/2024,Senegal,Presidential,25102,post,16/10/2025,16/10/2025,571,sénégal : une vidéo manipulée sur le diabète attribuée à l’ex directeur du centre des opérations d’urgence sanitaire,https://dubawa.org/senegal-une-video-manipulee-sur-le-diabete-attribuee-a-lex-directeur-du-centre-des-operations-durgence-sanitaire/,4044|1571|121,category-only,5,category:4044; title:senegal
2024,24/03/2024,Senegal,Presidential,25040,post,14/10/2025,14/10/2025,569,"non, le budget de la primature du sénégal n’a pas baissé de 21,3 millions d euros en 2025",https://dubawa.org/non-le-budget-de-la-primature-du-senegal-na-pas-baisse-de-213-millions-deuros-en-2025/,4044|120|1571,category-only,5,category:4044; title:senegal
2024,24/03/2024,Senegal,Presidential,25021,post,13/10/2025,13/10/2025,568,un discours de 2022 de l’ancien président du sénégal à la tribune de l’onu présenté comme récent,https://dubawa.org/un-discours-de-2022-de-lancien-president-du-senegal-a-la-tribune-de-lonu-presente-comme-recent/,4044|1571,category-only,8,category:4044; title:senegal; body:bassirou diomaye; body:diomaye faye; body:macky sall
2024,24/03/2024,Senegal,Presidential,24855,post,06/10/2025,11/10/2025,561,sénégal : une croissance à deux chiffres portée par les hydrocarbures; tandis que l’économie réelle stagne,https://dubawa.org/senegal-une-croissance-a-deux-chiffres-portee-par-les-hydrocarbures-tandis-que-leconomie-reelle-stagne/,4044|120,category-only,5,category:4044; title:senegal
2024,24/03/2024,Senegal,Presidential,24468,post,16/09/2025,23/09/2025,541,"intox : il n existe aucun scandale de près de 8,9 milliards d’euros lié à des agents fictifs au sénégal",https://dubawa.org/intox-il-nexiste-aucun-scandale-de-pres-de-89-milliards-deuros-lie-a-des-agents-fictifs-au-senegal/,4044|1571,category-only,6,category:4044; title:senegal; body:macky sall
2024,24/03/2024,Senegal,Presidential,24317,post,09/09/2025,11/10/2025,534,carte de séjour : sénégalais et mauritaniens désormais soumis au même régime juridique,https://dubawa.org/senegalais-et-mauritaniens-desormais-soumis-au-meme-regime-juridique/,4044,category-only,6,category:4044; title:senegal; body:dakar
2024,24/03/2024,Senegal,Presidential,24251,post,02/09/2025,11/10/2025,527,sénégal : les données sur l’hépatite b sont basées sur des estimations et non sur un dépistage généralisé,https://dubawa.org/senegal-les-donnees-sur-lhepatite-b-sont-basees-sur-des-estimations-et-non-sur-un-depistage-generalise/,4044|1571,category-only,5,category:4044; title:senegal
2024,24/03/2024,Senegal,Presidential,23943,post,13/08/2025,13/08/2025,507,les recettes budgétaires au sénégal ont-elles connu une hausse de plus de 1750 milliards en un an ?,https://dubawa.org/les-recettes-budgetaires-au-senegal-ont-elles-connu-une-hausse-de-plus-de-1750-milliards-en-un-an/,4044,category-only,9,category:4044; title:senegal; body:ousmane sonko; body:sonko; body:macky sall; body:pastef
2024,24/03/2024,Senegal,Presidential,23932,post,13/08/2025,13/08/2025,507,nicolas jackson : une photo de 2018 présentée comme datant de 2013,https://dubawa.org/nicolas-jackson-une-photo-de-2018-presentee-comme-datant-de-2013/,4044,category-only,3,category:4044
2024,24/03/2024,Senegal,Presidential,23610,post,17/07/2025,17/07/2025,480,prétendu prêt de la côte d’ivoire au sénégal : une désinformation autour d’une opération financière classique,https://dubawa.org/pretendu-pret-de-la-cote-divoire-au-senegal-une-desinformation-autour-dune-operation-financiere-classique/,4044,category-only,5,category:4044; title:senegal
2024,24/03/2024,Senegal,Presidential,23551,post,10/07/2025,10/07/2025,473,sénégal : une arnaque autour d’une prétendue subvention présidentielle de près de 130 euros,https://dubawa.org/senegal-une-arnaque-autour-dune-pretendue-subvention-presidentielle-de-pres-de-130-euros/,4044,category-only,7,category:4044; title:senegal; body:bassirou diomaye; body:diomaye faye
2024,24/03/2024,Senegal,Presidential,23476,post,04/07/2025,04/07/2025,467,flux commerciaux sénégal-côte d’ivoire : les chiffres avancés par premier ministre sénégalais proches des données officielles,https://dubawa.org/flux-commerciaux-senegal-cote-divoire-les-chiffres-avances-par-premier-ministre-senegalais-proches-des-donnees-officielles-2/,4044,category-only,7,category:4044; title:senegal; body:ousmane sonko; body:sonko
2024,24/03/2024,Senegal,Presidential,23186,post,17/06/2025,17/06/2025,450,l’article 80 du code pénal faussement associé au délit d’offense au chef de l’état,https://dubawa.org/larticle-80-du-code-penal-faussement-associe-au-delit-doffense-au-chef-de-letat/,123|4044,category-only,10,category:4044; body:senegal; body:bassirou diomaye; body:diomaye faye; body:ousmane sonko; body:sonko; body:macky sall; body:pastef
2024,24/03/2024,Senegal,Presidential,23133,post,12/06/2025,12/06/2025,445,deux quotidiens sénégalais illustrent une récente manifestation contre l’homosexualité avec une image de 2021,https://dubawa.org/deux-quotidiens-senegalais-illustrent-une-recente-manifestation-contre-lhomosexualite-avec-une-image-de-2021/,4044,category-only,7,category:4044; title:senegal; body:dakar; body:pastef
2024,24/03/2024,Senegal,Presidential,23111,post,11/06/2025,11/06/2025,444,"sénégal : une plainte déposée contre la filiale de la senelec, au congo-brazzaville",https://dubawa.org/senegal-une-plainte-deposee-contre-la-filiale-de-la-senelec-au-congo-brazzaville/,4044,category-only,5,category:4044; title:senegal
2024,24/03/2024,Senegal,Presidential,22866,post,25/05/2025,26/05/2025,427,la une d’un quotidien sénégalais modifiée pour tromper les lecteurs dans une affaire judiciaire,https://dubawa.org/la-une-dun-quotidien-senegalais-modifiee-pour-tromper-les-lecteurs-dans-une-affaire-judiciaire/,4044,category-only,8,category:4044; title:senegal; body:ousmane sonko; body:sonko; body:pastef
2024,24/03/2024,Senegal,Presidential,22851,post,23/05/2025,23/05/2025,425,sénégal : recours irrecevable contre l’arrêté ministériel sur la non parution des médias jugés non conformes au code de la presse,https://dubawa.org/senegal-recours-irrecevable-contre-larrete-ministeriel-sur-la-non-parution-des-medias-juges-non-conformes-au-code-de-la-presse/,4044,category-only,5,category:4044; title:senegal
2024,24/03/2024,Senegal,Presidential,22848,post,23/05/2025,23/05/2025,425,le prix de l’essence au sénégal est le 2e plus cher d’afrique,https://dubawa.org/le-prix-de-lessence-au-senegal-est-le-2e-plus-cher-dafrique/,4044,category-only,5,category:4044; title:senegal
2024,24/03/2024,Senegal,Presidential,22831,post,22/05/2025,22/05/2025,424,le journaliste serge daniel n’a pas été déclaré persona non grata au sénégal,https://dubawa.org/le-journaliste-serge-daniel-na-pas-ete-declare-persona-non-grata-au-senegal/,4044,category-only,6,category:4044; title:senegal; body:dakar
2024,24/03/2024,Senegal,Presidential,22798,post,21/05/2025,21/05/2025,423,la banque centrale des etats de l’afrique de l’ouest n’a émis aucun billet de 25 000 francs cfa,https://dubawa.org/la-banque-centrale-des-etats-de-lafrique-de-louest-na-emis-aucun-billet-de-25-000-francs-cfa/,4044,category-only,4,category:4044; body:pastef
2024,24/03/2024,Senegal,Presidential,22795,post,21/05/2025,21/05/2025,423,"sénégal : entre dépenses réelles et allègements fiscaux, que cache le milliard et demi d’euros du fonds force-covid-19 ?",https://dubawa.org/senegal-entre-depenses-reelles-et-allegements-fiscaux-que-cache-le-milliard-et-demi-deuros-du-fonds-force-covid-19/,4044,category-only,6,category:4044; title:senegal; body:macky sall
2024,24/03/2024,Senegal,Presidential,22765,post,19/05/2025,19/05/2025,421,une ancienne photo utilisée à tort pour illustrer un accident impliquant des élèves dans le sud du sénégal,https://dubawa.org/une-ancienne-photo-utilisee-a-tort-pour-illustrer-un-accident-impliquant-des-eleves-dans-le-sud-du-senegal/,4044,category-only,6,category:4044; title:senegal; body:dakar
2024,24/03/2024,Senegal,Presidential,22686,post,14/05/2025,14/05/2025,416,le retrait progressif des troupes françaises du sénégal n’a pas débuté le 28 avril 2025,https://dubawa.org/le-retrait-progressif-des-troupes-francaises-du-senegal-na-pas-debute-le-28-avril-2025/,4044,category-only,7,category:4044; title:senegal; body:dakar; body:pastef
2024,24/03/2024,Senegal,Presidential,22563,post,06/05/2025,06/05/2025,408,le sénégal dispose d’un centre de traitement des incidents informatiques; même s’il n’est pas pleinement opérationnel,https://dubawa.org/le-senegal-dispose-dun-centre-de-traitement-des-incidents-informatiques-meme-sil-nest-pas-pleinement-operationnel/,4044,category-only,6,category:4044; title:senegal; body:dakar
2024,24/03/2024,Senegal,Presidential,22544,post,03/05/2025,03/05/2025,405,infox sur un prétendu convoi de guinéens intercepté à la frontière par le sénégal,https://dubawa.org/infox-sur-un-pretendu-convoi-de-guineens-intercepte-a-la-frontiere-par-le-senegal/,123|4044,category-only,5,category:4044; title:senegal
2024,24/03/2024,Senegal,Presidential,22184,post,02/04/2025,02/04/2025,374,fact-checking : l’innovation au coeur de la bourse 2025 cjid,https://dubawa.org/fact-checking-linnovation-au-coeur-de-la-bourse-2025-cjid/,4044,category-only,4,category:4044; election:élection
2024,24/03/2024,Senegal,Presidential,21301,post,16/01/2025,16/01/2025,298,"non, le sénégal n’est pas retiré de la liste des pays les moins avancés du monde",https://dubawa.org/non-le-senegal-nest-pas-retire-de-la-liste-des-pays-les-moins-avances-du-monde/,4044,category-only,8,category:4044; title:senegal; body:ousmane sonko; body:sonko; body:macky sall
2024,24/03/2024,Senegal,Presidential,21041,post,17/12/2024,17/12/2024,268,"sénégal : non, il n’y a pas 2416 nouveaux cas de vih dans la région de kaolack",https://dubawa.org/senegal-non-il-ny-a-pas-2416-nouveaux-cas-de-vih-dans-la-region-de-kaolack/,4044,category-only,5,category:4044; title:senegal
2024,24/03/2024,Senegal,Presidential,20836,post,17/11/2024,17/11/2024,238,"promesses électorales, abdoulaye sylla tente de séduire la communauté sénégalo-guinéenne ?",https://dubawa.org/promesses-electorales-abdoulaye-sylla-tente-de-seduire-la-communaute-senegalo-guineenne/,4044,category-only,6,category:4044; title:senegal; body:dakar
2024,24/03/2024,Senegal,Presidential,20601,post,29/10/2024,29/10/2024,219,"non, le ghana n’importe pas plus de 300 millions de dollars de poulets",https://dubawa.org/non-le-ghana-nimporte-pas-plus-de-300-millions-de-dollars-de-poulets/,4044,category-only,3,category:4044
2024,24/03/2024,Senegal,Presidential,20399,post,09/10/2024,09/10/2024,199,situation financière : le représentant du fmi a-t-il contredit le premier ministre sénégalais?,https://dubawa.org/situation-financiere-le-representant-du-fmi-a-t-il-contredit-le-premier-ministre-senegalais/,4044,category-only,9,category:4044; title:senegal; body:bassirou diomaye; body:diomaye faye; body:ousmane sonko; body:sonko
2024,24/03/2024,Senegal,Presidential,19969,post,12/09/2024,12/09/2024,172,"la désinformation, nouvelle arme des puissances économiques en afrique de l’ouest",https://dubawa.org/la-desinformation-nouvelle-arme-des-puissances-economiques-en-afrique-de-louest/,123|4044,category-only,3,category:4044
2024,24/03/2024,Senegal,Presidential,19952,post,07/09/2024,09/09/2024,167,le système hydraulique au sénégal ne permet pas une récupération de la pluie,https://dubawa.org/le-systeme-hydraulique-au-senegal-ne-permet-pas-une-recuperation-de-la-pluie/,4044,category-only,6,category:4044; title:senegal; body:dakar
2024,24/03/2024,Senegal,Presidential,19840,post,28/08/2024,28/08/2024,157,"sénégal : le cored, pilier de l autorégulation journalistique",https://dubawa.org/senegal-le-cored-pilier-de-lautoregulation-journalistique/,4044,category-only,5,category:4044; title:senegal
2024,24/03/2024,Senegal,Presidential,18590,post,08/05/2024,08/05/2024,45,faux! le sénégal n a pas changé sa langue officielle du français à l arabe,https://dubawa.org/faux-le-senegal-na-pas-change-sa-langue-officielle-du-francais-a-larabe/,4044,category-only,7,category:4044; title:senegal; body:bassirou diomaye; body:diomaye faye
2024,24/03/2024,Senegal,Presidential,18541,post,06/05/2024,06/05/2024,43,tchad : déroulement du vote de ce 6 mai,https://dubawa.org/tchad-deroulement-du-vote-de-ce-6-mai/,4044,category-only,4,category:4044; election:election|élection|vote
2024,24/03/2024,Senegal,Presidential,18532,post,05/05/2024,05/05/2024,42,qui sont les candidats à la présidentielle du 6 mai 2024 au tchad?,https://dubawa.org/qui-sont-les-candidats-a-la-presidentielle-du-6-mai-2024-au-tchad/,4044,category-only,4,category:4044; election:élection
2024,24/03/2024,Senegal,Presidential,18527,post,04/05/2024,04/05/2024,41,"présidentielle tchadienne, les étapes du processus électoral",https://dubawa.org/presidentielle-tchadienne-les-etapes-du-processus-electoral/,4044,category-only,4,category:4044; election:élection|vote
2024,24/03/2024,Senegal,Presidential,18497,post,02/05/2024,02/05/2024,39,liberté de la presse au mali et au burkina faso : entre restrictions et incertitudes,https://dubawa.org/liberte-de-la-presse-au-mali-et-au-burkina-faso-entre-restrictions-et-incertitudes/,4044,category-only,3,category:4044
2024,24/03/2024,Senegal,Presidential,18494,post,02/05/2024,02/05/2024,39,"oui, le sénégal va fournir de l’électricité à la guinée",https://dubawa.org/oui-le-senegal-va-fournir-de-lelectricite-a-la-guinee/,4044,category-only,8,category:4044; title:senegal; body:bassirou diomaye; body:ousmane sonko; body:sonko
2024,24/03/2024,Senegal,Presidential,18454,post,30/04/2024,30/04/2024,37,guinée : la voix des médias bâillonnée par le pouvoir,https://dubawa.org/guinee-la-voix-des-medias-baillonnee-par-le-pouvoir/,4044,category-only,3,category:4044
2024,17/11/2024,Senegal,Parliamentary,20962,post,04/12/2024,04/12/2024,17,liberia’s house of representatives in limbo over speaker controversy,https://dubawa.org/liberias-house-of-representatives-in-limbo-over-speaker-controversy/,1572|3815|1960|16,window,1,election:vote|candidate|parliament
2024,17/11/2024,Senegal,Parliamentary,20956,post,04/12/2024,04/12/2024,17,false! trump has not officially banned gay marriage in america,https://dubawa.org/false-trump-has-not-officially-banned-gay-marriage-in-america/,1571|3812|3815|1960,window,1,election:election|vote|presidential
2024,17/11/2024,Senegal,Parliamentary,20930,post,26/11/2024,26/11/2024,9,le chanteur meiway a-t-il critiqué une éventuelle candidature en 2025 du président ivoirien alassane ouattara ?,https://dubawa.org/le-chanteur-meiway-a-t-il-critique-une-eventuelle-candidature-en-2025-du-president-ivoirien-alassane-ouattara/,4269,window,1,election:élection
2024,17/11/2024,Senegal,Parliamentary,20913,post,25/11/2024,25/11/2024,8,president  boakai did not allocate $1.8m in the 2024 national budget for celebrations,https://dubawa.org/president-boakai-did-not-allocate-1-8m-in-the-2024-national-budget-for-celebrations/,1960|437|1571|3812|3815,window,1,election:presidential
2024,17/11/2024,Senegal,Parliamentary,20910,post,23/11/2024,23/11/2024,6,"air sierra leone aircraft not yet in freetown, not flying to london",https://dubawa.org/air-sierra-leone-aircraft-not-yet-in-freetown-not-flying-to-london/,1268,window,1,body:dakar
2024,17/11/2024,Senegal,Parliamentary,20905,post,22/11/2024,22/11/2024,5,did donald trump tell nigerian government to release nnamdi kanu?,https://dubawa.org/did-donald-trump-tell-nigerian-government-to-release-nnamdi-kanu/,1571|3812|3815|3797|16,window,1,election:election|presidential
2024,17/11/2024,Senegal,Parliamentary,20899,post,22/11/2024,22/11/2024,5,dubawa schooled dozens of students and school instructors in sierra leone on media literacy and information disorder,https://dubawa.org/dubawa-schooled-dozens-of-students-and-school-instructors-in-sierra-leone-on-media-literacy-and-information-disorder/,123|1572|1268,window,1,election:poll
2024,17/11/2024,Senegal,Parliamentary,20893,post,22/11/2024,22/11/2024,5,video showing muslim clerics supporting tinubu dates back to 2023,https://dubawa.org/video-showing-muslim-clerics-supporting-tinubu-dates-back-to-2023/,1571|3812|3815|16,window,1,election:election
2024,17/11/2024,Senegal,Parliamentary,20890,post,22/11/2024,22/11/2024,5,"video showing protest against president tinubu, not recent",https://dubawa.org/video-showing-protest-against-president-tinubu-not-recent/,1571|3812|3815|16,window,1,election:election|vote
2024,17/11/2024,Senegal,Parliamentary,20887,post,22/11/2024,22/11/2024,5,misleading! 2020 video used to depict us election parade in nigeria,https://dubawa.org/misleading-2020-video-used-to-depict-us-election-parade-in-nigeria/,1571|3812|3815|16,window,1,election:election|vote|candidate
2024,17/11/2024,Senegal,Parliamentary,20884,post,22/11/2024,22/11/2024,5,"picture showing peter obi at lagos red line opening, digitally altered",https://dubawa.org/picture-showing-peter-obi-at-lagos-red-line-opening-digitally-altered/,1571|3812|3815|16,window,1,election:candidate|presidential
2024,17/11/2024,Senegal,Parliamentary,20881,post,22/11/2024,22/11/2024,5,did donald trump declare visa restrictions on nigerians?,https://dubawa.org/did-donald-trump-declare-visa-restrictions-on-nigerians/,1571|3812|3815|16,window,1,election:election|vote|presidential
2024,17/11/2024,Senegal,Parliamentary,20834,post,17/11/2024,17/11/2024,0,true! 2024 ondo pdp election results worst so far,https://dubawa.org/true-2024-ondo-pdp-election-results-worst-so-far/,1571|5|3812|3815|3797|16,window,1,election:election|vote|candidate
2024,17/11/2024,Senegal,Parliamentary,20814,post,17/11/2024,17/11/2024,0,"true! 34,000 police officers deployed for ondo election",https://dubawa.org/true-34000-police-officers-deployed-for-ondo-election/,1571|5|3812|3815|3797,window,1,election:election
2024,17/11/2024,Senegal,Parliamentary,20812,post,17/11/2024,17/11/2024,0,"live fact-checks: ondo governorship off-cyle election—sunday, november 17, 2024",https://dubawa.org/live-fact-checks-ondo-governorship-off-cyle-election-sunday-november-17-2024/,1571|5|3812|3815|3797,window,1,election:election|vote|candidate
2024,17/11/2024,Senegal,Parliamentary,20802,post,17/11/2024,17/11/2024,0,true! vote buying reported in owo,https://dubawa.org/true-vote-buying-reported-in-owo/,1571|5|3812|3815,window,1,election:vote|voter|ballot
2024,17/11/2024,Senegal,Parliamentary,20795,post,16/11/2024,16/11/2024,-1,false! lp included in ondo governorship election ballot paper,https://dubawa.org/false-lp-included-in-ondo-governorship-election-ballot-paper/,1571|5|3812|3815|3797|16,window,1,election:election|vote|voter
2024,17/11/2024,Senegal,Parliamentary,20791,post,16/11/2024,16/11/2024,-1,true! 3 ondo governorship candidates withdrew for aiyedatiwa,https://dubawa.org/true-3-ondo-governorship-candidates-withdrew-for-aiyedatiwa/,1571|5|3812|3815|3797|16,window,1,election:candidate
2024,17/11/2024,Senegal,Parliamentary,20789,post,16/11/2024,16/11/2024,-1,"true, ondo has 1.7m registered voters",https://dubawa.org/true-ondo-has-1-7m-registered-voters/,1571|5|3812|3815|3797|16,window,1,election:election|vote|voter
2024,17/11/2024,Senegal,Parliamentary,20785,post,16/11/2024,16/11/2024,-1,"true, ilaje lga with second-highest number of voters in ondo election",https://dubawa.org/true-ilaje-lga-with-second-highest-number-of-voters-in-ondo-election/,1571|5|3812|3815|3797|16,window,1,election:election|vote|voter
2024,17/11/2024,Senegal,Parliamentary,20779,post,16/11/2024,16/11/2024,-1,no proof thugs invaded idanre lga during ongoing ondo election,https://dubawa.org/no-proof-thugs-invaded-idanre-lga-during-ongoing-ondo-election/,3797|5|1571|3812|3815|16,window,1,election:election|candidate
2024,17/11/2024,Senegal,Parliamentary,20768,post,16/11/2024,17/11/2024,-1,"live fact-checks: ondo governorship election—saturday, november 16, 202",https://dubawa.org/live-fact-checks-ondo-governorship-election-saturday-november-16-202/,3797|5|1571|3812|3815|16,window,1,election:election|vote|voter
2024,17/11/2024,Senegal,Parliamentary,20763,post,15/11/2024,15/11/2024,-2,"true, over 2 million voters will decide ondo’s next governor",https://dubawa.org/true-over-2-million-voters-will-decide-ondos-next-governor/,1571|437|3812|3815|3797|16,window,1,election:election|vote|voter
2024,17/11/2024,Senegal,Parliamentary,20759,post,15/11/2024,15/11/2024,-2,"true, olusola ebiseni removed as lp candidate ahead of ondo governorship election",https://dubawa.org/true-olusola-ebiseni-removed-as-lp-candidate-ahead-of-ondo-governorship-election/,1571|5|437|3812|3815|3797|16,window,1,election:election|vote|voter
2024,17/11/2024,Senegal,Parliamentary,20738,post,15/11/2024,26/11/2024,-2,false! president boakai isn t dead,https://dubawa.org/false-president-boakai-isnt-dead/,1571|3815|1960|16,window,1,election:presidential
2024,17/11/2024,Senegal,Parliamentary,20751,post,15/11/2024,15/11/2024,-2,no proof woman chased apc members with cutlass,https://dubawa.org/no-proof-woman-chased-apc-members-with-cutlass/,1571|5|3812|3815|3797|16,window,1,election:election
2024,17/11/2024,Senegal,Parliamentary,20748,post,15/11/2024,15/11/2024,-2,"pre-election fact-check: dubawa, nfc monitor mis/disinformation ahead of 2024 ondo governorship election",https://dubawa.org/pre-election-fact-check-dubawa-nfc-monitor-mis-disinformation-ahead-of-2024-ondo-governorship-election/,3797|5|1571|3812|3815|16,window,1,election:election|vote|voter
2024,17/11/2024,Senegal,Parliamentary,20745,post,15/11/2024,15/11/2024,-2,"#ondodecides: nfc opens situation rooms to monitor, tackle disinformation",https://dubawa.org/ondodecides-nfc-opens-situation-rooms-to-monitor-tackle-disinformation/,5|1571|3812|3815|16|1576,window,2,body:senegal; election:election|poll|candidate
2024,17/11/2024,Senegal,Parliamentary,20739,post,15/11/2024,15/11/2024,-2,#2024ondoelection: understanding disinformation trends and targets ahead of the election,https://dubawa.org/2024ondoelection-understanding-disinformation-trends-and-targets-ahead-of-the-election/,1571|5|3812|3815|1574|16,window,1,election:election|poll|candidate
2024,17/11/2024,Senegal,Parliamentary,20728,post,14/11/2024,14/11/2024,-3,#ondodecides2024: key numbers to understand as voters head to polls,https://dubawa.org/ondodecides2024-key-numbers-to-understand-as-voters-head-to-polls/,1572|3812|3815|1574|16,window,1,election:election|vote|voter
2024,17/11/2024,Senegal,Parliamentary,20705,post,13/11/2024,13/11/2024,-4,le rhdp donne plus de 152 mille euros au fpi : vérité ou intox ?,https://dubawa.org/le-rhdp-donne-plus-de-152-mille-euros-au-fpi-verite-ou-intox/,4269,window,1,election:élection
2024,17/11/2024,Senegal,Parliamentary,20702,post,13/11/2024,13/11/2024,-4,dubawa chatbot: your go-to fact-checking help,https://dubawa.org/dubawa-chatbot-your-go-to-fact-checking-help/,1688|3815|440|1268,window,1,body:senegal
2024,17/11/2024,Senegal,Parliamentary,20692,post,12/11/2024,12/11/2024,-5,#2024ondoelections: meet all candidates in the race to be next ondo governor,https://dubawa.org/2024ondoelections-meet-all-candidates-in-the-race-to-be-next-ondo-governor/,1574|3812|3815|16,window,1,election:election|vote|poll
2024,17/11/2024,Senegal,Parliamentary,20661,post,06/11/2024,06/11/2024,-11,cjid’s press attack tracker gives nigerian journalists shield against press freedom violations,https://dubawa.org/cjids-press-attack-tracker-gives-nigerian-journalists-shield-against-press-freedom-violations/,4|3812|3815|123,window,1,election:election|presidential
2024,17/11/2024,Senegal,Parliamentary,20651,post,04/11/2024,05/11/2024,-13,"weekfortruth: information experts harps on media literacy, partnerships",https://dubawa.org/weekfortruth-information-experts-harps-on-media-literacy-partnerships/,4|3812|3815|1574,window,2,body:senegal; election:election
2024,17/11/2024,Senegal,Parliamentary,20648,post,04/11/2024,04/11/2024,-13,explainer: bribery scandal rocks capitol building as speaker koffa faces removal,https://dubawa.org/explainer-bribery-scandal-rocks-capitol-building-as-speaker-koffa-faces-removal/,1572|3815|1960,window,1,election:vote|legislative
2024,17/11/2024,Senegal,Parliamentary,20636,post,01/11/2024,01/11/2024,-16,"photo of president tinubu on sickbed, photoshopped",https://dubawa.org/photo-of-president-tinubu-on-sickbed-photoshopped/,1571|437|3812|3815,window,1,election:presidential
2024,17/11/2024,Senegal,Parliamentary,20623,post,01/11/2024,01/11/2024,-16,has argentina’s inflation rate completely dropped?,https://dubawa.org/has-argentinas-inflation-rate-completely-dropped/,1571|120|3812|3815,window,1,election:poll
2024,17/11/2024,Senegal,Parliamentary,20620,post,01/11/2024,01/11/2024,-16,"video of mahamudu bawumia singing chinese song, fabricated",https://dubawa.org/video-of-mahamudu-bawumia-singing-chinese-song-fabricated/,1571|437|3812|3815|123,window,1,election:election
2024,17/11/2024,Senegal,Parliamentary,20617,post,31/10/2024,01/11/2024,-17,#weekfortruth: dealing with impersonation on social media? here is what to do,https://dubawa.org/weekfortruth-dealing-with-impersonation-on-social-media-here-is-what-to-do/,1574|3812|3815|123,window,1,election:election|presidential
2024,17/11/2024,Senegal,Parliamentary,20613,post,30/10/2024,30/10/2024,-18,"did president tinubu appoint ffk, reno omokri, in recent cabinet reshuffle?",https://dubawa.org/did-president-tinubu-appoint-ffk-reno-omokri-in-recent-cabinet-reshuffle/,1571|3812|3815|16,window,1,election:presidential
2024,17/11/2024,Senegal,Parliamentary,20608,post,30/10/2024,30/10/2024,-18,"has oyo state been split into two states, as alleged by facebook user?",https://dubawa.org/has-oyo-state-been-split-into-two-states-as-alleged-by-facebook-user/,1571|437|3812|3815|16,window,1,election:presidential|legislative
2024,17/11/2024,Senegal,Parliamentary,20596,post,28/10/2024,28/10/2024,-20,"dubawa, german embassy train first-time voters in kumasi, tamale, cape coast ahead of december elections",https://dubawa.org/dubawa-german-embassy-train-first-time-voters-in-kumasi-tamale-cape-coast-ahead-of-december-elections/,440|435|4|3815|1688,window,1,election:election|vote|voter
2024,17/11/2024,Senegal,Parliamentary,20565,post,27/10/2024,28/10/2024,-21,misleading! liberia has not lost non-permanent seat bid on un security council,https://dubawa.org/misleading-liberia-has-not-lost-non-permanent-seat-bid-on-un-security-council/,123|1571|1960|119,window,1,election:election
2024,17/11/2024,Senegal,Parliamentary,20546,post,25/10/2024,25/10/2024,-23,#weekfortruth: promoting media and information literacy in the ai era,https://dubawa.org/weekfortruth-promoting-media-and-information-literacy-in-the-ai-era/,1574|120|3812|3815|1576,window,2,body:senegal; election:election
2024,17/11/2024,Senegal,Parliamentary,20536,post,22/10/2024,22/10/2024,-26,côte d’ivoire : les salaires des députés seraient-ils en hausse tout comme les impôts portuaires?,https://dubawa.org/cote-divoire-les-salaires-des-deputes-seraient-ils-en-hausse-tout-comme-les-impots-portuaires/,4269,window,1,election:élection
2024,17/11/2024,Senegal,Parliamentary,20527,post,21/10/2024,21/10/2024,-27,all you need to know about gambian journalists  prosecution over “defamatory” story against barrow,https://dubawa.org/all-you-need-to-know-about-gambian-journalists-prosecution-over-defamatory-story-against-barrow/,1572|435|3812|3815|2815,window,1,election:election
2024,17/11/2024,Senegal,Parliamentary,20503,post,18/10/2024,18/10/2024,-30,explainer: understanding the protest against 2 gambian ministers at unga,https://dubawa.org/explainer-understanding-the-protest-against-2-gambian-ministers-at-unga/,2815|1572|3815|119,window,1,election:parliament
2024,17/11/2024,Senegal,Parliamentary,20497,post,17/10/2024,17/10/2024,-31,did ondo governor aiyedatiwa assault a woman in london?,https://dubawa.org/did-ondo-governor-aiyedatiwa-assault-a-woman-in-london/,437|1571|3812|3815|123,window,1,election:election|vote|candidate
2024,17/11/2024,Senegal,Parliamentary,20480,post,17/10/2024,17/10/2024,-31,viral clip misinterprets un s pact for future as authoritarian control measure,https://dubawa.org/viral-clip-misinterprets-uns-pact-for-future-as-authoritarian-control-measure/,1571|437|3812|3815|123,window,1,election:election|legislative
2024,17/11/2024,Senegal,Parliamentary,20471,post,16/10/2024,16/10/2024,-32,fausses allégations sur une nouvelle requête de gbagbo à la cpi : décryptage d une désinformation virale,https://dubawa.org/fausses-allegations-sur-une-nouvelle-requete-de-gbagbo-a-la-cpi-decryptage-dune-desinformation-virale/,4269,window,1,election:élection
2024,17/11/2024,Senegal,Parliamentary,20468,post,16/10/2024,16/10/2024,-32,explainer: the crisis of public sector corruption in liberia,https://dubawa.org/explainer-the-crisis-of-public-sector-corruption-in-liberia/,1572|1960|16,window,1,election:presidential
2024,17/11/2024,Senegal,Parliamentary,20465,post,16/10/2024,16/10/2024,-32,"dubawa student trainee, rita enemuru, wins african fact-checking award",https://dubawa.org/dubawa-student-trainee-rita-enemuru-wins-african-fact-checking-award/,1688|1571|3812|3815,window,1,election:election
2024,17/11/2024,Senegal,Parliamentary,20452,post,15/10/2024,15/10/2024,-33,explainer: sierra leone signs $480m compact with mcc to transform ‘energy sector’,https://dubawa.org/explainer-sierra-leone-signs-480m-compact-with-mcc-to-transform-energy-sector/,1572|4|3812|3815|1268,window,1,election:election|poll
2024,17/11/2024,Senegal,Parliamentary,20441,post,15/10/2024,15/10/2024,-33,was there bomb blast in rivers during local government election?,https://dubawa.org/was-there-bomb-blast-in-rivers-during-local-government-election/,1571|437|16,window,1,election:election|vote|voter
2024,17/11/2024,Senegal,Parliamentary,20422,post,15/10/2024,21/10/2024,-33,ireti kingibe’s claims on first-year constituency projects in fct had more flaws than facts,https://dubawa.org/ireti-kingibes-claims-on-first-year-constituency-projects-in-fct-had-more-flaws-than-facts/,1571|4352|3812|3815|16,window,1,election:legislative
2024,17/11/2024,Senegal,Parliamentary,20416,post,11/10/2024,11/10/2024,-37,dubawa co-hosts fact-checkers in africa facts summit to fight disinformation,https://dubawa.org/dubawa-co-hosts-fact-checkers-in-africa-facts-summit-to-fight-disinformation/,1571|3812|3815|1688,window,2,body:senegal; election:election|parliament
2024,17/11/2024,Senegal,Parliamentary,20413,post,10/10/2024,10/10/2024,-38,did atiku endorse bauchi governor as pdp’s presidential candidate for 2027?,https://dubawa.org/did-atiku-endorse-bauchi-governor-as-pdps-presidential-candidate-for-2027/,1571|437|3812|3815|16,window,1,election:election|candidate|presidential
2024,17/11/2024,Senegal,Parliamentary,20409,post,09/10/2024,09/10/2024,-39,false! inec rec not wearing tinubu’s signature cap as alleged by facebook user,https://dubawa.org/false-inec-rec-not-wearing-tinubus-signature-cap-as-alleged-by-facebook-user/,1571|437|3812|3815|16,window,1,election:election|vote|voter
2024,17/11/2024,Senegal,Parliamentary,20405,post,09/10/2024,09/10/2024,-39,"president barrow’s claim no journalist, politician, or human rights activist were jailed in gambia since 2017, false",https://dubawa.org/president-barrows-claim-no-journalist-politician-or-human-rights-activist-were-jailed-in-gambia-since-2017-false/,1571|435|3812|3815|16|2815,window,2,body:sonko; election:presidential
2024,17/11/2024,Senegal,Parliamentary,20380,post,07/10/2024,07/10/2024,-41,opinion: impact of sierra leone’s gender equality and women’s empowerment act,https://dubawa.org/opinion-impact-of-sierra-leones-gender-equality-and-womens-empowerment-act/,1572|210|435|3812|3815|1268,window,1,election:election|poll|candidate
2024,17/11/2024,Senegal,Parliamentary,31606,post,02/09/2026,02/09/2026,654,hydrocarbures : les prix de l’essence et du gasoil au sénégal ne sont pas les moins élevés d’afrique de l’ouest,https://dubawa.org/hydrocarbures-les-prix-de-lessence-et-du-gasoil-au-senegal-ne-sont-pas-les-moins-eleves-dafrique-de-louest/,4044,category-only,6,category:4044; title:senegal; body:dakar
2024,17/11/2024,Senegal,Parliamentary,30964,post,13/08/2026,13/08/2026,634,"non, le sénégal ne perçoit pas 25 francs cfa sur chaque million généré par le pétrole de sangomar",https://dubawa.org/non-le-senegal-ne-percoit-pas-25-francs-cfa-sur-chaque-million-genere-par-le-petrole-de-sangomar/,4044,category-only,7,category:4044; title:senegal; body:bassirou diomaye; body:diomaye faye
2024,17/11/2024,Senegal,Parliamentary,30847,post,10/08/2026,12/08/2026,631,"coupe d’afrique de football, un faux communiqué prétend dévoiler la décision du tribunal arbitral du sport (tas)",https://dubawa.org/coupe-dafrique-de-football-un-faux-communique-pretend-devoiler-la-decision-du-tribunal-arbitral-du-sport-tas/,4044,category-only,4,category:4044; election:élection
2024,17/11/2024,Senegal,Parliamentary,30839,post,10/08/2026,10/08/2026,631,haro sur le riz produit au sénégal suite à une désinformation sur la présence d’aflatoxine,https://dubawa.org/haro-sur-le-riz-produit-au-senegal-suite-a-une-desinformation-sur-la-presence-daflatoxine/,4044,category-only,6,category:4044; title:senegal; body:dakar
2024,17/11/2024,Senegal,Parliamentary,30541,post,24/07/2026,24/07/2026,614,la vidéo-verbalisation n’est pas encore opérationnelle au sénégal,https://dubawa.org/la-video-verbalisation-nest-pas-encore-operationnelle-au-senegal/,4044,category-only,5,category:4044; title:senegal
2024,17/11/2024,Senegal,Parliamentary,30318,post,13/07/2026,13/07/2026,603,le footballeur sadio mané n’a pas encore annoncé sa retraite internationale,https://dubawa.org/le-footballeur-sadio-mane-na-pas-encore-annonce-sa-retraite-internationale/,4044,category-only,4,category:4044; election:élection
2024,17/11/2024,Senegal,Parliamentary,29896,post,22/06/2026,22/06/2026,582,un communiqué attribué à tort à la fédération sénégalaise de football,https://dubawa.org/un-communique-attribue-a-tort-a-la-federation-senegalaise-de-football/,4044,category-only,5,category:4044; title:senegal
2024,17/11/2024,Senegal,Parliamentary,29809,post,19/06/2026,19/06/2026,579,sénégal : existe-t-il un classement officiel des meilleurs lutteurs ?,https://dubawa.org/senegal-existe-t-il-un-classement-officiel-des-meilleurs-lutteurs/,4044,category-only,5,category:4044; title:senegal
2024,17/11/2024,Senegal,Parliamentary,29375,post,30/05/2026,30/05/2026,559,les femmes ne représentent pas 70% de la population mondiale,https://dubawa.org/les-femmes-ne-representent-pas-70-de-la-population-mondiale/,4044,category-only,4,category:4044; body:dakar
2024,17/11/2024,Senegal,Parliamentary,29356,post,29/05/2026,29/05/2026,558,le sénégal n a pas accueilli 3 000 soldats américains,https://dubawa.org/le-senegal-na-pas-accueilli-3-000-soldats-americains/,4044|1571,category-only,5,category:4044; title:senegal
2024,17/11/2024,Senegal,Parliamentary,29141,post,18/05/2026,18/05/2026,547,les sénégalais s’inquiètent-ils réellement de la santé mentale de leur président ?,https://dubawa.org/les-senegalais-sinquietent-ils-reellement-de-la-sante-mentale-de-leur-president/,4044,category-only,8,category:4044; title:senegal; body:dakar; body:bassirou diomaye; body:diomaye faye
2024,17/11/2024,Senegal,Parliamentary,28535,post,08/04/2026,08/04/2026,507,le coran n’est pas intégré au programme scolaire officiel sénégalais,https://dubawa.org/le-coran-nest-pas-integre-au-programme-scolaire-officiel-senegalais/,4044,category-only,7,category:4044; title:senegal; body:bassirou diomaye; body:diomaye faye
2024,17/11/2024,Senegal,Parliamentary,28419,post,31/03/2026,31/03/2026,499,le sénégal est-il sommé de restituer son trophée de la can après la décision de la caf ?,https://dubawa.org/le-senegal-est-il-somme-de-restituer-son-trophee-de-la-can-apres-la-decision-de-la-caf/,4044,category-only,5,category:4044; title:senegal
2024,17/11/2024,Senegal,Parliamentary,28390,post,30/03/2026,30/03/2026,498,l’ia met en scène sadio mané en pèlerinage à la mecque,https://dubawa.org/lia-met-en-scene-sadio-mane-en-pelerinage-a-la-mecque/,4044,category-only,3,category:4044
2024,17/11/2024,Senegal,Parliamentary,28229,post,16/03/2026,16/03/2026,484,le sénégal menacé par l’iran?,https://dubawa.org/le-senegal-menace-par-liran/,4044,category-only,8,category:4044; title:senegal; body:dakar; body:bassirou diomaye; body:diomaye faye
2024,17/11/2024,Senegal,Parliamentary,27979,post,26/02/2026,26/02/2026,466,canular sur un prêt “ramadan” de 200 000 fcfa (environ 305 euros),https://dubawa.org/canular-sur-un-pret-ramadan-de-200-000-fcfa-environ-305-euros/,4044,category-only,3,category:4044
2024,17/11/2024,Senegal,Parliamentary,27969,post,26/02/2026,26/02/2026,466,aucune menace de guerre émise par le président du sénégal contre les etats-unis,https://dubawa.org/aucune-menace-de-guerre-emise-par-le-president-du-senegal-contre-les-etats-unis/,4044|1571,category-only,7,category:4044; title:senegal; body:bassirou diomaye; body:diomaye faye
2024,17/11/2024,Senegal,Parliamentary,27796,post,19/02/2026,19/02/2026,459,sénégal : une application de jeu fait miroiter des gains importants,https://dubawa.org/senegal-une-application-de-jeu-fait-miroiter-des-gains-importants/,4044,category-only,6,category:4044; title:senegal; body:dakar
2024,17/11/2024,Senegal,Parliamentary,27747,post,16/02/2026,16/02/2026,456,donald trump veut acheter le sénégal ?,https://dubawa.org/donald-trump-veut-acheter-le-senegal/,4044,category-only,5,category:4044; title:senegal
2024,17/11/2024,Senegal,Parliamentary,27201,post,11/01/2026,11/01/2026,420,infox : le coût et la taille de l’ambassade américaine à dakar largement exagérés,https://dubawa.org/infox-le-cout-et-la-taille-de-lambassade-americaine-a-dakar-largement-exageres/,4044|1571,category-only,5,category:4044; title:dakar
2024,17/11/2024,Senegal,Parliamentary,26318,post,25/11/2025,25/11/2025,373,"non, le sénégal n’est pas le pays le plus endetté d’afrique",https://dubawa.org/non-le-senegal-nest-pas-le-pays-le-plus-endette-dafrique/,4044|1571,category-only,5,category:4044; title:senegal
2024,17/11/2024,Senegal,Parliamentary,26312,post,25/11/2025,25/11/2025,373,"microfinance au sénégal : oui, l encours des crédits a augmenté de 4,5 % au premier trimestre 2025",https://dubawa.org/microfinance-au-senegal-oui-lencours-des-credits-a-augmente-de-45-au-premier-trimestre-2025/,4044|1571,category-only,5,category:4044; title:senegal
2024,17/11/2024,Senegal,Parliamentary,26301,post,25/11/2025,25/11/2025,373,sénégal : 71 % des élèves des classes de ci à la cm1 ne comprennent-ils pas la langue d’enseignement?,https://dubawa.org/senegal-71-des-eleves-des-classes-de-ci-a-la-cm1-ne-comprennent-ils-pas-la-langue-denseignement/,4044|1571,category-only,6,category:4044; title:senegal; body:dakar
2024,17/11/2024,Senegal,Parliamentary,25540,post,31/10/2025,31/10/2025,348,alphabétisation au sénégal : que disent vraiment les statistiques ?,https://dubawa.org/alphabetisation-au-senegal-que-disent-vraiment-les-statistiques/,4044|122|1571,category-only,5,category:4044; title:senegal
2024,17/11/2024,Senegal,Parliamentary,25238,post,22/10/2025,22/10/2025,339,de fausses images générées par ia montrent le footballeur sadio mané inaugurant un lycée avec mohamed salah,https://dubawa.org/de-fausses-images-generees-par-ia-montrent-le-footballeur-sadio-mane-inaugurant-un-lycee-avec-mohamed-salah/,4044|1571|3704,category-only,3,category:4044
2024,17/11/2024,Senegal,Parliamentary,25124,post,17/10/2025,17/10/2025,334,dette publique sénégalaise : le fmi confirme un misreporting,https://dubawa.org/dette-publique-senegalaise-le-fmi-confirme-un-misreporting/,4044|120|1571,category-only,7,category:4044; title:senegal; body:ousmane sonko; body:sonko
2024,17/11/2024,Senegal,Parliamentary,25102,post,16/10/2025,16/10/2025,333,sénégal : une vidéo manipulée sur le diabète attribuée à l’ex directeur du centre des opérations d’urgence sanitaire,https://dubawa.org/senegal-une-video-manipulee-sur-le-diabete-attribuee-a-lex-directeur-du-centre-des-operations-durgence-sanitaire/,4044|1571|121,category-only,5,category:4044; title:senegal
2024,17/11/2024,Senegal,Parliamentary,25040,post,14/10/2025,14/10/2025,331,"non, le budget de la primature du sénégal n’a pas baissé de 21,3 millions d euros en 2025",https://dubawa.org/non-le-budget-de-la-primature-du-senegal-na-pas-baisse-de-213-millions-deuros-en-2025/,4044|120|1571,category-only,5,category:4044; title:senegal
2024,17/11/2024,Senegal,Parliamentary,25021,post,13/10/2025,13/10/2025,330,un discours de 2022 de l’ancien président du sénégal à la tribune de l’onu présenté comme récent,https://dubawa.org/un-discours-de-2022-de-lancien-president-du-senegal-a-la-tribune-de-lonu-presente-comme-recent/,4044|1571,category-only,8,category:4044; title:senegal; body:bassirou diomaye; body:diomaye faye; body:macky sall
2024,17/11/2024,Senegal,Parliamentary,24855,post,06/10/2025,11/10/2025,323,sénégal : une croissance à deux chiffres portée par les hydrocarbures; tandis que l’économie réelle stagne,https://dubawa.org/senegal-une-croissance-a-deux-chiffres-portee-par-les-hydrocarbures-tandis-que-leconomie-reelle-stagne/,4044|120,category-only,5,category:4044; title:senegal
2024,17/11/2024,Senegal,Parliamentary,24468,post,16/09/2025,23/09/2025,303,"intox : il n existe aucun scandale de près de 8,9 milliards d’euros lié à des agents fictifs au sénégal",https://dubawa.org/intox-il-nexiste-aucun-scandale-de-pres-de-89-milliards-deuros-lie-a-des-agents-fictifs-au-senegal/,4044|1571,category-only,6,category:4044; title:senegal; body:macky sall
2024,17/11/2024,Senegal,Parliamentary,24317,post,09/09/2025,11/10/2025,296,carte de séjour : sénégalais et mauritaniens désormais soumis au même régime juridique,https://dubawa.org/senegalais-et-mauritaniens-desormais-soumis-au-meme-regime-juridique/,4044,category-only,6,category:4044; title:senegal; body:dakar
2024,17/11/2024,Senegal,Parliamentary,24251,post,02/09/2025,11/10/2025,289,sénégal : les données sur l’hépatite b sont basées sur des estimations et non sur un dépistage généralisé,https://dubawa.org/senegal-les-donnees-sur-lhepatite-b-sont-basees-sur-des-estimations-et-non-sur-un-depistage-generalise/,4044|1571,category-only,5,category:4044; title:senegal
2024,17/11/2024,Senegal,Parliamentary,23943,post,13/08/2025,13/08/2025,269,les recettes budgétaires au sénégal ont-elles connu une hausse de plus de 1750 milliards en un an ?,https://dubawa.org/les-recettes-budgetaires-au-senegal-ont-elles-connu-une-hausse-de-plus-de-1750-milliards-en-un-an/,4044,category-only,9,category:4044; title:senegal; body:ousmane sonko; body:sonko; body:macky sall; body:pastef
2024,17/11/2024,Senegal,Parliamentary,23932,post,13/08/2025,13/08/2025,269,nicolas jackson : une photo de 2018 présentée comme datant de 2013,https://dubawa.org/nicolas-jackson-une-photo-de-2018-presentee-comme-datant-de-2013/,4044,category-only,3,category:4044
2024,17/11/2024,Senegal,Parliamentary,23610,post,17/07/2025,17/07/2025,242,prétendu prêt de la côte d’ivoire au sénégal : une désinformation autour d’une opération financière classique,https://dubawa.org/pretendu-pret-de-la-cote-divoire-au-senegal-une-desinformation-autour-dune-operation-financiere-classique/,4044,category-only,5,category:4044; title:senegal
2024,17/11/2024,Senegal,Parliamentary,23551,post,10/07/2025,10/07/2025,235,sénégal : une arnaque autour d’une prétendue subvention présidentielle de près de 130 euros,https://dubawa.org/senegal-une-arnaque-autour-dune-pretendue-subvention-presidentielle-de-pres-de-130-euros/,4044,category-only,7,category:4044; title:senegal; body:bassirou diomaye; body:diomaye faye
2024,17/11/2024,Senegal,Parliamentary,23476,post,04/07/2025,04/07/2025,229,flux commerciaux sénégal-côte d’ivoire : les chiffres avancés par premier ministre sénégalais proches des données officielles,https://dubawa.org/flux-commerciaux-senegal-cote-divoire-les-chiffres-avances-par-premier-ministre-senegalais-proches-des-donnees-officielles-2/,4044,category-only,7,category:4044; title:senegal; body:ousmane sonko; body:sonko
2024,17/11/2024,Senegal,Parliamentary,23186,post,17/06/2025,17/06/2025,212,l’article 80 du code pénal faussement associé au délit d’offense au chef de l’état,https://dubawa.org/larticle-80-du-code-penal-faussement-associe-au-delit-doffense-au-chef-de-letat/,123|4044,category-only,10,category:4044; body:senegal; body:bassirou diomaye; body:diomaye faye; body:ousmane sonko; body:sonko; body:macky sall; body:pastef
2024,17/11/2024,Senegal,Parliamentary,23133,post,12/06/2025,12/06/2025,207,deux quotidiens sénégalais illustrent une récente manifestation contre l’homosexualité avec une image de 2021,https://dubawa.org/deux-quotidiens-senegalais-illustrent-une-recente-manifestation-contre-lhomosexualite-avec-une-image-de-2021/,4044,category-only,7,category:4044; title:senegal; body:dakar; body:pastef
2024,17/11/2024,Senegal,Parliamentary,23111,post,11/06/2025,11/06/2025,206,"sénégal : une plainte déposée contre la filiale de la senelec, au congo-brazzaville",https://dubawa.org/senegal-une-plainte-deposee-contre-la-filiale-de-la-senelec-au-congo-brazzaville/,4044,category-only,5,category:4044; title:senegal
2024,17/11/2024,Senegal,Parliamentary,22866,post,25/05/2025,26/05/2025,189,la une d’un quotidien sénégalais modifiée pour tromper les lecteurs dans une affaire judiciaire,https://dubawa.org/la-une-dun-quotidien-senegalais-modifiee-pour-tromper-les-lecteurs-dans-une-affaire-judiciaire/,4044,category-only,8,category:4044; title:senegal; body:ousmane sonko; body:sonko; body:pastef
2024,17/11/2024,Senegal,Parliamentary,22851,post,23/05/2025,23/05/2025,187,sénégal : recours irrecevable contre l’arrêté ministériel sur la non parution des médias jugés non conformes au code de la presse,https://dubawa.org/senegal-recours-irrecevable-contre-larrete-ministeriel-sur-la-non-parution-des-medias-juges-non-conformes-au-code-de-la-presse/,4044,category-only,5,category:4044; title:senegal
2024,17/11/2024,Senegal,Parliamentary,22848,post,23/05/2025,23/05/2025,187,le prix de l’essence au sénégal est le 2e plus cher d’afrique,https://dubawa.org/le-prix-de-lessence-au-senegal-est-le-2e-plus-cher-dafrique/,4044,category-only,5,category:4044; title:senegal
2024,17/11/2024,Senegal,Parliamentary,22831,post,22/05/2025,22/05/2025,186,le journaliste serge daniel n’a pas été déclaré persona non grata au sénégal,https://dubawa.org/le-journaliste-serge-daniel-na-pas-ete-declare-persona-non-grata-au-senegal/,4044,category-only,6,category:4044; title:senegal; body:dakar
2024,17/11/2024,Senegal,Parliamentary,22798,post,21/05/2025,21/05/2025,185,la banque centrale des etats de l’afrique de l’ouest n’a émis aucun billet de 25 000 francs cfa,https://dubawa.org/la-banque-centrale-des-etats-de-lafrique-de-louest-na-emis-aucun-billet-de-25-000-francs-cfa/,4044,category-only,4,category:4044; body:pastef
2024,17/11/2024,Senegal,Parliamentary,22795,post,21/05/2025,21/05/2025,185,"sénégal : entre dépenses réelles et allègements fiscaux, que cache le milliard et demi d’euros du fonds force-covid-19 ?",https://dubawa.org/senegal-entre-depenses-reelles-et-allegements-fiscaux-que-cache-le-milliard-et-demi-deuros-du-fonds-force-covid-19/,4044,category-only,6,category:4044; title:senegal; body:macky sall
2024,17/11/2024,Senegal,Parliamentary,22765,post,19/05/2025,19/05/2025,183,une ancienne photo utilisée à tort pour illustrer un accident impliquant des élèves dans le sud du sénégal,https://dubawa.org/une-ancienne-photo-utilisee-a-tort-pour-illustrer-un-accident-impliquant-des-eleves-dans-le-sud-du-senegal/,4044,category-only,6,category:4044; title:senegal; body:dakar
2024,17/11/2024,Senegal,Parliamentary,22686,post,14/05/2025,14/05/2025,178,le retrait progressif des troupes françaises du sénégal n’a pas débuté le 28 avril 2025,https://dubawa.org/le-retrait-progressif-des-troupes-francaises-du-senegal-na-pas-debute-le-28-avril-2025/,4044,category-only,7,category:4044; title:senegal; body:dakar; body:pastef
2024,17/11/2024,Senegal,Parliamentary,22563,post,06/05/2025,06/05/2025,170,le sénégal dispose d’un centre de traitement des incidents informatiques; même s’il n’est pas pleinement opérationnel,https://dubawa.org/le-senegal-dispose-dun-centre-de-traitement-des-incidents-informatiques-meme-sil-nest-pas-pleinement-operationnel/,4044,category-only,6,category:4044; title:senegal; body:dakar
2024,17/11/2024,Senegal,Parliamentary,22544,post,03/05/2025,03/05/2025,167,infox sur un prétendu convoi de guinéens intercepté à la frontière par le sénégal,https://dubawa.org/infox-sur-un-pretendu-convoi-de-guineens-intercepte-a-la-frontiere-par-le-senegal/,123|4044,category-only,5,category:4044; title:senegal
2024,17/11/2024,Senegal,Parliamentary,22184,post,02/04/2025,02/04/2025,136,fact-checking : l’innovation au coeur de la bourse 2025 cjid,https://dubawa.org/fact-checking-linnovation-au-coeur-de-la-bourse-2025-cjid/,4044,category-only,4,category:4044; election:élection
2024,17/11/2024,Senegal,Parliamentary,21301,post,16/01/2025,16/01/2025,60,"non, le sénégal n’est pas retiré de la liste des pays les moins avancés du monde",https://dubawa.org/non-le-senegal-nest-pas-retire-de-la-liste-des-pays-les-moins-avances-du-monde/,4044,category-only,8,category:4044; title:senegal; body:ousmane sonko; body:sonko; body:macky sall
2024,17/11/2024,Senegal,Parliamentary,21041,post,17/12/2024,17/12/2024,30,"sénégal : non, il n’y a pas 2416 nouveaux cas de vih dans la région de kaolack",https://dubawa.org/senegal-non-il-ny-a-pas-2416-nouveaux-cas-de-vih-dans-la-region-de-kaolack/,4044,category-only,5,category:4044; title:senegal
2024,17/11/2024,Senegal,Parliamentary,19969,post,12/09/2024,12/09/2024,-66,"la désinformation, nouvelle arme des puissances économiques en afrique de l’ouest",https://dubawa.org/la-desinformation-nouvelle-arme-des-puissances-economiques-en-afrique-de-louest/,123|4044,category-only,3,category:4044
2024,17/11/2024,Senegal,Parliamentary,19952,post,07/09/2024,09/09/2024,-71,le système hydraulique au sénégal ne permet pas une récupération de la pluie,https://dubawa.org/le-systeme-hydraulique-au-senegal-ne-permet-pas-une-recuperation-de-la-pluie/,4044,category-only,6,category:4044; title:senegal; body:dakar
2024,17/11/2024,Senegal,Parliamentary,19840,post,28/08/2024,28/08/2024,-81,"sénégal : le cored, pilier de l autorégulation journalistique",https://dubawa.org/senegal-le-cored-pilier-de-lautoregulation-journalistique/,4044,category-only,5,category:4044; title:senegal
2024,17/11/2024,Senegal,Parliamentary,18590,post,08/05/2024,08/05/2024,-193,faux! le sénégal n a pas changé sa langue officielle du français à l arabe,https://dubawa.org/faux-le-senegal-na-pas-change-sa-langue-officielle-du-francais-a-larabe/,4044,category-only,7,category:4044; title:senegal; body:bassirou diomaye; body:diomaye faye
2024,17/11/2024,Senegal,Parliamentary,18541,post,06/05/2024,06/05/2024,-195,tchad : déroulement du vote de ce 6 mai,https://dubawa.org/tchad-deroulement-du-vote-de-ce-6-mai/,4044,category-only,4,category:4044; election:election|élection|vote
2024,17/11/2024,Senegal,Parliamentary,18532,post,05/05/2024,05/05/2024,-196,qui sont les candidats à la présidentielle du 6 mai 2024 au tchad?,https://dubawa.org/qui-sont-les-candidats-a-la-presidentielle-du-6-mai-2024-au-tchad/,4044,category-only,4,category:4044; election:élection
2024,17/11/2024,Senegal,Parliamentary,18527,post,04/05/2024,04/05/2024,-197,"présidentielle tchadienne, les étapes du processus électoral",https://dubawa.org/presidentielle-tchadienne-les-etapes-du-processus-electoral/,4044,category-only,4,category:4044; election:élection|vote
2024,17/11/2024,Senegal,Parliamentary,18497,post,02/05/2024,02/05/2024,-199,liberté de la presse au mali et au burkina faso : entre restrictions et incertitudes,https://dubawa.org/liberte-de-la-presse-au-mali-et-au-burkina-faso-entre-restrictions-et-incertitudes/,4044,category-only,3,category:4044
2024,17/11/2024,Senegal,Parliamentary,18494,post,02/05/2024,02/05/2024,-199,"oui, le sénégal va fournir de l’électricité à la guinée",https://dubawa.org/oui-le-senegal-va-fournir-de-lelectricite-a-la-guinee/,4044,category-only,8,category:4044; title:senegal; body:bassirou diomaye; body:ousmane sonko; body:sonko
2024,17/11/2024,Senegal,Parliamentary,18454,post,30/04/2024,30/04/2024,-201,guinée : la voix des médias bâillonnée par le pouvoir,https://dubawa.org/guinee-la-voix-des-medias-baillonnee-par-le-pouvoir/,4044,category-only,3,category:4044
2024,17/11/2024,Senegal,Parliamentary,18294,post,17/04/2024,17/04/2024,-214,"jacques habib sy, supposé époux de yacine fall et impliqué dans un scandale de 65 milliards? démêler le vrai du faux autour de cette affirmation”",https://dubawa.org/jacques-habib-sy-suppose-epoux-de-yacine-fall-et-implique-dans-un-scandale-de-65-milliards-demeler-le-vrai-du-faux-autour-de-cette-affirmation/,4044,category-only,3,category:4044
2024,17/11/2024,Senegal,Parliamentary,18093,post,04/04/2024,04/04/2024,-227,sénégal : soubresauts pour une loi d’accès à l’information,https://dubawa.org/senegal-soubresauts-pour-une-loi-dacces-a-linformation/,4044,category-only,5,category:4044; title:senegal
2024,17/11/2024,Senegal,Parliamentary,17906,post,25/03/2024,28/03/2024,-237,parcours de bassirou diomaye faye,https://dubawa.org/parcours-de-bassirou-diomaye-faye/,4044,category-only,12,category:4044; body:dakar; title:bassirou diomaye; title:diomaye faye; body:ousmane sonko; body:sonko; body:amadou ba; body:pastef
2024,17/11/2024,Senegal,Parliamentary,17902,post,25/03/2024,28/03/2024,-237,chapo,https://dubawa.org/chapo-2/,4044,category-only,4,category:4044; election:vote
2024,17/11/2024,Senegal,Parliamentary,17882,post,25/03/2024,28/03/2024,-237,le point des observateurs de wanep après le vote,https://dubawa.org/le-point-des-observateurs-de-wanep-apres-le-vote/,4044,category-only,4,category:4044; election:vote
2024,17/11/2024,Senegal,Parliamentary,17879,post,24/03/2024,28/03/2024,-238,mécontentement d’électeurs dans le département keur massar,https://dubawa.org/mecontentement-delecteurs-dans-le-departement-keur-massar/,4044,category-only,4,category:4044; election:vote|voter
2024,17/11/2024,Senegal,Parliamentary,17875,post,24/03/2024,28/03/2024,-238,présidentielle : le candidat daouda ndiaye dénonce l’absence de ses bulletins de vote,https://dubawa.org/presidentielle-le-candidat-daouda-ndiaye-denonce-labsence-de-ses-bulletins-de-vote/,4044,category-only,4,category:4044; election:vote
2024,17/11/2024,Senegal,Parliamentary,17871,post,24/03/2024,28/03/2024,-238,"election présidentielle : arrestation d’un jeune de benno à yeumbeul sud, le commissariat dément",https://dubawa.org/election-presidentielle-arrestation-dun-jeune-de-benno-a-yeumbeul-sud-le-commissariat-dement/,4044,category-only,4,category:4044; election:election|vote
2024,17/11/2024,Senegal,Parliamentary,17854,post,24/03/2024,28/03/2024,-238,"at 10:50 a.m., wanep observers reported that voting was proceeding normally and calmly, wanep regional coordinatorjulien oussou, told mariama thiam and ludmila lengogha in an interview.",https://dubawa.org/at-1050-a-m-wanep-observers-reported-that-voting-was-proceeding-normally-and-calmly-wanep-regional-coordinatorjulien-oussou-told-mariama-thiam-and-ludmila-lengogha-in-an-interview/,4044,category-only,3,category:4044
2024,17/11/2024,Senegal,Parliamentary,17850,post,24/03/2024,28/03/2024,-238,"bilan à 10h50 des observateurs de wanep le vote se déroule normalement et dans le calme nous explique le coordonnateur régional à wanep, julien oussou interrogé par mariama thiam et ludmila lengogha",https://dubawa.org/bilan-a-10h50-des-observateurs-de-wanep-le-vote-se-deroule-normalement-et-dans-le-calme-nous-explique-le-coordonnateur-regional-a-wanep-julien-oussou-interroge-par-mariama-thiam-et-ludmila-lengogha/,4044,category-only,4,category:4044; election:vote
2024,17/11/2024,Senegal,Parliamentary,17838,post,24/03/2024,28/03/2024,-238,sénégal: supposé incendie criminelle chez une députée du pds,https://dubawa.org/senegal-suppose-incendie-criminelle-chez-une-deputee-du-pds/,4044,category-only,8,category:4044; title:senegal; body:ousmane sonko; body:sonko; body:pastef
2024,17/11/2024,Senegal,Parliamentary,17792,post,22/03/2024,28/03/2024,-240,le digital en appoint de la communication électorale traditionnelle,https://dubawa.org/le-digital-en-appoint-de-la-communication-electorale-traditionnelle/,4044,category-only,4,category:4044; election:élection
2024,07/12/2024,Ghana,Presidential and Parliamentary,10515,post,31/12/2024,31/12/2024,24,did president akufo-addo urge us to invade burkina faso?,https://ghana.dubawa.org/did-president-akufo-addo-urge-us-to-invade-burkina-faso/,862|16|119,window,1,body:ghana
2024,07/12/2024,Ghana,Presidential and Parliamentary,10488,post,24/12/2024,24/12/2024,17,"the cost of deferred dreams: how ‘baby politicians’ misapplied ghs30,000 unimac-ij src student endowment fund",https://ghana.dubawa.org/the-cost-of-deferred-dreams-how-baby-politicians-misapplied-ghs30000-unimac-ij-src-student-endowment-fund/,122|863,window,1,election:election|presidential|legislative
2024,07/12/2024,Ghana,Presidential and Parliamentary,10472,post,23/12/2024,24/12/2024,16,how do you stay safe and avoid cholera during the festivities?,https://ghana.dubawa.org/how-do-you-stay-safe-and-avoid-cholera-during-the-festivities/,863|121,window,2,body:ghana; election:election
2024,07/12/2024,Ghana,Presidential and Parliamentary,10379,post,11/12/2024,11/12/2024,4,"true, military men were in zabzugu",https://ghana.dubawa.org/true-military-men-were-in-zabzugu/,5|437|862|1828|2011,window,1,body:ghana
2024,07/12/2024,Ghana,Presidential and Parliamentary,10373,post,11/12/2024,11/12/2024,4,false! free dialysis happening at korle bu and bolgatanga regional hospital,https://ghana.dubawa.org/false-free-dialysis-happening-at-korle-bu-and-bolgatanga-regional-hospital/,5|862|1828|2011,window,1,body:ghana
2024,07/12/2024,Ghana,Presidential and Parliamentary,10356,post,10/12/2024,10/12/2024,3,claim that police officer was beaten at ablekuma west for smuggling unsealed ballot boxes false,https://ghana.dubawa.org/claim-that-police-officer-was-beaten-at-ablekuma-west-for-smuggling-unsealed-ballot-boxes-false/,5|862|2011,window,1,election:ballot
2024,07/12/2024,Ghana,Presidential and Parliamentary,10345,post,10/12/2024,10/12/2024,3,false! jean mensah is not the first to declare election results in 48 hours,https://ghana.dubawa.org/false-jean-mensah-is-not-the-first-to-declare-election-results-in-48-hours/,5|862|2011|16,window,2,body:electoral commission; election:election|poll
2024,07/12/2024,Ghana,Presidential and Parliamentary,10334,post,10/12/2024,10/12/2024,3,"true, police arrested tolon dce over shooting incident",https://ghana.dubawa.org/true-police-arrested-tolon-dce-over-shooting-incident/,5|862|2011|119,window,1,body:ghana
2024,07/12/2024,Ghana,Presidential and Parliamentary,10330,post,10/12/2024,10/12/2024,3,"13.80 cedis to dollar exchange rate, false",https://ghana.dubawa.org/13-80-cedis-to-dollar-exchange-rate-false/,120|5|862|2011,window,1,body:ghana
2024,07/12/2024,Ghana,Presidential and Parliamentary,10375,post,10/12/2024,11/12/2024,3,misleading; disturbances in wenchi are not politically motivated.,https://ghana.dubawa.org/misleading-disturbances-in-wenchi-are-not-politically-motivated/,5|862|2011,window,2,body:ghana; body:ndc
2024,07/12/2024,Ghana,Presidential and Parliamentary,10320,post,10/12/2024,10/12/2024,3,false! cedi has not dropped to 7 cedis against dollar,https://ghana.dubawa.org/false-cedi-has-not-dropped-to-7-cedis-against-dollar/,5|862|1828|2011,window,2,body:ghana; body:mahama
2024,07/12/2024,Ghana,Presidential and Parliamentary,10318,post,10/12/2024,10/12/2024,3,false! e-levy has not been abolished,https://ghana.dubawa.org/false-e-levy-has-not-been-abolished/,5|862|1828|2011,window,2,body:ghana; election:parliament
2024,07/12/2024,Ghana,Presidential and Parliamentary,10303,post,09/12/2024,09/12/2024,2,picture of ursula owusu resting at collation center is old,https://ghana.dubawa.org/picture-of-ursula-owusu-resting-at-collation-center-is-old/,5|862|1828|2011,window,1,body:ghana
2024,07/12/2024,Ghana,Presidential and Parliamentary,10298,post,09/12/2024,09/12/2024,2,"claim there were only rejected ballots at pantang hospital polling station, false",https://ghana.dubawa.org/claim-there-were-only-rejected-ballots-at-pantang-hospital-polling-station-false/,5|862|1828|2011,window,2,body:ghana; election:vote|ballot|poll
2024,07/12/2024,Ghana,Presidential and Parliamentary,10296,post,09/12/2024,09/12/2024,2,the picture of ursula owusu resting at a collation center is old,https://ghana.dubawa.org/the-picture-of-ursula-owusu-resting-at-a-collation-center-is-old/,5|862|1828|2011,window,1,body:ghana
2024,07/12/2024,Ghana,Presidential and Parliamentary,10294,post,09/12/2024,09/12/2024,2,video of vandalized police station shared on tv3 happened in techiman south police station not lamashegu,https://ghana.dubawa.org/video-of-vandalized-police-station-shared-on-tv3-happened-in-techiman-south-police-station-not-lamashegu/,5|862|1828|2011,window,1,body:ndc
2024,07/12/2024,Ghana,Presidential and Parliamentary,10292,post,09/12/2024,09/12/2024,2,"reports suggesting president akufo addo is hospitalised, false",https://ghana.dubawa.org/reports-suggesting-president-akufo-addo-is-hospitalised-false/,5|862|1828|2011,window,1,body:ghana
2024,07/12/2024,Ghana,Presidential and Parliamentary,10290,post,09/12/2024,09/12/2024,2,"viral video of akufo addo reacting to election result, old and unrelated",https://ghana.dubawa.org/viral-video-of-akufo-addo-reacting-to-election-result-old-and-unrelated/,5|862|2011|16,window,2,body:ghana; election:election
2024,07/12/2024,Ghana,Presidential and Parliamentary,10280,post,08/12/2024,08/12/2024,1,"false! dumelo did not win the ayawaso west wuogon seat with over 20,000- votes gap",https://ghana.dubawa.org/false-dumelo-did-not-win-the-ayawaso-west-wuogon-seat-with-over-20000-votes-gap/,5|862|1828|2011,window,1,election:election|vote|poll
2024,07/12/2024,Ghana,Presidential and Parliamentary,10278,post,08/12/2024,08/12/2024,1,false! president akufo-addo’s statue has not been torn down,https://ghana.dubawa.org/false-president-akufo-addos-statue-has-not-been-torn-down/,5|437|862|1828|2011,window,1,body:ghana
2024,07/12/2024,Ghana,Presidential and Parliamentary,10275,post,08/12/2024,08/12/2024,1,"looters invade tamale agric warehouse, cart away supplies",https://ghana.dubawa.org/looters-invade-tamale-agric-warehouse-cart-away-supplies/,5|862|1828|2011|16,window,1,body:ghana
2024,07/12/2024,Ghana,Presidential and Parliamentary,10270,post,08/12/2024,08/12/2024,1,true! damongo ec district office set on fire amid exchange of gunshots,https://ghana.dubawa.org/true-damongo-ec-district-office-set-on-fire-amid-exchange-of-gunshots/,5|862|1828|2011,window,2,body:ghana; body:electoral commission
2024,07/12/2024,Ghana,Presidential and Parliamentary,10262,post,08/12/2024,08/12/2024,1,fake! ursula owusu’s account did not warn x followers against trolling her,https://ghana.dubawa.org/fake-ursula-owusus-account-did-not-warn-x-followers-against-trolling-her/,5|862|1828|2011,window,1,election:election|parliament
2024,07/12/2024,Ghana,Presidential and Parliamentary,10421,post,07/12/2024,11/12/2024,0,"true, soldiers were spotted in dormaa east constituency in the bono region",https://ghana.dubawa.org/true-soldiers-were-spotted-in-dormaa-east-constituency-in-the-bono-region/,5|862|2011,window,2,body:ghana; body:npp
2024,07/12/2024,Ghana,Presidential and Parliamentary,10401,post,07/12/2024,11/12/2024,0,"false! minor arrested over dummy ballot in atwima kwanwoma constituency, not ballot papers",https://ghana.dubawa.org/false-minor-arrested-over-dummy-ballot-in-atwima-kwanwoma-constituency-not-ballot-papers/,5|862|2011,window,2,body:ghana; election:ballot|poll
2024,07/12/2024,Ghana,Presidential and Parliamentary,10394,post,07/12/2024,11/12/2024,0,false! chief imam didn’t say he would ‘enstool a muslim president’,https://ghana.dubawa.org/false-chief-imam-didnt-say-he-would-enstool-a-muslim-president/,5|862,window,2,body:ghana; body:accra
2024,07/12/2024,Ghana,Presidential and Parliamentary,10191,post,07/12/2024,07/12/2024,0,"true! 1,200 presidential ballots missing in yendi",https://ghana.dubawa.org/true-1200-presidential-ballots-missing-in-yendi/,5|862|1828|2011,window,2,body:ghana; election:ballot|poll|presidential
2024,07/12/2024,Ghana,Presidential and Parliamentary,10164,post,07/12/2024,07/12/2024,0,misleading! there is no resistance to security at aflao border,https://ghana.dubawa.org/misleading-there-is-no-resistance-to-security-at-the-aflao-border/,862|1828|2011|119,window,1,body:ghana
2024,07/12/2024,Ghana,Presidential and Parliamentary,10101,post,06/12/2024,06/12/2024,-1,"false! dollar equivalent of ₵559 nss 2016 allowance, not $143.33",https://ghana.dubawa.org/false-dollar-equivalent-of-%e2%82%b5559-nss-2016-allowance-not-143-33/,910|5|437|1828,window,1,body:ghana
2024,07/12/2024,Ghana,Presidential and Parliamentary,9991,post,03/12/2024,03/12/2024,-4,cjid@10 panellists discuss significance of empowering communities for sustainable improvement in climate change,https://ghana.dubawa.org/cjid10-panellists-discuss-significance-of-empowering-communities-for-sustainable-improvement-in-climate-change/,1828|899,window,1,body:ghana
2024,07/12/2024,Ghana,Presidential and Parliamentary,9985,post,02/12/2024,02/12/2024,-5,"new force’s shalimar abbiusi awarded $10,000, not $1m in case against ghana",https://ghana.dubawa.org/new-forces-shalimar-abbiusi-awarded-10000-not-1m-in-case-against-ghana/,120|862|1828,window,2,title:ghana
2024,07/12/2024,Ghana,Presidential and Parliamentary,9959,post,29/11/2024,02/12/2024,-8,#mdc24: media remains cornerstone of democracy in 21st century-  audrey gadzekpo emphasises,https://ghana.dubawa.org/audrey-gadzekpo-opens-mdc24-emphasises-medias-role-as-democracys-cornerstone-in-21st-century/,1828|899,window,2,body:ghana; election:election
2024,07/12/2024,Ghana,Presidential and Parliamentary,9869,post,26/11/2024,26/11/2024,-11,mdc’24 panellists issue call to action for journalists to safeguard information integrity during africa elections,https://ghana.dubawa.org/mdc24-panellists-issue-call-to-action-for-journalists-to-safeguard-information-integrity-during-africa-elections/,5|1828|899,window,2,body:ghana; election:election|vote|voter
2024,07/12/2024,Ghana,Presidential and Parliamentary,9861,post,25/11/2024,25/11/2024,-12,"viral photo of kylian mbappe and nadia buhari, doctored",https://ghana.dubawa.org/viral-photo-of-kylian-mbappe-and-nadia-buhari-doctored/,437|862|1828,window,1,body:ghana
2024,07/12/2024,Ghana,Presidential and Parliamentary,9826,post,18/11/2024,18/11/2024,-19,"claim joe mettle was police before becoming gospel musician, false",https://ghana.dubawa.org/claim-joe-mettle-was-police-before-becoming-gospel-musician-false/,437|862|1828|123,window,1,body:ghana
2024,07/12/2024,Ghana,Presidential and Parliamentary,9818,post,14/11/2024,14/11/2024,-23,osei kwame despite not owner of viral red customised cybertruck,https://ghana.dubawa.org/osei-kwame-despite-not-owner-of-viral-red-customised-cybertruck/,437|862|1828|1,window,2,body:ghana; body:npp
2024,07/12/2024,Ghana,Presidential and Parliamentary,9728,post,29/10/2024,29/10/2024,-39,"78% of 2024 bece candidates had aggregate 33 and above viral report, false",https://ghana.dubawa.org/78-of-2024-bece-candidates-had-aggregate-33-and-above-viral-report-false/,122|437|862|1828|1,window,2,body:ghana; election:candidate
2025,22/04/2025,Liberia,Nimba County Senate By-election,22756,post,19/05/2025,19/05/2025,27,"côte d’ivoire : affaire le ministre mamadou touré a tenu le micro pour l’ex-président laurent gbagbo, info ou intox ?",https://dubawa.org/cote-divoire-affaire-le-ministre-mamadou-toure-a-tenu-le-micro-pour-lex-president-laurent-gbagbo-info-ou-intox/,123|4269,window,1,election:élection
2025,22/04/2025,Liberia,Nimba County Senate By-election,22752,post,19/05/2025,19/05/2025,27,no! akpabio did not make it to the 9th senate as claimed by nigerian csos,https://dubawa.org/no-akpabio-did-not-make-it-to-the-9th-senate-as-claimed-by-nigerian-csos/,1571|3812|3815|123,window,1,election:election|vote|candidate
2025,22/04/2025,Liberia,Nimba County Senate By-election,22744,post,16/05/2025,16/05/2025,24,fabricated image used in video to claim kwankwaso defected to apc,https://dubawa.org/fabricated-image-used-in-video-to-claim-kwankwaso-defected-to-apc/,1571|3812|3815|16,window,1,election:election
2025,22/04/2025,Liberia,Nimba County Senate By-election,22722,post,15/05/2025,15/05/2025,23,"viral tiktok post claiming nigeria launched missile into burkina faso, clickbait",https://dubawa.org/viral-tiktok-post-claiming-nigeria-launched-missile-into-burkina-faso-clickbait/,1571|437|3812|3815,window,1,election:referendum
2025,22/04/2025,Liberia,Nimba County Senate By-election,22718,post,15/05/2025,15/05/2025,23,did pope leo xiv serve as priest in nigeria as claimed?,https://dubawa.org/did-pope-leo-xiv-serve-as-priest-in-nigeria-as-claimed/,1571|437|3812|3815|123,window,1,election:election
2025,22/04/2025,Liberia,Nimba County Senate By-election,22708,post,14/05/2025,14/05/2025,22,"misleading! el-rufai attended funeral mass, not church service",https://dubawa.org/misleading-el-rufai-attended-funeral-mass-not-church-service/,1571|437|3812|3815,window,1,election:presidential
2025,22/04/2025,Liberia,Nimba County Senate By-election,22670,post,12/05/2025,12/05/2025,20,700 soldats français auraient-ils été déployés à abidjan en mai 2025 pour sécuriser les élections ?,https://dubawa.org/700-soldats-francais-auraient-ils-ete-deployes-a-abidjan-en-mai-2025-pour-securiser-les-elections/,4269,window,1,election:election|élection
2025,22/04/2025,Liberia,Nimba County Senate By-election,22655,post,12/05/2025,13/05/2025,20,fimi: what you should know about foreign information manipulation and interference,https://dubawa.org/fimi-what-you-should-know-about-foreign-information-manipulation-and-interference/,1571|3812|3815|123|1574,window,1,election:election|presidential|referendum
2025,22/04/2025,Liberia,Nimba County Senate By-election,22648,post,12/05/2025,12/05/2025,20,"sakon whatsapp da ya bazu cewa shugaban inec ya ba da hakuri kan yadda aka sauya sakamakon zabe, na jan hankali ne kawai",https://dubawa.org/sakon-whatsapp-da-ya-bazu-cewa-shugaban-inec-ya-ba-da-hakuri-kan-yadda-aka-sauya-sakamakon-zabe-na-jan-hankali-ne-kawai/,3137|2451,window,1,election:referendum
2025,22/04/2025,Liberia,Nimba County Senate By-election,22650,post,11/05/2025,12/05/2025,19,"round up: verydarkman’s arrest, fire at eco bank, others top claims fact-checked this week",https://dubawa.org/round-up-verydarkmans-arrest-fire-at-eco-bank-others-top-claims-fact-checked-this-week/,1571|1572|3812|3815,window,1,election:election
2025,22/04/2025,Liberia,Nimba County Senate By-election,22631,post,10/05/2025,10/05/2025,18,image trompeuse d’une manifestation de la diaspora sénégalaise à genève,https://dubawa.org/image-trompeuse-dune-manifestation-de-la-diaspora-senegalaise-a-geneve/,4044,window,1,election:élection
2025,22/04/2025,Liberia,Nimba County Senate By-election,22615,post,09/05/2025,14/05/2025,17,"nigeria’s gdp per capita data: unravelling the truth in adesina, onanuga contradicting claims",https://dubawa.org/nigerias-gdp-per-capita-data-unravelling-the-truth-in-adesina-onanuga-contradicting-claims/,1571|4|3812|3815,window,1,election:presidential
2025,22/04/2025,Liberia,Nimba County Senate By-election,22587,post,07/05/2025,07/05/2025,15,false! tinubu did not sack efcc chairperson over vdm’s arrest,https://dubawa.org/false-tinubu-did-not-sack-efcc-chairperson-over-vdms-arrest/,1571|437|123,window,1,election:candidate|presidential
2025,22/04/2025,Liberia,Nimba County Senate By-election,22581,post,06/05/2025,07/05/2025,14,#behindthefacts: discussing ethnic disinformation and online hate with miracle akubuo,https://dubawa.org/behindthefacts-discussing-ethnic-disinformation-and-online-hate-with-miracle-akubuo/,1572|1571|4|3812|3815|123,window,1,election:election|candidate
2025,22/04/2025,Liberia,Nimba County Senate By-election,22573,post,06/05/2025,07/05/2025,14,"viral whatsapp message claiming inec chairperson apologised for election manipulation, clickbait",https://dubawa.org/viral-whatsapp-message-claiming-inec-chairperson-apologised-for-election-manipulation-clickbait/,1571|437|3812|3815|16,window,1,election:election|presidential|referendum
2025,22/04/2025,Liberia,Nimba County Senate By-election,22553,post,04/05/2025,04/05/2025,12,gistreel updates report after dubawa’s fact check,https://dubawa.org/gistreel-updates-report-after-dubawas-fact-check/,1571|3812|3815|1688,window,1,election:poll
2025,22/04/2025,Liberia,Nimba County Senate By-election,22538,post,03/05/2025,03/05/2025,11,how popular x accounts spread false narratives about nigeria’s igbo tribe,https://dubawa.org/how-popular-x-accounts-spread-false-narratives-about-nigerias-igbo-tribe/,1571|4352|3812|3815|123,window,1,election:poll
2025,22/04/2025,Liberia,Nimba County Senate By-election,22535,post,02/05/2025,05/05/2025,10,"dubawa, daidac selects 40 journalists for its kwame karikari 2025 fact-checking and osint fellowship",https://dubawa.org/dubawa-daidac-selects-40-journalists-for-its-kwame-karikari-2025-fact-checking-and-osint-fellowship/,1688|1571|3812|3815,window,2,body:liberia; election:election|poll
2025,22/04/2025,Liberia,Nimba County Senate By-election,22522,post,01/05/2025,01/05/2025,9,viral video showing sowore meeting with nsa boss dates back to 2018,https://dubawa.org/viral-video-showing-sowore-meeting-with-nsa-boss-dates-back-to-2018/,1571|437|3812|3815,window,1,election:election|candidate|presidential
2025,22/04/2025,Liberia,Nimba County Senate By-election,22496,post,29/04/2025,29/04/2025,7,"facebook clip showing seun okinbaloye promoting crypto platform, manipulated",https://dubawa.org/facebook-clip-showing-seun-okinbaloye-promoting-crypto-platform-manipulated/,1571|120|437|3812|3815,window,1,election:election
2025,22/04/2025,Liberia,Nimba County Senate By-election,22449,post,25/04/2025,25/04/2025,3,intox : des images anciennes des violences post électorales de 2011 utilisées pour discréditer la marche du pdci-rda du 24 avril 2025,https://dubawa.org/intox-des-images-anciennes-des-violences-post-electorales-de-2011-utilisees-pour-discrediter-la-marche-du-pdci-rda-du-24-avril-2025/,4269,window,1,election:élection
2025,22/04/2025,Liberia,Nimba County Senate By-election,22381,post,21/04/2025,21/04/2025,-1,une vieille affaire de faux lieutenant-colonel de l’armée ivoirienne refait surface 3 ans après,https://dubawa.org/une-vieille-affaire-de-faux-lieutenant-colonel-de-larmee-ivoirienne-refait-surface-3-ans-apres/,4269,window,1,election:élection
2025,22/04/2025,Liberia,Nimba County Senate By-election,22378,post,21/04/2025,21/04/2025,-1,les propos anti-français attribués au président ghanéen sont faux,https://dubawa.org/les-propos-anti-francais-attribues-au-president-ghaneen-sont-faux/,4269,window,1,election:élection
2025,22/04/2025,Liberia,Nimba County Senate By-election,22375,post,21/04/2025,21/04/2025,-1,"non, gilbert kafana koné n’est pas le maire de yamoussoukro, capitale politique de la côte d’ivoire",https://dubawa.org/non-gilbert-kafana-kone-nest-pas-le-maire-de-yamoussoukro-capitale-politique-de-la-cote-divoire/,4269,window,1,election:élection
2025,22/04/2025,Liberia,Nimba County Senate By-election,22319,post,16/04/2025,16/04/2025,-6,"non, la france ne prévoit pas un embargo contre la côte d’ivoire",https://dubawa.org/non-la-france-ne-prevoit-pas-un-embargo-contre-la-cote-divoire/,4269,window,1,election:élection
2025,22/04/2025,Liberia,Nimba County Senate By-election,22284,post,15/04/2025,15/04/2025,-7,was $1 equivalent to n22 during abacha’s rule?,https://dubawa.org/was-1-equivalent-to-n22-during-abachas-rule/,1571|120|3812|3815,window,1,election:election
2025,22/04/2025,Liberia,Nimba County Senate By-election,22254,post,11/04/2025,11/04/2025,-11,yadda ake amfani da harshen uwa da labaran karya a yada wasu bakin manufofi,https://dubawa.org/yadda-ake-amfani-da-harshen-uwa-da-labaran-karya-a-yada-wasu-bakin-manufofi/,3137|2451,window,1,election:election
2025,22/04/2025,Liberia,Nimba County Senate By-election,22218,post,08/04/2025,08/04/2025,-14,"facebook video depicting kwankwaso calling for reprisal attack on igbos, altered",https://dubawa.org/facebook-video-depicting-kwankwaso-calling-for-reprisal-attack-on-igbos-altered/,1571|437|3812|3815,window,1,election:election
2025,22/04/2025,Liberia,Nimba County Senate By-election,22198,post,04/04/2025,04/04/2025,-18,has umar damagum resigned as pdp acting chairperson?,https://dubawa.org/has-umar-damagum-resigned-as-pdp-acting-chairperson/,1571|437|3812|3815|16,window,1,election:election|vote|voter
2025,22/04/2025,Liberia,Nimba County Senate By-election,22184,post,02/04/2025,02/04/2025,-20,fact-checking : l’innovation au coeur de la bourse 2025 cjid,https://dubawa.org/fact-checking-linnovation-au-coeur-de-la-bourse-2025-cjid/,4044,window,1,election:élection
2025,22/04/2025,Liberia,Nimba County Senate By-election,22171,post,30/03/2025,30/03/2025,-23,how local language disinformation is used to promote authoritarian foreign influence,https://dubawa.org/how-local-language-disinformation-is-used-to-promote-authoritarian-foreign-influence/,1574|3812|3815|123,window,1,election:election
2025,22/04/2025,Liberia,Nimba County Senate By-election,22163,post,30/03/2025,02/04/2025,-23,"round-up: rivers state, inibehe okon, natasha, other trending matters generating false claims during the week",https://dubawa.org/round-up-rivers-state-inibehe-okon-natasha-other-trending-matters-generating-false-claims-during-the-week/,1571|4|3812|3815|123|1574,window,1,election:poll|presidential|legislative
2025,22/04/2025,Liberia,Nimba County Senate By-election,22154,post,28/03/2025,28/03/2025,-25,"false! reps have not passed law equalising bsc, hnd",https://dubawa.org/false-reps-have-not-passed-law-equalising-bsc-hnd/,1571|122|3812|3815,window,1,election:vote|presidential|legislative
2025,22/04/2025,Liberia,Nimba County Senate By-election,22140,post,28/03/2025,28/03/2025,-25,shin da gaske ne kotun hukunta miyagun laifuka ta icc ta bukaci da a kama shugaban majalisar dokokin najeriya godswill akpabio?,https://dubawa.org/shin-da-gaske-ne-kotun-hukunta-miyagun-laifuka-ta-icc-ta-bukaci-da-a-kama-shugaban-majalisar-dokokin-najeriya-godswill-akpabio/,3137|2451,window,1,election:parliament
2025,22/04/2025,Liberia,Nimba County Senate By-election,22132,post,27/03/2025,27/03/2025,-26,has pornography been banned in nigeria?,https://dubawa.org/has-pornography-been-banned-in-nigeria/,123,window,1,election:legislative
2025,22/04/2025,Liberia,Nimba County Senate By-election,22121,post,27/03/2025,27/03/2025,-26,shafin  x da ya nuna ibb na jinjina wa buhari saboda amincewa da abiola a matsayin shugaban kasa wannan shafin na bogi ne,https://dubawa.org/shafin-x-da-ya-nuna-ibb-na-jinjina-wa-buhari-saboda-amincewa-da-abiola-a-matsayin-shugaban-kasa-wannan-shafin-na-bogi-ne/,3137|2451,window,1,election:election
2025,22/04/2025,Liberia,Nimba County Senate By-election,22112,post,26/03/2025,26/03/2025,-27,did icc issue an arrest warrant for senate president godswill akpabio?,https://dubawa.org/did-icc-issue-an-arrest-warrant-for-senate-president-godswill-akpabio/,1571|437|3812|3815|16,window,1,election:parliament
2025,22/04/2025,Liberia,Nimba County Senate By-election,22093,post,26/03/2025,26/03/2025,-27,"did wike’s security invade fubara’s private residence, as claimed?",https://dubawa.org/did-wikes-security-invade-fubaras-private-residence-as-claimed/,1571|437|3812|3815|16,window,1,election:candidate|presidential
2025,22/04/2025,Liberia,Nimba County Senate By-election,22072,post,25/03/2025,25/03/2025,-28,"le parti de l’ex président ivoirien, laurent gbagbo va-t-il déposer un recours excluant l’actuel chef de l’etat des listes électorales ?",https://dubawa.org/le-parti-de-lex-president-ivoirien-laurent-gbagbo-va-t-il-deposer-un-recours-excluant-lactuel-chef-de-letat-des-listes-electorales/,4269,window,1,election:élection
2025,22/04/2025,Liberia,Nimba County Senate By-election,22069,post,25/03/2025,26/03/2025,-28,slpp withdraws pprc from observing and conducting party elections,https://dubawa.org/slpp-withdraws-pprc-from-observing-and-conducting-party-elections/,1571|3815|16|1268,window,1,election:election
2025,22/04/2025,Liberia,Nimba County Senate By-election,22063,post,25/03/2025,25/03/2025,-28,end of days? unravelling the mystery behind viral ‘blood-red river’,https://dubawa.org/end-of-days-unravelling-the-mystery-behind-viral-blood-red-river/,1571|437|3812|3815|123|1574,window,1,election:poll|runoff
2025,22/04/2025,Liberia,Nimba County Senate By-election,22052,post,25/03/2025,25/03/2025,-28,"did burkina faso’s military leader, ibrahim traore, decline white house’s invitation to trump’s inauguration?",https://dubawa.org/did-burkina-fasos-military-leader-ibrahim-traore-decline-white-houses-invitation-to-trumps-inauguration/,1571|437|3812|3815|16,window,1,election:presidential
2025,22/04/2025,Liberia,Nimba County Senate By-election,22028,post,23/03/2025,23/03/2025,-30,"round-up: sport, fire disaster, demolition, others, top claims verified this week",https://dubawa.org/round-up-sport-fire-disaster-demolition-others-top-claims-verified-this-week/,1571|3812|3815|1574,window,1,body:liberia
2025,22/04/2025,Liberia,Nimba County Senate By-election,21980,post,19/03/2025,19/03/2025,-34,"dauda bangura is still in the national team, contrary to social media claims",https://dubawa.org/dauda-bangura-is-still-in-the-national-team-contrary-to-social-media-claims/,1571|4|3812|3815|1268,window,1,election:election
2025,22/04/2025,Liberia,Nimba County Senate By-election,21977,post,19/03/2025,19/03/2025,-34,is the state of emergency declaration in rivers state legal?,https://dubawa.org/is-the-state-of-emergency-declaration-in-rivers-state-legal/,1572|3812|3815|16,window,1,election:vote|legislative
2025,22/04/2025,Liberia,Nimba County Senate By-election,21944,post,16/03/2025,16/03/2025,-37,constitutional implications surrounding senator natasha’s suspension,https://dubawa.org/constitutional-implications-surrounding-senator-natashas-suspension/,1574|3812|3815|16,window,1,election:parliament|legislative
2025,22/04/2025,Liberia,Nimba County Senate By-election,21908,post,12/03/2025,12/03/2025,-41,explainer: understanding gambia’s crisis over adopting a new constitution,https://dubawa.org/explainer-understanding-gambias-crisis-over-adopting-a-new-constitution/,2815|1572|3815,window,1,election:election|vote|parliament
2025,22/04/2025,Liberia,Nimba County Senate By-election,31569,post,01/09/2026,01/09/2026,497,"image showcasing police ig coleman and stephene audrey in car, ai-generated",https://dubawa.org/image-showcasing-police-ig-coleman-and-stephene-audrey-in-car-ai-generated/,1960,category-only,6,category:1960; body:liberia; body:joseph boakai; body:boakai
2025,22/04/2025,Liberia,Nimba County Senate By-election,31564,post,01/09/2026,01/09/2026,497,false! inflation did not reduce from 12.8% to 4.0%,https://dubawa.org/false-inflation-did-not-reduce-from-12-8-to-4-0/,1571|1960,category-only,6,category:1960; body:liberia; body:joseph boakai; body:boakai
2025,22/04/2025,Liberia,Nimba County Senate By-election,31546,post,01/09/2026,01/09/2026,497,liberia drug bust! here is all we know,https://dubawa.org/liberia-drug-bust-here-is-all-we-know/,1960|1572,category-only,10,category:1960; title:liberia; body:monrovia; body:george weah; body:weah; body:joseph boakai; body:boakai
2025,22/04/2025,Liberia,Nimba County Senate By-election,31457,post,27/08/2026,27/08/2026,492,false! civil servants’ salaries have been delayed under boakai’s administration,https://dubawa.org/false-civil-servants-salaries-have-been-delayed-under-boakais-administration/,1960,category-only,7,category:1960; body:liberia; body:joseph boakai; title:boakai
2025,22/04/2025,Liberia,Nimba County Senate By-election,31449,post,27/08/2026,27/08/2026,492,false! boakia not booed during independence day celebration,https://dubawa.org/false-boakia-not-booed-during-independence-day-celebration/,1960|16,category-only,8,category:1960; body:liberia; body:monrovia; body:weah; body:joseph boakai; body:boakai
2025,22/04/2025,Liberia,Nimba County Senate By-election,31371,post,25/08/2026,25/08/2026,490,false! liberia’s 2024 public debt-to-gdp ratio is not 56.1%,https://dubawa.org/false-liberias-2024-public-debt-to-gdp-ratio-is-not-56-1/,1571|1960,category-only,5,category:1960; title:liberia
2025,22/04/2025,Liberia,Nimba County Senate By-election,31003,post,14/08/2026,14/08/2026,479,false! liberia is not only african country with over 100 years of independence,https://dubawa.org/false-liberia-is-not-only-african-country-with-over-100-years-of-independence/,1960,category-only,5,category:1960; title:liberia
2025,22/04/2025,Liberia,Nimba County Senate By-election,30984,post,14/08/2026,14/08/2026,479,"false! liberia’s 2023 maternal mortality was not 742 per 100,000",https://dubawa.org/false-liberias-2023-maternal-mortality-was-not-742-per-100000/,1571|1960,category-only,5,category:1960; title:liberia
2025,22/04/2025,Liberia,Nimba County Senate By-election,30979,post,14/08/2026,14/08/2026,479,false! $14m loan agreement for greenville port rehabilitation was not secured during previous government,https://dubawa.org/false-14m-loan-agreement-for-greenville-port-rehabilitation-was-not-secured-during-previous-government/,1571|1960,category-only,8,category:1960; body:liberia; body:george weah; body:weah; body:joseph boakai; body:boakai
2025,22/04/2025,Liberia,Nimba County Senate By-election,30956,post,13/08/2026,13/08/2026,478,"image purporting to be new city of sanniquellie, ai-generated",https://dubawa.org/image-purporting-to-be-new-city-of-sanniquellie-ai-generated/,1571|3815|1960,category-only,4,category:1960; body:nimba
2025,22/04/2025,Liberia,Nimba County Senate By-election,30785,post,07/08/2026,07/08/2026,472,false! liberia national police is not ranked 17th in africa,https://dubawa.org/false-liberia-national-police-is-not-ranked-17th-in-africa/,1571|3815|1960,category-only,8,category:1960; title:liberia; body:george weah; body:weah; body:unity party
2025,22/04/2025,Liberia,Nimba County Senate By-election,30743,post,04/08/2026,04/08/2026,469,"false! former president charles d.b king, not liberia’s 16th president",https://dubawa.org/false-former-president-charles-d-b-king-not-liberias-16th-president/,1960,category-only,6,category:1960; title:liberia; body:weah
2025,22/04/2025,Liberia,Nimba County Senate By-election,30738,post,04/08/2026,04/08/2026,469,"photos of messi bathing and carrying baby lamine yamal, not ai-generated",https://dubawa.org/photos-of-messi-bathing-and-carrying-baby-lamine-yamal-not-ai-generated/,1960,category-only,3,category:1960
2025,22/04/2025,Liberia,Nimba County Senate By-election,30723,post,04/08/2026,04/08/2026,469,liberia-guinea border crisis; what we found!,https://dubawa.org/liberia-guinea-border-crisis-what-we-found/,1572|1960,category-only,6,category:1960; title:liberia; body:boakai
2025,22/04/2025,Liberia,Nimba County Senate By-election,30630,post,28/07/2026,28/07/2026,462,"viral video of messi crying after world cup final defeat, ai-generated",https://dubawa.org/viral-video-of-messi-crying-after-world-cup-final-defeat-ai-generated/,1571|437|1960|3704,category-only,3,category:1960
2025,22/04/2025,Liberia,Nimba County Senate By-election,30623,post,28/07/2026,28/07/2026,462,false! arrested drug suspect not aim4d chairperson,https://dubawa.org/false-arrested-drug-suspect-not-aim4d-chairperson/,1960|1571,category-only,4,category:1960; body:liberia
2025,22/04/2025,Liberia,Nimba County Senate By-election,30503,post,22/07/2026,22/07/2026,456,are service passports issued to journalists non-renewable?,https://dubawa.org/are-service-passports-issued-to-journalists-non-renewable/,1571|3815|1960,category-only,4,category:1960; body:liberia
2025,22/04/2025,Liberia,Nimba County Senate By-election,30433,post,20/07/2026,20/07/2026,454,false! rice importation has not reduced by 35%,https://dubawa.org/false-rice-importation-has-not-reduced-by-35/,1571|437|1960|123,category-only,5,category:1960; body:liberia; body:unity party
2025,22/04/2025,Liberia,Nimba County Senate By-election,30347,post,15/07/2026,15/07/2026,449,false! national security agency’s budget is not bigger than liberia national police’s allocation,https://dubawa.org/false-national-security-agencys-budget-is-not-bigger-than-liberia-national-polices-allocation/,1571|1960,category-only,5,category:1960; title:liberia
2025,22/04/2025,Liberia,Nimba County Senate By-election,30327,post,15/07/2026,15/07/2026,449,false! lebanon’s population is not less than 5 million,https://dubawa.org/false-lebanons-population-is-not-less-than-5-million/,1960,category-only,4,category:1960; body:liberia
2025,22/04/2025,Liberia,Nimba County Senate By-election,30019,post,27/06/2026,27/06/2026,431,"nigeria’s population is about 242 million, not 1 billion",https://dubawa.org/nigerias-population-is-about-242-million-not-1-billion/,1960|437|1571,category-only,4,category:1960; body:liberia
2025,22/04/2025,Liberia,Nimba County Senate By-election,29991,post,26/06/2026,26/06/2026,430,"misleading, the u.s. did not deport iran’s player over gun celebration",https://dubawa.org/misleading-the-u-s-did-not-deport-irans-player-over-gun-celebration/,437|1960,category-only,3,category:1960
2025,22/04/2025,Liberia,Nimba County Senate By-election,29988,post,26/06/2026,26/06/2026,430,misleading! weah administration did not do 85% of ganta to saclepea road,https://dubawa.org/misleading-weah-administration-did-not-do-85-of-ganta-to-saclepea-road/,1960,category-only,8,category:1960; body:george weah; title:weah; body:boakai; body:nimba
2025,22/04/2025,Liberia,Nimba County Senate By-election,29927,post,23/06/2026,23/06/2026,427,false! liberia’s drug enforcement agency boss didn’t resign over $19m drug investigation,https://dubawa.org/false-liberias-drug-enforcement-agency-boss-didnt-resign-over-19m-drug-investigation/,1960,category-only,5,category:1960; title:liberia
2025,22/04/2025,Liberia,Nimba County Senate By-election,29923,post,23/06/2026,23/06/2026,427,"claim 90% of liberians do not have access to safe drinking water, false",https://dubawa.org/claim-90-of-liberians-do-not-have-access-to-safe-drinking-water-false/,1960,category-only,5,category:1960; title:liberia
2025,22/04/2025,Liberia,Nimba County Senate By-election,29877,post,20/06/2026,20/06/2026,424,false! 90% of liberia’s population not jobless,https://dubawa.org/false-90-of-liberias-population-not-jobless/,1960,category-only,5,category:1960; title:liberia
2025,22/04/2025,Liberia,Nimba County Senate By-election,29853,post,20/06/2026,20/06/2026,424,"seized $19m worth of drugs at ria airport, liberia: this is what we know",https://dubawa.org/seized-19m-worth-of-drugs-at-ria-airport-liberia-this-is-what-we-know/,1572|1960,category-only,7,category:1960; title:liberia; body:boakai; body:nimba
2025,22/04/2025,Liberia,Nimba County Senate By-election,29712,post,15/06/2026,15/06/2026,419,nigeria’s viral diplomatic response to  liberia’s letter of complaint was  fake’,https://dubawa.org/nigerias-viral-diplomatic-response-to-liberias-letter-of-complaint-was-fake/,1571|1960,category-only,5,category:1960; title:liberia
2025,22/04/2025,Liberia,Nimba County Senate By-election,29367,post,29/05/2026,29/05/2026,402,false! ebola not in liberia,https://dubawa.org/false-ebola-not-in-liberia/,1571|437|1960,category-only,5,category:1960; title:liberia
2025,22/04/2025,Liberia,Nimba County Senate By-election,29246,post,24/05/2026,24/05/2026,397,"misleading! ‘integrity icon,’ emmanuel tuloe has not dropped out of school",https://dubawa.org/misleading-integrity-icon-emmanuel-tuloe-has-not-dropped-out-of-school/,1571|1960,category-only,8,category:1960; body:liberia; body:monrovia; body:george weah; body:weah; body:nimba
2025,22/04/2025,Liberia,Nimba County Senate By-election,29183,post,19/05/2026,19/05/2026,392,"facebook monetises liberia: the opportunities, risks, and association with disinformation",https://dubawa.org/facebook-monetises-liberia-the-opportunities-risks-and-association-with-disinformation/,1572|437|1960,category-only,5,category:1960; title:liberia
2025,22/04/2025,Liberia,Nimba County Senate By-election,28944,post,04/05/2026,04/05/2026,377,false! last housing unit constructed by government not during former president tolbert’s regime,https://dubawa.org/false-last-housing-unit-constructed-by-government-not-during-former-president-tolberts-regime/,1571|1960,category-only,7,category:1960; body:liberia; body:monrovia; body:george weah; body:weah
2025,22/04/2025,Liberia,Nimba County Senate By-election,28899,post,01/05/2026,01/05/2026,374,"misleading! images of scattered food, not from liberia",https://dubawa.org/misleading-images-of-scattered-food-not-from-liberia/,1571|437|1960,category-only,5,category:1960; title:liberia
2025,22/04/2025,Liberia,Nimba County Senate By-election,28872,post,27/04/2026,27/04/2026,370,"misleading! liberia’s total paved road is 9.6%, not 13%",https://dubawa.org/misleading-liberias-total-paved-road-is-9-6-not-13/,1571|3815|1960,category-only,5,category:1960; title:liberia
2025,22/04/2025,Liberia,Nimba County Senate By-election,28856,post,26/04/2026,27/04/2026,369,"claim that liberia has no dna machines, false",https://dubawa.org/claim-that-liberia-has-no-dna-machines-false/,1960,category-only,7,category:1960; title:liberia; body:george weah; body:weah
2025,22/04/2025,Liberia,Nimba County Senate By-election,28726,post,16/04/2026,16/04/2026,359,false! lowest price for petroleum products in liberia is not us$6,https://dubawa.org/false-lowest-price-for-petroleum-products-in-liberia-is-not-us6/,1960,category-only,5,category:1960; title:liberia
2025,22/04/2025,Liberia,Nimba County Senate By-election,28696,post,15/04/2026,15/04/2026,358,"false! video of an accident truck with people looting, not from liberia",https://dubawa.org/false-video-of-an-accident-truck-with-people-looting-not-from-liberia/,1571|437|1960,category-only,5,category:1960; title:liberia
2025,22/04/2025,Liberia,Nimba County Senate By-election,28676,post,14/04/2026,14/04/2026,357,misleading! sam jackson didn’t confirm to murdering his wife,https://dubawa.org/misleading-sam-jackson-didnt-confirm-to-murdering-his-wife/,1960|437|1571|3815,category-only,5,category:1960; body:liberia; body:monrovia
2025,22/04/2025,Liberia,Nimba County Senate By-election,28521,post,07/04/2026,07/04/2026,350,misleading! ministry of health didn’t ban sale of misoprostol tablets in liberia’s pharmacies,https://dubawa.org/misleading-ministry-of-health-didnt-ban-sale-of-misoprostol-tablets-in-liberias-pharmacies/,1960|1571|3815,category-only,5,category:1960; title:liberia
2025,22/04/2025,Liberia,Nimba County Senate By-election,28511,post,06/04/2026,06/04/2026,349,false! french president emmanuel macron did not refuse to intervene in liberia and guinea border crisis,https://dubawa.org/false-french-president-emmanuel-macron-did-not-refuse-to-intervene-in-liberia-and-guinea-border-crisis/,1960|3815|16,category-only,7,category:1960; title:liberia; body:joseph boakai; body:boakai
2025,22/04/2025,Liberia,Nimba County Senate By-election,28440,post,02/04/2026,03/04/2026,345,false! liberia did not spend $3.4m on liberia-guinea border crisis,https://dubawa.org/false-liberia-did-not-spend-3-4m-on-liberia-guinea-border-crisis/,1960|4|3812|3815,category-only,5,category:1960; title:liberia
2025,22/04/2025,Liberia,Nimba County Senate By-election,28405,post,30/03/2026,30/03/2026,342,false! senator saah joseph did not promise muslims holiday,https://dubawa.org/false-senator-saah-joseph-did-not-promise-muslims-holiday/,1571|3815|1960,category-only,3,category:1960
2025,22/04/2025,Liberia,Nimba County Senate By-election,28372,post,26/03/2026,26/03/2026,338,misleading. video of  muslims fighting  not from liberia,https://dubawa.org/misleading-video-of-muslims-fighting-not-from-liberia/,1571|3815|1960,category-only,5,category:1960; title:liberia
2025,22/04/2025,Liberia,Nimba County Senate By-election,28369,post,26/03/2026,26/03/2026,338,false! prophet key has not been released from prison,https://dubawa.org/false-prophet-key-has-not-been-released-from-prison/,1571|3815|1960,category-only,5,category:1960; body:liberia; body:monrovia
2025,22/04/2025,Liberia,Nimba County Senate By-election,28352,post,25/03/2026,25/03/2026,337,misleading! guinean soldiers are not infringing on citizens  movement in kondadu,https://dubawa.org/misleading-guinean-soldiers-are-not-infringing-on-citizens-movement-in-kondadu/,1960|437|1571|3815,category-only,5,category:1960; body:liberia; body:weah
2025,22/04/2025,Liberia,Nimba County Senate By-election,28346,post,25/03/2026,25/03/2026,337,image showcasing guinea’s military crossover is ai-generated,https://dubawa.org/image-showcasing-guineas-military-crossover-is-ai-generated/,1960|3815|119,category-only,6,category:1960; body:liberia; body:joseph boakai; body:boakai
2025,22/04/2025,Liberia,Nimba County Senate By-election,28303,post,21/03/2026,01/04/2026,333,"video of guinea’s president threatening to take over disputed land by force, ai-generated",https://dubawa.org/video-of-guineas-president-threatening-to-take-over-disputed-land-by-force-ai-generated/,16|1571|3815|1960,category-only,4,category:1960; body:liberia
2025,22/04/2025,Liberia,Nimba County Senate By-election,28300,post,21/03/2026,21/03/2026,333,did guinea soldiers re-hoist flag on liberian soil despite peace negotiations?,https://dubawa.org/did-guinea-soldiers-re-hoist-flag-on-liberian-soil-despite-peace-negotiations/,1572|3815|1960,category-only,7,category:1960; title:liberia; body:joseph boakai; body:boakai
2025,22/04/2025,Liberia,Nimba County Senate By-election,28252,post,17/03/2026,17/03/2026,329,false! liberia’s government did not allocate $38m to agriculture from 2024 to 2026,https://dubawa.org/false-liberias-government-did-not-allocate-38m-to-agriculture-from-2024-to-2026/,1571|3815|1960,category-only,6,category:1960; title:liberia; body:unity party
2025,22/04/2025,Liberia,Nimba County Senate By-election,28193,post,13/03/2026,13/03/2026,325,did guinean soldiers kill liberians?,https://dubawa.org/did-guinean-soldiers-kill-liberians/,1571|4|3815|1960|123,category-only,5,category:1960; title:liberia
2025,22/04/2025,Liberia,Nimba County Senate By-election,28184,post,13/03/2026,13/03/2026,325,false! no travel restriction on ghanaians by uk government,https://dubawa.org/false-no-travel-restriction-on-ghanaians-by-uk-government/,1571|4|3812|3815|1960,category-only,5,category:1960; body:liberia; body:boakai
2025,22/04/2025,Liberia,Nimba County Senate By-election,28134,post,11/03/2026,11/03/2026,323,false! cdc did not leave liberia’s international reserve at $240 million,https://dubawa.org/false-cdc-did-not-leave-liberias-international-reserve-at-240-million/,123|120|3815|1960,category-only,9,category:1960; title:liberia; body:george weah; body:weah; body:joseph boakai; body:boakai
2025,22/04/2025,Liberia,Nimba County Senate By-election,28123,post,10/03/2026,10/03/2026,322,false! 80% of teachers in liberia are not volunteers,https://dubawa.org/false-80-of-teachers-in-liberia-are-not-volunteers/,1571|3815|1960,category-only,7,category:1960; title:liberia; body:monrovia; body:nimba
2025,22/04/2025,Liberia,Nimba County Senate By-election,27998,post,27/02/2026,27/02/2026,311,misleading! woman accused of killing grandchildren did not disappear from prison,https://dubawa.org/killing-grandchildren-did-not-disappear-from-prison/,1571|3812|3815|1960,category-only,5,category:1960; body:liberia; body:nimba
2025,22/04/2025,Liberia,Nimba County Senate By-election,27993,post,27/02/2026,27/02/2026,311,false! peter bonor jallah was not released from jail,https://dubawa.org/https-dubawa-org-peter-bonor-jallah/,1571|437|3815|1960,category-only,5,category:1960; body:liberia; body:monrovia
2025,22/04/2025,Liberia,Nimba County Senate By-election,27918,post,24/02/2026,24/02/2026,308,false! ecuador not world’s highest cassava exporter,https://dubawa.org/false-ecuador-not-worlds-highest-cassava-exporter/,1571|437|3815|1960,category-only,4,category:1960; body:liberia
2025,22/04/2025,Liberia,Nimba County Senate By-election,27912,post,24/02/2026,25/02/2026,308,misleading! liberia’s government is subsidising many schools in 2026 national budget,https://dubawa.org/liberias-government-is-subsidising-many-schools-in-2026/,1960|437|3815,category-only,8,category:1960; title:liberia; body:monrovia; body:joseph boakai; body:boakai
2025,22/04/2025,Liberia,Nimba County Senate By-election,27897,post,24/02/2026,24/02/2026,308,false! two overhead bridge construction agreements in congo town not signed during sirleaf s regime,https://dubawa.org/false-two-overhead-bridge-agreements-congo-town-sirleaf/,1571|3815|1960,category-only,6,category:1960; body:liberia; body:monrovia; body:weah
2025,22/04/2025,Liberia,Nimba County Senate By-election,27870,post,21/02/2026,21/02/2026,305,false! boakai wasn’t in wheelchair during inspection of afl on armed forces day,https://dubawa.org/false-boakai-wasnt-in-wheelchair-during-inspection-of-afl-on-armed-forces-day/,1571|3815|1960,category-only,7,category:1960; body:liberia; body:joseph boakai; title:boakai
2025,22/04/2025,Liberia,Nimba County Senate By-election,27865,post,21/02/2026,21/02/2026,305,"false! who statistics on liberia maternal mortality ratio is not 742 per 100,000 live births",https://dubawa.org/false-who-statistics-on-liberia-maternal-mortality-742-per-100000-live-births-who-statistics-on-liberia-maternal-mortality/,1960|437|1571|3815,category-only,5,category:1960; title:liberia
2025,22/04/2025,Liberia,Nimba County Senate By-election,27861,post,21/02/2026,21/02/2026,305,"prophet kay’s incarceration: the law, freedom of speech and its consequences",https://dubawa.org/prophet-kays-incarceration-the-law-freedom-of-speech-and-its-consequences/,1572|3812|3815|1960,category-only,4,category:1960; body:liberia
2025,22/04/2025,Liberia,Nimba County Senate By-election,27517,post,29/01/2026,29/01/2026,282,did trump write to norway about dissatisfaction over nobel peace prize award snub?,https://dubawa.org/did-trump-write-to-norway-about-dissatisfaction-over-nobel-peace-prize-award-snub/,1571|437|4|3812|3815|1960,category-only,3,category:1960
2025,22/04/2025,Liberia,Nimba County Senate By-election,27384,post,21/01/2026,21/01/2026,274,false! naymote’s 2025 meter report covers one year of boakai’s administration,https://dubawa.org/false-naymotes-2025-meter-report-covers-one-year-of-boakais-administration/,1571|3812|3815|1960,category-only,8,category:1960; body:liberia; body:joseph boakai; title:boakai; body:unity party
2025,22/04/2025,Liberia,Nimba County Senate By-election,27381,post,21/01/2026,21/01/2026,274,"false! liberia’s 2017 domestic revenue, not $452 million",https://dubawa.org/false-liberias-2017-domestic-revenue-not-452-million/,1571|4|3812|3815|1960,category-only,7,category:1960; title:liberia; body:joseph boakai; body:boakai
2025,22/04/2025,Liberia,Nimba County Senate By-election,27378,post,21/01/2026,21/01/2026,274,"did the u.s. suspend visa processing for citizens from 75 countries, including liberia?",https://dubawa.org/did-the-u-s-suspend-visa-processing-for-citizens-from-75-countries-including-liberia/,1571|437|3815|1960,category-only,6,category:1960; title:liberia; body:monrovia
2025,22/04/2025,Liberia,Nimba County Senate By-election,27373,post,21/01/2026,21/01/2026,274,did iranian protesters burn liberia’s flag?,https://dubawa.org/did-iranian-protesters-burn-liberias-flag/,1571|437|3815|1960,category-only,5,category:1960; title:liberia
2025,22/04/2025,Liberia,Nimba County Senate By-election,27318,post,15/01/2026,15/01/2026,268,false! johnson sirleaf’s unity party did not leave exchange rate at $130,https://dubawa.org/false-johnson-sirleafs-unity-party-did-not-leave-exchange-rate-at-130/,1960|437|3815,category-only,6,category:1960; body:liberia; title:unity party
2025,22/04/2025,Liberia,Nimba County Senate By-election,27159,post,12/01/2026,12/01/2026,265,false! the japan freeway project was not dedicated by former president ellen johnson sirleaf,https://dubawa.org/false-the-japan-freeway-project-was-not-dedicated-by-former-president-ellen-johnson-sirleaf/,1960|3815|123,category-only,6,category:1960; body:liberia; body:george weah; body:weah
2025,22/04/2025,Liberia,Nimba County Senate By-election,26639,post,19/12/2025,19/12/2025,241,"false! bong county team player, not dead",https://dubawa.org/false-bong-county-team-player-not-dead/,1571|4|3815|1960,category-only,4,category:1960; body:liberia
2025,22/04/2025,Liberia,Nimba County Senate By-election,26582,post,15/12/2025,15/12/2025,237,did mcc drop 16 countries from benefiting from the 2026 compact?,https://dubawa.org/did-mcc-drop-16-countries-from-benefiting-from-the-2026-compact/,1960|1571|3812|3815,category-only,4,category:1960; body:liberia
2025,22/04/2025,Liberia,Nimba County Senate By-election,26536,post,13/12/2025,13/12/2025,235,has the swedish embassy closed operations in liberia?,https://dubawa.org/has-the-swedish-embassy-closed-operations-in-liberia/,1571|3815|1960,category-only,6,category:1960; title:liberia; body:monrovia
2025,22/04/2025,Liberia,Nimba County Senate By-election,26532,post,13/12/2025,13/12/2025,235,true! liberia second hungriest country in west africa after niger,https://dubawa.org/true-liberia-second-hungriest-country-in-west-africa-after-niger/,1571|3812|3815|1960,category-only,9,category:1960; title:liberia; body:george weah; body:weah; body:boakai; body:unity party
2025,22/04/2025,Liberia,Nimba County Senate By-election,26527,post,13/12/2025,13/12/2025,235,"false! national legislature’s 2026 budget increased by 14%, not over 40%",https://dubawa.org/false-national-legislatures-2026-budget-increased-by-14-not-over-40/,1571|3812|3815|1960,category-only,4,category:1960; body:liberia
2025,22/04/2025,Liberia,Nimba County Senate By-election,26378,post,29/11/2025,29/11/2025,221,did the ministry of public works approve jor-bridge construction?,https://dubawa.org/did-the-ministry-of-public-works-approve-jor-bridge-construction/,1571|3815|1960,category-only,3,category:1960
2025,22/04/2025,Liberia,Nimba County Senate By-election,26374,post,29/11/2025,29/11/2025,221,"false! ministry of agriculture’s draft 2026 budget, not $13 million",https://dubawa.org/false-ministry-of-agricultures-draft-2026-budget-not-13-million/,1960|120|3815,category-only,5,category:1960; body:liberia; body:boakai
2025,22/04/2025,Liberia,Nimba County Senate By-election,26285,post,25/11/2025,25/11/2025,217,budget for liberia national police in 2026 draft budget is not us$8 million,https://dubawa.org/budget-for-liberias-national-police-in-2026-draft-budget-is-not-us8-million/,120|1571|4|3812|3815|1960,category-only,5,category:1960; title:liberia
2025,22/04/2025,Liberia,Nimba County Senate By-election,26279,post,25/11/2025,25/11/2025,217,"claim 24,000 females living with hiv/aids in liberia, misleading",https://dubawa.org/claim-24000-females-living-with-hiv-aids-in-liberia-misleading/,1960|121|3815,category-only,5,category:1960; title:liberia
2025,22/04/2025,Liberia,Nimba County Senate By-election,26275,post,25/11/2025,25/11/2025,217,false! liberia failed the rule of law indicator in fy2026 mcc scorecard,https://dubawa.org/false-liberia-failed-the-rule-of-law-indicator-in-fy2026-mcc-scorecard/,1571|4|3812|3815|1960,category-only,6,category:1960; title:liberia; body:boakai
2025,22/04/2025,Liberia,Nimba County Senate By-election,26258,post,25/11/2025,25/11/2025,217,"the claim of a ratio of one doctor to 5,000 is misleading",https://dubawa.org/the-claim-of-a-ratio-of-one-doctor-to-5000-is-misleading/,1571|4|3815|1960,category-only,6,category:1960; body:liberia; body:joseph boakai; body:boakai
2025,22/04/2025,Liberia,Nimba County Senate By-election,26105,post,21/11/2025,25/11/2025,213,did the ministry of internal affairs budget rise from $14m to $57m in 2026?,https://dubawa.org/did-the-ministry-of-internal-affairs-budget-rise-from-14m-to-57m-in-2026/,1571|120|3815|1960,category-only,5,category:1960; body:liberia; body:boakai
2025,22/04/2025,Liberia,Nimba County Senate By-election,26098,post,21/11/2025,21/11/2025,213,"dubawa trains journalists, bloggers, influencers in liberia on fact-checking",https://dubawa.org/dubawa-trains-journalists-bloggers-influencers-in-liberia-on-fact-checking/,440|3815|1960,category-only,6,category:1960; title:liberia; body:monrovia
2025,22/04/2025,Liberia,Nimba County Senate By-election,26085,post,21/11/2025,21/11/2025,213,did ame university deny the valedictorian’s speech due to religious intolerance?,https://dubawa.org/did-ame-university-deny-the-valedictorians-speech-due-to-religious-intolerance/,1960|122|3815,category-only,4,category:1960; body:liberia
2025,22/04/2025,Liberia,Nimba County Senate By-election,26042,post,19/11/2025,21/11/2025,211,false! national port authority does not owe employees benefits,https://dubawa.org/false-national-port-authority-does-not-owe-employees-benefits/,1571|3815|1960,category-only,4,category:1960; body:liberia
2025,22/04/2025,Liberia,Nimba County Senate By-election,26038,post,19/11/2025,19/11/2025,211,false! chinese government did not withdraw support for construction of overpass in liberia,https://dubawa.org/false-chinese-government-did-not-withdraw-support-for-construction-of-overpass-in-liberia/,1571|3815|1960,category-only,5,category:1960; title:liberia
2025,22/04/2025,Liberia,Nimba County Senate By-election,26011,post,18/11/2025,18/11/2025,210,did french foreign affairs minister deny government’s awareness of president boakai’s visit?,https://dubawa.org/did-french-foreign-affairs-minister-deny-governments-awareness-of-president-boakais-visit/,1571|3815|1960,category-only,6,category:1960; body:liberia; title:boakai
2025,22/04/2025,Liberia,Nimba County Senate By-election,25898,post,12/11/2025,12/11/2025,204,did civil servants work for free in october?,https://dubawa.org/did-civil-servants-work-for-free-in-october/,1571|3815|1960,category-only,5,category:1960; body:liberia; body:boakai
2025,22/04/2025,Liberia,Nimba County Senate By-election,25459,post,27/10/2025,27/10/2025,188,"photo of president boakai undergoing surgery, doctored",https://dubawa.org/photo-of-president-boakai-undergoing-surgery-doctored/,1571|3815|1960,category-only,7,category:1960; body:liberia; body:joseph boakai; title:boakai
2025,22/04/2025,Liberia,Nimba County Senate By-election,25446,post,27/10/2025,27/10/2025,188,"video of criminals breaking into a shop, not from liberia",https://dubawa.org/video-of-criminals-breaking-into-a-shop-not-from-liberia/,1571|3815|1960|119,category-only,5,category:1960; title:liberia
2025,22/04/2025,Liberia,Nimba County Senate By-election,25353,post,24/10/2025,24/10/2025,185,false! kollie-ta wolah school annex not being built by president boakai,https://dubawa.org/false-kollie-ta-wolah-school-annex-not-being-built-by-president-boakai/,1571|3815|1960,category-only,7,category:1960; body:liberia; body:joseph boakai; title:boakai
2025,22/04/2025,Liberia,Nimba County Senate By-election,25268,post,24/10/2025,24/10/2025,185,false! liberia’s economy has experienced growth under the unity party government,https://dubawa.org/false-liberias-economy-has-experienced-growth-under-the-unity-party-government/,1571|4|3812|3815|1960,category-only,7,category:1960; title:liberia; title:unity party
2025,22/04/2025,Liberia,Nimba County Senate By-election,25221,post,22/10/2025,22/10/2025,183,"false! cdc took wage bill to $314 million, not $296 million",https://dubawa.org/false-cdc-took-wage-bill-to-314-million-not-296-million/,1571|4|3815|1960,category-only,6,category:1960; body:liberia; body:weah; body:unity party
2025,22/04/2025,Liberia,Nimba County Senate By-election,24996,post,13/10/2025,02/11/2025,174,reduction in transportation fare publicity not from transport ministry,https://dubawa.org/reduction-in-transportation-fare-publicity-not-from-transport-ministry/,1571|120|3815|1960,category-only,4,category:1960; body:monrovia
2025,22/04/2025,Liberia,Nimba County Senate By-election,24971,post,13/10/2025,13/10/2025,174,false! cdc did not inherit 12% inflation rate,https://dubawa.org/false-cdc-did-not-inherit-12-inflation-rate/,1571|120|3815|1960,category-only,6,category:1960; body:liberia; body:weah; body:unity party
2025,22/04/2025,Liberia,Nimba County Senate By-election,24944,post,10/10/2025,14/10/2025,171,"call for application: information disorder, fimi and the importance of preserving information integrity for bloggers and social media influencers in monrovia",https://dubawa.org/call-for-application-information-disorder-fimi-and-the-importance-of-preserving-information-integrity-for-bloggers-and-social-media-influencers-in-monrovia/,1960|423|1688,category-only,6,category:1960; body:liberia; title:monrovia
2025,22/04/2025,Liberia,Nimba County Senate By-election,24825,post,02/10/2025,02/10/2025,163,koluba’s claim about up government’s $1bn gdp figure false,https://dubawa.org/kolubas-claim-about-up-governments-1bn-gdp-figure-false/,1571|3812|3815|1960|16,category-only,9,category:1960; body:liberia; body:george weah; body:weah; body:joseph boakai; body:boakai; body:unity party
2025,22/04/2025,Liberia,Nimba County Senate By-election,24822,post,02/10/2025,02/10/2025,163,"second quarter  inflation figure in liberia stands at 11.1%, not 13.7%",https://dubawa.org/second-quarter-inflation-figure-in-liberia-stands-at-11-1-not-13-7/,1571|120|3815|1960,category-only,7,category:1960; title:liberia; body:monrovia; body:unity party
2025,22/04/2025,Liberia,Nimba County Senate By-election,24717,post,26/09/2025,26/09/2025,157,"epl eligibility: players from top 50 countries in fifa ranking, not 100 qualify",https://dubawa.org/the-claim-that-playing-in-the-premier-league-is-based-on-a-points-system-is-misleading/,1571|3815|1960,category-only,7,category:1960; body:liberia; body:monrovia; body:george weah; body:weah
2025,22/04/2025,Liberia,Nimba County Senate By-election,24710,post,25/09/2025,25/09/2025,156,"misleading! cdc left exchange rate at l$188, not l$174",https://dubawa.org/misleading-cdc-left-exchange-rate-at-l188-not-l174/,1571|120|4|3812|3815|1960,category-only,8,category:1960; body:liberia; body:george weah; body:weah; body:joseph boakai; body:boakai
2025,22/04/2025,Liberia,Nimba County Senate By-election,24504,post,18/09/2025,18/09/2025,149,is ebola in liberia?,https://dubawa.org/is-ebola-in-liberia/,1571|1960,category-only,6,category:1960; title:liberia; body:nimba
2025,22/04/2025,Liberia,Nimba County Senate By-election,24381,post,12/09/2025,12/09/2025,143,false! liberia not only country in africa that has set aside flag day holiday,https://dubawa.org/false-liberia-not-only-country-in-africa-that-has-set-aside-flag-day-holiday/,1571|3815|1960,category-only,5,category:1960; title:liberia
2025,22/04/2025,Liberia,Nimba County Senate By-election,24278,post,05/09/2025,05/09/2025,136,false! liberia slumped in 2025 global peace index report,https://dubawa.org/false-liberia-slumped-in-2025-global-peace-index-report/,1571|3815|1960,category-only,5,category:1960; title:liberia
2025,22/04/2025,Liberia,Nimba County Senate By-election,24274,post,05/09/2025,05/09/2025,136,"photo of man’s head tied in bloody white cloth, not from sup’s protest",https://dubawa.org/photo-of-mans-head-tied-in-bloody-white-cloth-not-from-sups-protest/,1571|1960,category-only,5,category:1960; body:liberia; body:boakai
2025,22/04/2025,Liberia,Nimba County Senate By-election,24224,post,30/08/2025,30/08/2025,130,all liberian party not first registered party to build headquarters in the country,https://dubawa.org/all-liberian-party-not-first-registered-party-to-build-headquarters-in-the-country/,1960|1571|3815,category-only,6,category:1960; title:liberia; body:monrovia
2025,22/04/2025,Liberia,Nimba County Senate By-election,24220,post,30/08/2025,30/08/2025,130,"morning show host in liberia makes misleading claims about party headquarters, vocational school",https://dubawa.org/morning-show-host-in-liberia-makes-misleading-claims-about-party-headquarters-vocational-school/,1960|1571|3815,category-only,9,category:1960; title:liberia; body:monrovia; body:george weah; body:weah; body:unity party
2025,22/04/2025,Liberia,Nimba County Senate By-election,24150,post,26/08/2025,26/08/2025,126,liberia s drug crisis: a national emergency!,https://dubawa.org/liberias-drug-crisis-a-national-emergency/,1960|1572|121|3815,category-only,8,category:1960; title:liberia; body:monrovia; body:joseph boakai; body:boakai
2025,22/04/2025,Liberia,Nimba County Senate By-election,24109,post,25/08/2025,25/08/2025,125,former president weah did not spend 58 days out of liberia,https://dubawa.org/former-president-weah-did-not-spend-58-days-out-of-liberia/,1960|1571|3815|16,category-only,9,category:1960; title:liberia; body:george weah; title:weah; body:boakai
2025,22/04/2025,Liberia,Nimba County Senate By-election,24077,post,22/08/2025,22/08/2025,122,misleading! the liberia anti-corruption commission did not receive over $1 million budgetary increment for the first time,https://dubawa.org/misleading-the-liberia-anti-corruption-commission-did-not-receive-over-1-million-budgetary-increment-for-the-first-time/,1960|120|1571|3815,category-only,7,category:1960; title:liberia; body:joseph boakai; body:boakai
2025,22/04/2025,Liberia,Nimba County Senate By-election,24064,post,22/08/2025,22/08/2025,122,has facebook been monetised in liberia?,https://dubawa.org/has-facebook-been-monetised-in-liberia/,1960|1571|3815|123,category-only,5,category:1960; title:liberia
2025,22/04/2025,Liberia,Nimba County Senate By-election,24026,post,20/08/2025,24/10/2025,120,the spoon tv owner did not buy freedom fm 87.9,https://dubawa.org/the-spoon-tv-owner-did-not-buy-freedom-fm-87-9/,1960|1571|123,category-only,4,category:1960; body:monrovia
2025,22/04/2025,Liberia,Nimba County Senate By-election,24010,post,19/08/2025,19/08/2025,119,has cdc built new party headquarters?,https://dubawa.org/has-cdc-built-new-party-headquarters/,1960|1571|3815|16,category-only,6,category:1960; body:liberia; body:george weah; body:weah
2025,22/04/2025,Liberia,Nimba County Senate By-election,23976,post,14/08/2025,14/08/2025,114,has liberia s ship registry surpassed panama?,https://dubawa.org/has-liberias-ship-registry-surpassed-panama/,1960|120|1571|3812,category-only,5,category:1960; title:liberia
2025,22/04/2025,Liberia,Nimba County Senate By-election,23897,post,10/08/2025,10/08/2025,110,was tubman of liberia the only african president to meet the queen of england?,https://dubawa.org/was-tubman-of-liberia-the-only-african-president-to-meet-the-queen-of-england/,123|1571|1960,category-only,5,category:1960; title:liberia
2025,22/04/2025,Liberia,Nimba County Senate By-election,23752,post,29/07/2025,29/07/2025,98,dubawa verifies claims by kenyan journalist jeff koinange,https://dubawa.org/dubawa-verifies-claims-by-kenyan-journalist-jeff-koinange/,1960|437|1571|3812|3815,category-only,7,category:1960; body:liberia; body:george weah; body:weah; body:nimba
2025,22/04/2025,Liberia,Nimba County Senate By-election,23735,post,28/07/2025,28/07/2025,97,"misleading! university of liberia student enrollment was not below 10,000 before free tuition",https://dubawa.org/misleading-university-of-liberia-student-enrollment-was-not-below-10000-before-free-tuition/,1571|3815|1960,category-only,7,category:1960; title:liberia; body:george weah; body:weah
2025,22/04/2025,Liberia,Nimba County Senate By-election,23732,post,28/07/2025,28/07/2025,97,"photo of ‘unconscious’ man on stretcher from nigeria, not from liberia",https://dubawa.org/photo-of-unconscious-man-on-stretcher-from-nigeria-not-from-liberia/,1571|1960,category-only,6,category:1960; title:liberia; body:monrovia
2025,22/04/2025,Liberia,Nimba County Senate By-election,23686,post,23/07/2025,23/07/2025,92,did cdc administration budget exceed $600 million mark?,https://dubawa.org/did-cdc-administration-budget-exceed-600-million-mark/,1571|4|3812|3815|1960,category-only,5,category:1960; body:boakai; body:unity party
2025,22/04/2025,Liberia,Nimba County Senate By-election,23669,post,21/07/2025,21/07/2025,90,was cdc youth chairperson arrested with gun during july 17 protest?,https://dubawa.org/was-cdc-youth-chairperson-arrested-with-gun-during-july-17-protest/,1571|4|3812|3815|1960,category-only,7,category:1960; body:liberia; body:monrovia; body:joseph boakai; body:boakai
2025,22/04/2025,Liberia,Nimba County Senate By-election,23643,post,18/07/2025,18/07/2025,87,did boakai say china has conducted comprehensive survey of liberia s mineral resources?,https://dubawa.org/did-boakai-say-china-has-conducted-comprehensive-survey-of-liberias-mineral-resources/,1960|3815,category-only,8,category:1960; title:liberia; body:joseph boakai; title:boakai
2025,22/04/2025,Liberia,Nimba County Senate By-election,23624,post,17/07/2025,17/07/2025,86,"image of mc caro in an accident, not new",https://dubawa.org/image-of-mc-caro-in-an-accident-not-new/,1571|3815|1960,category-only,4,category:1960; body:liberia
2025,22/04/2025,Liberia,Nimba County Senate By-election,23621,post,17/07/2025,17/07/2025,86,boakai has not attacked trump for complimenting his command of english language,https://dubawa.org/boakai-has-not-attacked-trump-for-complimenting-his-command-of-english-language/,1571|4|3815|1960,category-only,7,category:1960; body:liberia; body:joseph boakai; title:boakai
2025,22/04/2025,Liberia,Nimba County Senate By-election,23589,post,14/07/2025,14/07/2025,83,is president boakai rated most educated president in africa?,https://dubawa.org/is-president-boakai-rated-most-educated-president-in-africa/,123|1571|3815|1960,category-only,7,category:1960; body:liberia; body:joseph boakai; title:boakai
2025,22/04/2025,Liberia,Nimba County Senate By-election,23581,post,14/07/2025,14/07/2025,83,liberia not only country with validity dates on nir cards,https://dubawa.org/liberia-not-only-country-with-validity-dates-on-nir-cards/,1571|4|3815|1960,category-only,6,category:1960; title:liberia; body:boakai
2025,22/04/2025,Liberia,Nimba County Senate By-election,23488,post,07/07/2025,07/07/2025,76,false! fee for liberia’s national id card has not increased,https://dubawa.org/false-fee-for-liberias-national-id-card-has-not-increased/,1571|3815|1960,category-only,7,category:1960; title:liberia; body:weah; body:boakai
2025,22/04/2025,Liberia,Nimba County Senate By-election,23455,post,03/07/2025,03/07/2025,72,did iranians burn the liberian flag in place of the u.s. flag amidst conflict with israel?,https://dubawa.org/did-iranians-burn-the-liberian-flag-in-place-of-the-u-s-flag-amidst-conflict-with-israel/,1960|1571,category-only,5,category:1960; title:liberia
2025,22/04/2025,Liberia,Nimba County Senate By-election,23452,post,03/07/2025,03/07/2025,72,"video of crashed plane in muddy water, fake!",https://dubawa.org/video-of-crashed-plane-in-muddy-water-fake/,1960|1571|3815,category-only,3,category:1960
2025,22/04/2025,Liberia,Nimba County Senate By-election,23434,post,02/07/2025,02/07/2025,71,is arcelormittal liberia s iron ore concentrator plant largest in africa?,https://dubawa.org/is-arcelormittal-liberias-iron-ore-concentrator-plant-largest-in-africa/,120|1960|123,category-only,8,category:1960; title:liberia; body:joseph boakai; body:boakai; body:nimba
2025,22/04/2025,Liberia,Nimba County Senate By-election,23274,post,23/06/2025,23/06/2025,62,is liberian artist king dennis dead?,https://dubawa.org/is-liberian-artist-king-dennis-dead/,1960|1571|3815|123,category-only,5,category:1960; title:liberia
2025,22/04/2025,Liberia,Nimba County Senate By-election,23255,post,19/06/2025,19/06/2025,58,"printing press shutdown and nepotism allegations against mayor siafa, false",https://dubawa.org/printing-press-shutdown-and-nepotism-allegations-against-mayor-siafa/,1571|3812|3815|1960,category-only,5,category:1960; body:monrovia; body:unity party
2025,22/04/2025,Liberia,Nimba County Senate By-election,23152,post,14/06/2025,14/06/2025,53,false! the police ig did not call to apologise to cllr. koffa,https://dubawa.org/false-the-police-ig-did-not-call-to-apologise-to-cllr-koffa/,1960|3815|119,category-only,4,category:1960; body:liberia
2025,22/04/2025,Liberia,Nimba County Senate By-election,23148,post,14/06/2025,14/06/2025,53,false! morlu was not arrested by the lnp over arson,https://dubawa.org/false-morlu-was-not-arrested-by-the-lnp-over-arson/,1960|4|3815|123,category-only,5,category:1960; body:liberia; body:monrovia
2025,22/04/2025,Liberia,Nimba County Senate By-election,23142,post,14/06/2025,14/06/2025,53,true! the ship that recently sank off the indian coast was liberian-flagged,https://dubawa.org/true-the-ship-that-recently-sank-off-the-indian-coast-was-liberian-flagged/,1960|1571|3812|3815,category-only,6,category:1960; title:liberia; body:unity party
2025,22/04/2025,Liberia,Nimba County Senate By-election,23124,post,12/06/2025,12/06/2025,51,did city court deny ex-speaker koffa and others bail?,https://dubawa.org/did-city-court-deny-ex-speaker-koffa-and-others-bail/,1571|3815|1960|16,category-only,5,category:1960; body:liberia; body:monrovia
2025,22/04/2025,Liberia,Nimba County Senate By-election,23121,post,12/06/2025,12/06/2025,51,false! liberia is not an african nation with the longest warning for illegal fishing,https://dubawa.org/false-liberia-is-not-an-african-nation-with-the-longest-warning-for-illegal-fishing/,1960|3812|3815,category-only,5,category:1960; title:liberia
2025,22/04/2025,Liberia,Nimba County Senate By-election,23086,post,11/06/2025,11/06/2025,50,"cjid’s laymah, others, enter guinness world records with ‘the song’ 195 from frequency school",https://dubawa.org/cjids-laymah-others-enter-guinness-world-records-with-the-song-195-from-frequency-school/,1960|3815|1688,category-only,4,category:1960; body:liberia
2025,22/04/2025,Liberia,Nimba County Senate By-election,23056,post,05/06/2025,05/06/2025,44,fy2025 national budget of liberia does not support martin kollie’s claim for fuel and scratch card expenses,https://dubawa.org/fy2025-national-budget-of-liberia-does-not-support-martin-kollies-claim-for-fuel-and-scratch-card-expenses/,1571|3815|1960,category-only,7,category:1960; title:liberia; body:joseph boakai; body:boakai
2025,22/04/2025,Liberia,Nimba County Senate By-election,23053,post,05/06/2025,05/06/2025,44,"viral claim, images suggesting president boakai was injured in a plane incident, not from liberia",https://dubawa.org/viral-claim-images-suggesting-president-boakai-was-injured-in-a-plane-incident-not-from-liberia/,1571|3815|1960,category-only,9,category:1960; title:liberia; body:weah; body:joseph boakai; title:boakai
2025,22/04/2025,Liberia,Nimba County Senate By-election,23050,post,05/06/2025,05/06/2025,44,did the csa boss admit $48 million went missing?,https://dubawa.org/did-the-csa-boss-admit-48-million-went-missing/,1571|4|3812|3815|1960,category-only,4,category:1960; body:liberia
2025,22/04/2025,Liberia,Nimba County Senate By-election,23044,post,05/06/2025,05/06/2025,44,flights to and from liberia were not cancelled until may 31,https://dubawa.org/flights-to-and-from-liberia-were-not-cancelled-until-may-31/,1571|3815|1960,category-only,6,category:1960; title:liberia; body:boakai
2025,22/04/2025,Liberia,Nimba County Senate By-election,23001,post,02/06/2025,02/06/2025,41,liberia’s speaker koon’s convoy did not kill motorcyclist,https://dubawa.org/liberias-speaker-koons-convoy-did-not-kill-motorcyclist/,1960|1571|119,category-only,5,category:1960; title:liberia
2025,22/04/2025,Liberia,Nimba County Senate By-election,22966,post,30/05/2025,30/05/2025,38,"false! images of a pastor in fatal miracle antics, not in nimba county",https://dubawa.org/false-images-of-a-pastor-in-fatal-miracle-antics-not-in-nimba-county/,1571|4|3815|1960,category-only,6,category:1960; body:liberia; title:nimba
2025,22/04/2025,Liberia,Nimba County Senate By-election,22955,post,29/05/2025,30/05/2025,37,has burkina faso banned porn websites?,https://dubawa.org/has-burkina-faso-banned-porn-websites/,1960|1571|4|3812|3815,category-only,4,category:1960; body:liberia
2025,22/04/2025,Liberia,Nimba County Senate By-election,22951,post,29/05/2025,30/05/2025,37,false! video of boakai protesting  not recorded at ‘weah must step down’ protest,https://dubawa.org/false-video-of-boakai-protesting-not-recorded-at-weah-must-step-down-protest/,1571|4|3812|3815|1960,category-only,11,category:1960; body:liberia; body:monrovia; body:george weah; title:weah; body:joseph boakai; title:boakai
2025,22/04/2025,Liberia,Nimba County Senate By-election,22948,post,29/05/2025,29/05/2025,37,did thieves chop off motorcyclist’s hand in liberia?,https://dubawa.org/did-thieves-chop-off-motorcyclists-hand-in-liberia/,1960|1571|3812|3815,category-only,5,category:1960; title:liberia
2025,22/04/2025,Liberia,Nimba County Senate By-election,22892,post,26/05/2025,26/05/2025,34,mixed reactions greet religious holidays bill in liberia,https://dubawa.org/mixed-reactions-greet-religious-holidays-bill-in-liberia/,1960|1572|4|3812|3815,category-only,6,category:1960; title:liberia; body:monrovia
2025,22/04/2025,Liberia,Nimba County Senate By-election,22856,post,23/05/2025,25/05/2025,31,has the liberian exchange rate hit l$200 to 1 usd?,https://dubawa.org/has-the-liberian-exchange-rate-hit-l200-to-1-usd/,1960|120|3815,category-only,9,category:1960; title:liberia; body:george weah; body:weah; body:joseph boakai; body:boakai
2025,22/04/2025,Liberia,Nimba County Senate By-election,22847,post,23/05/2025,23/05/2025,31,"claim no foreign direct investment under weah’s administration, false",https://dubawa.org/claim-no-foreign-direct-investment-under-weahs-administration-false/,1960|3815|16,category-only,8,category:1960; body:liberia; body:george weah; title:weah; body:unity party
2025,22/04/2025,Liberia,Nimba County Senate By-election,22825,post,22/05/2025,22/05/2025,30,estimated number of deaths caused by mpox in dr congo in 2024 not 537,https://dubawa.org/estimated-number-of-deaths-caused-by-mpox-in-dr-congo-in-2024-not-537/,1571|1960,category-only,4,category:1960; body:liberia
2025,22/04/2025,Liberia,Nimba County Senate By-election,22811,post,21/05/2025,28/05/2025,29,viral photo of overcrowded prison is not from liberia,https://dubawa.org/viral-photo-of-overcrowded-prison-is-not-from-liberia/,1571|437|3815|1960,category-only,6,category:1960; title:liberia; body:monrovia
2025,22/04/2025,Liberia,Nimba County Senate By-election,21759,post,26/02/2025,26/02/2025,-55,#behindthefacts: laymah’s daring investigation revived focus on disturbing reality in whein town,https://dubawa.org/behindthefacts-laymahs-daring-investigation-revived-focus-on-disturbing-reality-in-whein-town/,3825|3815|1960,category-only,4,category:1960; body:monrovia
2025,22/04/2025,Liberia,Nimba County Senate By-election,21748,post,25/02/2025,25/02/2025,-56,false! motorbike riders did not kill 10 officers of liberia’s national police,https://dubawa.org/false-motorbike-riders-did-not-kill-10-officers-of-liberias-national-police/,1571|3812|3815|1960,category-only,6,category:1960; title:liberia; body:monrovia
2025,22/04/2025,Liberia,Nimba County Senate By-election,21731,post,24/02/2025,24/02/2025,-57,misleading! boakai’s government has not constructed 19 kilometres of ganta to saclepea road,https://dubawa.org/misleading-boakais-government-has-not-constructed-19-kilometres-of-ganta-to-saclepea-road/,1960|4|3812|3815,category-only,8,category:1960; body:liberia; body:weah; body:joseph boakai; title:boakai
2025,22/04/2025,Liberia,Nimba County Senate By-election,21713,post,23/02/2025,23/02/2025,-58,"misleading! in 7 years, liberia climbed by one point on corruption perception index",https://dubawa.org/misleading-in-7-years-liberia-climbed-by-one-point-on-corruption-perception-index/,1571|4|3812|3815|1960,category-only,5,category:1960; title:liberia
2025,22/04/2025,Liberia,Nimba County Senate By-election,21704,post,20/02/2025,20/02/2025,-61,"ministry of finance has not reduced salaries, public officials’ benefits amid us aid freeze",https://dubawa.org/ministry-of-finance-has-not-reduced-salaries-public-officials-benefits-amid-us-aid-freeze/,1571|4|3812|3815|1960,category-only,7,category:1960; body:liberia; body:joseph boakai; body:boakai; body:unity party
2025,22/04/2025,Liberia,Nimba County Senate By-election,21701,post,20/02/2025,20/02/2025,-61,false! liberia’s maurice tosh did not win $1m from lonestar,https://dubawa.org/false-liberias-maurice-tosh-did-not-win-1m-from-lonestar/,1571|4|3812|3815|1960,category-only,6,category:1960; title:liberia; body:monrovia
2025,22/04/2025,Liberia,Nimba County Senate By-election,21685,post,20/02/2025,20/02/2025,-61,false to suggest weah fired no one during his administration,https://dubawa.org/false-to-suggest-weah-fired-no-one-during-his-administration/,1571|1960|16,category-only,9,category:1960; body:liberia; body:george weah; title:weah; body:joseph boakai; body:boakai
2025,22/04/2025,Liberia,Nimba County Senate By-election,21659,post,18/02/2025,18/02/2025,-63,boakai’s suspension of over 400 government officials and matters arising,https://dubawa.org/boakais-suspension-of-over-400-government-officials-and-matters-arising/,1572|1960|16,category-only,8,category:1960; body:liberia; body:monrovia; title:boakai; body:nimba
2025,22/04/2025,Liberia,Nimba County Senate By-election,21651,post,18/02/2025,18/02/2025,-63,false! more than two lta commissioners declared their assets,https://dubawa.org/false-more-than-two-lta-commissioners-declared-their-assets/,1571|3815|1960,category-only,5,category:1960; body:liberia; body:boakai
2025,22/04/2025,Liberia,Nimba County Senate By-election,21596,post,13/02/2025,13/02/2025,-68,misleading! liberia has low hiv rate among african countries,https://dubawa.org/misleading-liberia-has-low-hiv-rate-among-african-countries/,1571|3815|1960,category-only,5,category:1960; title:liberia
2025,22/04/2025,Liberia,Nimba County Senate By-election,21593,post,13/02/2025,13/02/2025,-68,false! plastics do not make up 20% of liberia’s waste composition,https://dubawa.org/false-plastics-do-not-make-up-20-of-liberias-waste-composition/,1960|1571|3815,category-only,6,category:1960; title:liberia; body:monrovia
2025,22/04/2025,Liberia,Nimba County Senate By-election,21573,post,12/02/2025,12/02/2025,-69,did liberians in u.s. remit more than national budget by 2023?,https://dubawa.org/did-liberians-in-u-s-remit-more-than-national-budget-by-2023/,1571|120|3812|3815|1960,category-only,7,category:1960; title:liberia; body:joseph boakai; body:boakai
2025,22/04/2025,Liberia,Nimba County Senate By-election,21562,post,12/02/2025,12/02/2025,-69,misleading! panama has not agreed to stop charging u.s. vessels using panama canal,https://dubawa.org/misleading-panama-has-not-agreed-to-stop-charging-u-s-vessels-using-panama-canal/,123|437|1571|4|3812|3815|1960|16,category-only,4,category:1960; body:liberia
2025,22/04/2025,Liberia,Nimba County Senate By-election,21550,post,11/02/2025,11/02/2025,-70,misleading! liberia did not pay $9m annually for power supply,https://dubawa.org/misleading-liberia-did-not-pay-9m-annually-for-power-supply/,1571|4|3812|3815|1960,category-only,5,category:1960; title:liberia
2025,22/04/2025,Liberia,Nimba County Senate By-election,21520,post,09/02/2025,09/02/2025,-72,false! tinubu has not shutdown nigeria’s embassy in u.s.,https://dubawa.org/false-tinubu-has-not-shutdown-nigerias-embassy-in-u-s/,1960|3815|16,category-only,4,category:1960; body:liberia
2025,22/04/2025,Liberia,Nimba County Senate By-election,21407,post,29/01/2025,30/01/2025,-83,misleading! liberia has not gotten mcc compact 2,https://dubawa.org/misleading-liberia-has-not-gotten-mcc-compact-2/,1571|3815|1960|16,category-only,8,category:1960; title:liberia; body:monrovia; body:joseph boakai; body:boakai
2025,22/04/2025,Liberia,Nimba County Senate By-election,21404,post,29/01/2025,29/01/2025,-83,misleading! senate protem lawrence’s vehicle doesn’t cost $100k,https://dubawa.org/misleading-senate-protem-lawrences-vehicle-doesnt-cost-100k/,1571|3815|1960|16,category-only,8,category:1960; body:liberia; body:monrovia; body:george weah; body:weah; body:unity party
2025,22/04/2025,Liberia,Nimba County Senate By-election,21394,post,27/01/2025,27/01/2025,-85,false to suggest there are no countries with birthright citizenship,https://dubawa.org/false-to-suggest-there-are-no-countries-with-birthright-citizenship/,1571|3815|1960,category-only,3,category:1960
2025,22/04/2025,Liberia,Nimba County Senate By-election,21356,post,22/01/2025,22/01/2025,-90,misleading! government s arrest agenda doesn t confirm $5.88bn debt in 2029,https://dubawa.org/misleading-governments-arrest-agenda-doesnt-confirm-5-88bn-debt-in-2029/,1571|3815|1960,category-only,7,category:1960; body:liberia; body:joseph boakai; body:boakai; body:unity party
2025,22/04/2025,Liberia,Nimba County Senate By-election,21148,post,28/12/2024,28/12/2024,-115,what we know about liberia’s burned capitol building,https://dubawa.org/what-we-know-about-liberias-burned-capitol-building/,1960|1572|123,category-only,8,category:1960; title:liberia; body:monrovia; body:joseph boakai; body:boakai
2025,22/04/2025,Liberia,Nimba County Senate By-election,21144,post,28/12/2024,28/12/2024,-115,"allegations about amos tweh purchasing lexus 2024 model, false",https://dubawa.org/allegations-about-amos-tweh-purchasing-lexus-2024-model-false/,1960|1571|3812|3815|123,category-only,5,category:1960; body:liberia; body:boakai
2025,22/04/2025,Liberia,Nimba County Senate By-election,21140,post,28/12/2024,28/12/2024,-115,liberia’s new transport fare and matters arising,https://dubawa.org/liberias-new-transport-fare-and-matters-arising/,1960|1572|3812|3815,category-only,6,category:1960; title:liberia; body:monrovia
2025,22/04/2025,Liberia,Nimba County Senate By-election,21104,post,25/12/2024,25/12/2024,-118,misleading! liberia electricity corporation has not increased its electricity bill by 76%,https://dubawa.org/misleading-liberia-electricity-corporation-has-not-increased-its-electricity-bill-by-76/,120|1571|1960,category-only,5,category:1960; title:liberia
2025,22/04/2025,Liberia,Nimba County Senate By-election,21084,post,21/12/2024,21/12/2024,-122,no one has been confirmed dead in white tuesday protest,https://dubawa.org/no-one-has-been-confirmed-dead-in-white-tuesday-protest/,1960|120|1571,category-only,5,category:1960; body:liberia; body:monrovia
2025,22/04/2025,Liberia,Nimba County Senate By-election,20983,post,08/12/2024,08/12/2024,-135,false to suggest speaker’s office received draft national budget from chief clerk’s office,https://dubawa.org/false-to-suggest-speakers-office-received-draft-national-budget-from-chief-clerks-office/,1960|120|437|1571,category-only,4,category:1960; body:liberia
2025,22/04/2025,Liberia,Nimba County Senate By-election,20959,post,04/12/2024,04/12/2024,-139,misleading! earthquake didn t occur in voinjama,https://dubawa.org/misleading-earthquake-didnt-occur-in-voinjama/,1571|3812|3815|1960|119,category-only,4,category:1960; body:liberia
2025,22/04/2025,Liberia,Nimba County Senate By-election,20956,post,04/12/2024,04/12/2024,-139,false! trump has not officially banned gay marriage in america,https://dubawa.org/false-trump-has-not-officially-banned-gay-marriage-in-america/,1571|3812|3815|1960,category-only,4,category:1960; election:election|vote|presidential
2025,22/04/2025,Liberia,Nimba County Senate By-election,20924,post,26/11/2024,26/11/2024,-147,fake! ministry of education not offering free online courses,https://dubawa.org/fake-ministry-of-education-not-offering-free-online-courses/,1571|4|3812|3815|1960,category-only,4,category:1960; body:liberia
2025,22/04/2025,Liberia,Nimba County Senate By-election,20921,post,26/11/2024,26/11/2024,-147,office of war and economic crimes courts establishment in liberia gets another head,https://dubawa.org/office-of-war-and-economic-crimes-courts-establishment-in-liberia-gets-another-head/,1960|120,category-only,8,category:1960; title:liberia; body:monrovia; body:joseph boakai; body:boakai
2025,22/04/2025,Liberia,Nimba County Senate By-election,20707,post,13/11/2024,13/11/2024,-160,hoax! angelina jolie not dead,https://dubawa.org/hoax-angelina-jolie-not-dead-2/,1571|437|1960,category-only,3,category:1960
2025,22/04/2025,Liberia,Nimba County Senate By-election,20571,post,27/10/2024,27/10/2024,-177,"gay wedding report in liberia’s methodist church, false",https://dubawa.org/gay-wedding-report-in-liberias-methodist-church-false/,1571|210|435|1960,category-only,5,category:1960; title:liberia
2025,22/04/2025,Liberia,Nimba County Senate By-election,20383,post,07/10/2024,07/10/2024,-197,jzyno is not the first liberian to win a youtube silver plaque,https://dubawa.org/jzyno-is-not-the-first-liberian-to-win-a-youtube-silver-plaque/,1571|3812|3815|1960,category-only,5,category:1960; title:liberia
2025,22/04/2025,Liberia,Nimba County Senate By-election,20289,post,30/09/2024,30/09/2024,-204,misleading! more than 100 people died from covid in liberia,https://dubawa.org/misleading-more-than-100-people-died-from-covid-in-liberia/,121|210|435|1571|4|1960,category-only,5,category:1960; title:liberia
2025,22/04/2025,Liberia,Nimba County Senate By-election,20225,post,25/09/2024,25/09/2024,-209,true! ministry mandates employees to welcome president boakai at ria,https://dubawa.org/true-ministry-mandates-employees-to-welcome-president-boakai-at-ria/,1571|435|437|4|3812|3815|1960,category-only,10,category:1960; body:liberia; body:george weah; body:weah; body:joseph boakai; title:boakai; body:unity party
2025,22/04/2025,Liberia,Nimba County Senate By-election,20222,post,25/09/2024,25/09/2024,-209,false! chief justice youh didn t dismiss associate justice caeineh clinton johnson,https://dubawa.org/image-of-chief-justice-youh-and-associate-justice-johnson/,437|210|435|1571|4|3812|3815|1960,category-only,7,category:1960; body:liberia; body:joseph boakai; body:boakai; body:unity party
2025,22/04/2025,Liberia,Nimba County Senate By-election,20215,post,25/09/2024,16/12/2024,-209,false! 23-year-old boy did not impregnate sister in rivercess,https://dubawa.org/false-23-year-old-boy-impregnated-sister-in-rivercess/,1571|435|437|4|3815|1960,category-only,4,category:1960; body:liberia
2025,22/04/2025,Liberia,Nimba County Senate By-election,20082,post,20/09/2024,20/09/2024,-214,misleading! liberia has not secured 3.1 billion dollars from the china-africa summit,https://dubawa.org/misleading-liberia-has-not-secured-3-1-billion-dollars-from-the-china-africa-summit/,1571|120|4|3812|3815|1960,category-only,5,category:1960; title:liberia
2025,22/04/2025,Liberia,Nimba County Senate By-election,19892,post,02/09/2024,02/09/2024,-232,false! ex-liberian president george weah established assets investigation team,https://dubawa.org/false-ex-liberian-president-george-weah-established-assets-investigation-team/,1571|4|3815|1960,category-only,10,category:1960; title:liberia; title:george weah; title:weah; body:boakai
2025,22/04/2025,Liberia,Nimba County Senate By-election,19872,post,30/08/2024,30/08/2024,-235,"misleading, the u.s. embassy will process visas after august 16",https://dubawa.org/misleading-the-u-s-embassy-will-process-visas-after-august-16/,1571|120|4|3812|1960,category-only,5,category:1960; body:liberia; body:monrovia
2025,22/04/2025,Liberia,Nimba County Senate By-election,19862,post,28/08/2024,28/08/2024,-237,misleading! 60% of liberians do not practice open defecation,https://dubawa.org/misleading-60-of-liberians-do-not-practice-open-defecation/,123|435|1571|4|3812|121|3815|1960,category-only,6,category:1960; title:liberia; body:monrovia
2025,22/04/2025,Liberia,Nimba County Senate By-election,19810,post,25/08/2024,09/09/2024,-240,"viral video of george weah’s financial mobile app, fabricated",https://dubawa.org/viral-video-of-george-weahs-financial-mobile-app-fabricated/,1572|1571|3812|3815|1960|16,category-only,8,category:1960; body:liberia; title:george weah; title:weah
2025,22/04/2025,Liberia,Nimba County Senate By-election,19685,post,16/08/2024,16/08/2024,-249,"false! amos tweh did not buy oilers fc bus for $165,000",https://dubawa.org/false-amos-tweh-did-not-buy-oilers-fc-bus-for-165000/,1960|120|1571|4|3815,category-only,4,category:1960; body:liberia
2025,22/04/2025,Liberia,Nimba County Senate By-election,19682,post,16/08/2024,16/08/2024,-249,false! russian embassy in ghana doesn’t refund fees to unsuccessful applicants,https://dubawa.org/false-russian-embassy-in-ghana-doesnt-refund-fees-to-unsuccessful-applicants/,1571|437|3815|1960,category-only,4,category:1960; body:liberia
2025,22/04/2025,Liberia,Nimba County Senate By-election,19625,post,08/08/2024,08/08/2024,-257,misleading! the army chief of staff did not shoot anyone in west point,https://dubawa.org/misleading-the-army-chief-of-staff-did-not-shoot-anyone-in-west-point/,1571|3815|1960,category-only,5,category:1960; body:liberia; body:boakai
2025,22/04/2025,Liberia,Nimba County Senate By-election,19537,post,31/07/2024,31/07/2024,-265,"image of boy carrying diamond, al-generated",https://dubawa.org/image-of-boy-carrying-diamond-al-generated/,123|437|1571|4|3812|1960,category-only,5,category:1960; body:liberia; body:nimba
2025,22/04/2025,Liberia,Nimba County Senate By-election,19526,post,31/07/2024,31/07/2024,-265,us envoy boycotts liberia’s independence celebration over radical speech,https://dubawa.org/us-envoy-boycotts-liberias-independence-celebration-over-radical-speech/,1572|4|3812|1960|16,category-only,8,category:1960; title:liberia; body:monrovia; body:joseph boakai; body:boakai
2025,22/04/2025,Liberia,Nimba County Senate By-election,19486,post,27/07/2024,27/07/2024,-269,"false! liberia’s senate pro-tempore’s 2024 fuel budget, not $17,000",https://dubawa.org/false-liberias-senate-pro-tempores-2024-fuel-budget-not-17000/,1571|435|120|4|1960|16,category-only,5,category:1960; title:liberia
2025,22/04/2025,Liberia,Nimba County Senate By-election,19434,post,22/07/2024,22/07/2024,-274,president boakai did not announce the arrival of 15 aeroplanes and15 ships,https://dubawa.org/president-boakai-did-not-announce-the-arrival-of-15-aeroplanes-and15-ships/,1571|1960|16,category-only,7,category:1960; body:liberia; body:joseph boakai; title:boakai
2025,22/04/2025,Liberia,Nimba County Senate By-election,19431,post,22/07/2024,22/07/2024,-274,misleading! viral image of boy with multiple gunshot wounds not from liberia,https://dubawa.org/misleading-viral-image-of-boy-with-multiple-gunshot-wounds-not-from-liberia/,1571|4|1960|119,category-only,5,category:1960; title:liberia
2025,22/04/2025,Liberia,Nimba County Senate By-election,19401,post,19/07/2024,19/07/2024,-277,"lonestar mtn, orange not fined for poor data and voice call quality",https://dubawa.org/lonestar-mtn-orange-not-fined-for-poor-data-and-voice-call-quality/,1571|4|3812|1960,category-only,4,category:1960; body:liberia
2025,22/04/2025,Liberia,Nimba County Senate By-election,19392,post,18/07/2024,18/07/2024,-278,image of old-looking baby ai-generated,https://dubawa.org/image-of-old-looking-baby-ai-generated/,1571|1960|16,category-only,5,category:1960; body:liberia; body:nimba
2025,22/04/2025,Liberia,Nimba County Senate By-election,19362,post,16/07/2024,16/07/2024,-280,true! university of liberia’s budget didn’t cross $20 million during president weah’s tenure,https://dubawa.org/true-university-of-liberias-budget-didnt-cross-20-million-during-president-weahs-tenure/,1571|1960|16,category-only,9,category:1960; title:liberia; body:george weah; title:weah; body:boakai
2025,22/04/2025,Liberia,Nimba County Senate By-election,19284,post,05/07/2024,05/07/2024,-291,"npa under weah contributed us$9m not us$4m, to national budget",https://dubawa.org/npa-under-weah-contributed-us9m-not-us4m-to-national-budget/,123|1571|1960|16,category-only,7,category:1960; body:liberia; body:george weah; title:weah
2025,22/04/2025,Liberia,Nimba County Senate By-election,19200,post,27/06/2024,27/06/2024,-299,"false! no death recorded at liberia returnee camp, cari",https://dubawa.org/false-no-death-recorded-at-liberia-returnee-camp-cari/,1571|120|1960|119,category-only,6,category:1960; title:liberia; body:nimba
2025,22/04/2025,Liberia,Nimba County Senate By-election,19197,post,27/06/2024,27/06/2024,-299,false! liberia government has not imported earth-moving machines,https://dubawa.org/false-liberia-government-has-not-imported-earth-moving-machines/,1960|120|1571|3815,category-only,8,category:1960; title:liberia; body:monrovia; body:joseph boakai; body:boakai
2025,22/04/2025,Liberia,Nimba County Senate By-election,19194,post,27/06/2024,27/06/2024,-299,"false! madam cecelia clarke, not liberia police’s first female spokesperson",https://dubawa.org/false-madam-cecelia-clarke-not-liberia-polices-first-female-spokesperson/,1960|1571|3815,category-only,5,category:1960; title:liberia
2025,22/04/2025,Liberia,Nimba County Senate By-election,19156,post,25/06/2024,25/06/2024,-301,former chief justice gloria musu-scott and the compassionate leave conundrum: what you need to know,https://dubawa.org/former-chief-justice-gloria-musu-scott-and-the-compassionate-leave-conundrum-what-you-need-to-know/,1572|4|1960|123|16,category-only,7,category:1960; body:liberia; body:monrovia; body:george weah; body:weah
2025,22/04/2025,Liberia,Nimba County Senate By-election,19116,post,21/06/2024,21/06/2024,-305,no evidence senator abraham dillon was sharing food at korea-africa summit,https://dubawa.org/no-evidence-senator-abraham-dillon-was-sharing-food-at-korea-africa-summit/,1960|437|1571|4|3815|16,category-only,6,category:1960; body:liberia; body:joseph boakai; body:boakai
2025,22/04/2025,Liberia,Nimba County Senate By-election,18963,post,04/06/2024,04/06/2024,-322,dubawa trains non-urban journalists in liberia with support from google news initiative,https://dubawa.org/dubawa-trains-non-urban-journalists-in-liberia-with-support-from-google-news-initiative/,440|435|3815|1960|1688|1576,category-only,6,category:1960; title:liberia; body:monrovia
2025,22/04/2025,Liberia,Nimba County Senate By-election,18944,post,03/06/2024,03/06/2024,-323,government has not replaced  trained doctors with “unity party doctors” at jfk hospital,https://dubawa.org/government-has-not-replaced-trained-doctors-with-unity-party-doctors-at-jfk-hospital/,1571|437|1960|16,category-only,9,category:1960; body:liberia; body:monrovia; body:weah; body:boakai; title:unity party
2025,22/04/2025,Liberia,Nimba County Senate By-election,18857,post,29/05/2024,29/05/2024,-328,son of liberia’s president has not imported ‘zombie’ drug into liberia,https://dubawa.org/son-of-liberias-president-has-not-imported-zombie-drug-into-liberia/,1571|437|4|3812|121|3815|1960|16,category-only,7,category:1960; title:liberia; body:joseph boakai; body:boakai
2025,22/04/2025,Liberia,Nimba County Senate By-election,18850,post,28/05/2024,28/05/2024,-329,"shine liberia’s report on president weah’s absence at unification day celebration, misleading",https://dubawa.org/shine-liberias-report-on-president-weahs-absence-at-unification-day-celebration-misleading/,1571|437|4|3812|3815|1960|16,category-only,8,category:1960; title:liberia; body:george weah; title:weah
2025,22/04/2025,Liberia,Nimba County Senate By-election,18785,post,22/05/2024,22/05/2024,-335,no evidence mark zuckerberg warns facebook users not to screenshot chats,https://dubawa.org/no-evidence-mark-zuckerberg-warns-facebook-users-not-to-screenshot-chats/,1571|437|4|3812|1960,category-only,4,category:1960; body:liberia
2025,22/04/2025,Liberia,Nimba County Senate By-election,18746,post,20/05/2024,20/05/2024,-337,false! musician jzyno doesn’t own 2024 tesla car,https://dubawa.org/false-musician-jzyno-doesnt-own-2024-tesla-car/,3812|3815|1960,category-only,4,category:1960; body:liberia
2025,22/04/2025,Liberia,Nimba County Senate By-election,18672,post,14/05/2024,14/05/2024,-343,"false! the incident of man cutting off wife’s hand, happened in nigeria, not liberia",https://dubawa.org/false-the-incident-of-man-cutting-off-wifes-hand-happened-in-nigeria-not-liberia/,1571|4|1960|16,category-only,5,category:1960; title:liberia
2025,22/04/2025,Liberia,Nimba County Senate By-election,18480,post,01/05/2024,01/05/2024,-356,òtítọ́ ni! àwọn ọkùnrin làìbéríà wà lára àwọn tó kúrú jùlọ lágbàáyé,https://dubawa.org/otito-ni-awon-okunrin-laiberia-wa-lara-awon-to-kuru-julo-lagbaaye/,437|1571|1960|123|2450,category-only,4,category:1960; body:liberia
2025,22/04/2025,Liberia,Nimba County Senate By-election,18397,post,24/04/2024,24/04/2024,-363,false! liberian artist jzyno did not buy $50m mansion in nigeria,https://dubawa.org/false-liberian-artist-jzyno-did-not-buy-50m-mansion-in-nigeria/,1571|1960|1688,category-only,5,category:1960; title:liberia
2025,22/04/2025,Liberia,Nimba County Senate By-election,18328,post,19/04/2024,19/04/2024,-368,president boakai didn’t promise $5k each to lonestar players in afcon qualifiers,https://dubawa.org/president-boakai-didnt-promise-5k-each-to-lonestar-players-in-afcon-qualifiers/,437|1571|4|3812|3815|1960|16,category-only,7,category:1960; body:liberia; body:joseph boakai; title:boakai
2025,22/04/2025,Liberia,Nimba County Senate By-election,18286,post,17/04/2024,17/04/2024,-370,"purported meta ban on use of offensive words on facebook, false",https://dubawa.org/purported-meta-ban-on-use-of-offensive-words-on-facebook-false/,437|1571|3815|1960,category-only,4,category:1960; body:liberia
2025,22/04/2025,Liberia,Nimba County Senate By-election,18216,post,12/04/2024,15/04/2024,-375,"misleading, president boakai has not appointed emma metieh glassco",https://dubawa.org/misleading-president-boakai-has-not-appointed-emma-metieh-glassco/,437|1571|3815|1960|16,category-only,9,category:1960; body:liberia; body:george weah; body:weah; title:boakai; body:unity party
2025,22/04/2025,Liberia,Nimba County Senate By-election,18157,post,08/04/2024,08/04/2024,-379,false! liberian drug kingpin original japan still in custody,https://dubawa.org/false-liberian-drug-kingpin-original-japan-still-in-custody/,1571|4|3812|121|3815|1960,category-only,7,category:1960; title:liberia; body:monrovia; body:boakai
2025,22/04/2025,Liberia,Nimba County Senate By-election,17966,post,28/03/2024,28/03/2024,-390,misleading: no evidence that npa managing director is linked to missing container of rice,https://dubawa.org/misleading-no-evidence-that-npa-managing-director-is-linked-to-missing-container-of-rice/,120|437|1571|3815|1960,category-only,7,category:1960; body:liberia; body:monrovia; body:weah; body:boakai
2025,22/04/2025,Liberia,Nimba County Senate By-election,17963,post,28/03/2024,28/03/2024,-390,false! pregnant teenage orphan did not give birth in bong county,https://dubawa.org/false-pregnant-teenage-orphan-did-not-give-birth-in-bong-county/,437|1571|121|3815|1960,category-only,4,category:1960; body:liberia
2025,22/04/2025,Liberia,Nimba County Senate By-election,17911,post,26/03/2024,26/03/2024,-392,false! burna boy didn’t urge liberians to attend vocational training,https://dubawa.org/false-burna-boy-didnt-urge-liberians-to-attend-vocational-training/,1571|3812|3815|1960,category-only,5,category:1960; title:liberia
2025,22/04/2025,Liberia,Nimba County Senate By-election,17805,post,23/03/2024,23/03/2024,-395,fake; eswatini did not call for applications for new citizens over scarcity of men!,https://dubawa.org/fake-eswatini-did-not-call-for-applications-for-new-citizens-over-scarcity-of-men/,437|1571|3815|1960,category-only,4,category:1960; body:liberia
2025,22/04/2025,Liberia,Nimba County Senate By-election,17674,post,12/03/2024,12/03/2024,-406,"false! kehkeh, not liberia’s new police vehicle",https://dubawa.org/false-kehkeh-not-liberias-new-police-vehicle/,437|1571|4|3815|1960|119,category-only,7,category:1960; title:liberia; body:joseph boakai; body:boakai
2025,22/04/2025,Liberia,Nimba County Senate By-election,17581,post,27/02/2024,27/02/2024,-420,protests rock president boakai’s government,https://dubawa.org/protests-rock-president-boakais-government/,1572|4|3812|3815|1960|1688|16,category-only,10,category:1960; body:liberia; body:monrovia; body:george weah; body:weah; body:joseph boakai; title:boakai
2025,22/04/2025,Liberia,Nimba County Senate By-election,17538,post,21/02/2024,21/02/2024,-426,false! the university of liberia has not changed free tuition policy,https://dubawa.org/false-the-university-of-liberia-has-not-changed-free-tuition-policy/,437|1571|4|3812|3815|1960|1688|16,category-only,9,category:1960; title:liberia; body:george weah; body:weah; body:boakai; body:unity party
2025,22/04/2025,Liberia,Nimba County Senate By-election,17481,post,14/02/2024,14/02/2024,-433,"independent probe’s news report about fuel price hike, false",https://dubawa.org/independent-probes-news-report-about-fuel-price-hike-false/,120|1571|4|3812|3815|1960|1688|16,category-only,6,category:1960; body:liberia; body:joseph boakai; body:boakai
2025,22/04/2025,Liberia,Nimba County Senate By-election,17272,post,23/01/2024,23/01/2024,-455,"martin kollie’s claim wolokolie not certified public accountant, false",https://dubawa.org/martin-kollies-claim-wolokolie-not-certified-public-accountant-false/,437|1571|3815|1960,category-only,6,category:1960; body:liberia; body:monrovia; body:weah
2025,22/04/2025,Liberia,Nimba County Senate By-election,16985,post,12/12/2023,12/12/2023,-497,false; liberia’s $40 passport fee not second cheapest in west africa,https://dubawa.org/false-liberias-40-passport-fee-not-second-cheapest-in-west-africa/,3815|1960|16,category-only,5,category:1960; title:liberia
2025,22/04/2025,Liberia,Nimba County Senate By-election,16797,post,14/11/2023,14/11/2023,-525,"false! nec’s alfred dunner erol, madison gwion not dead",https://dubawa.org/false-necs-alfred-dunner-erol-madison-gwion-not-dead/,5|1571|4|3812|3815|1960|3797,category-only,4,category:1960; election:vote
2025,22/04/2025,Liberia,Nimba County Senate By-election,16454,post,25/10/2023,25/10/2023,-545,dubawa s annual week for truth: promoting media and information literacy in digital spaces,https://dubawa.org/dubawas-annual-week-for-truth-promoting-media-and-information-literacy-in-digital-spaces/,3812|3815|1960|1688|1268|2815,category-only,4,category:1960; body:liberia
2025,22/04/2025,Liberia,Nimba County Senate By-election,16426,post,21/10/2023,21/10/2023,-549,misleading: grand gedeh county’s ex-representative was arrested but not for double voting,https://dubawa.org/misleading-grand-gedeh-countys-ex-representative-was-arrested-but-not-for-double-voting/,437|1571|3815|1960|16,category-only,4,category:1960; election:poll|candidate
2025,22/04/2025,Liberia,Nimba County Senate By-election,16329,post,12/10/2023,12/10/2023,-558,old video used to depict power outage in france,https://dubawa.org/old-video-used-to-depict-power-outage-in-france/,437|1571|3812|1960|123,category-only,3,category:1960
2025,22/04/2025,Liberia,Nimba County Senate By-election,16324,post,11/10/2023,11/10/2023,-559,nec s official results are not only on pink carbon sheets,https://dubawa.org/false-the-official-results-of-the-nec-are-not-only-on-pink-carbon-sheets/,5|1571|3812|3815|1960|3797,category-only,4,category:1960; election:election|vote|ballot
2025,22/04/2025,Liberia,Nimba County Senate By-election,16313,post,11/10/2023,11/10/2023,-559,mostly true: bong county suspect arrested for electoral fraud,https://dubawa.org/mostly-true-bong-county-suspect-arrested-for-electoral-fraud/,5|437|1571|3812|3815|1960|3797,category-only,4,category:1960; election:election|vote|voter
2025,22/04/2025,Liberia,Nimba County Senate By-election,16304,post,11/10/2023,11/10/2023,-559,nec staff not scanning cards of disenfranchised voters,https://dubawa.org/nec-staff-not-scanning-cards-of-disenfranchised-voters/,5|1571|3812|3815|1960|3797,category-only,4,category:1960; election:election|vote|voter
2025,22/04/2025,Liberia,Nimba County Senate By-election,16294,post,10/10/2023,10/10/2023,-560,mostly true: jefferson t. koijee shared 25kg bag of rice with mcc casual workers,https://dubawa.org/mostly-true-jefferson-t-koijee-shared-25kg-bag-of-rice-with-mcc-casual-workers/,5|1571|3812|3815|1960|3797,category-only,4,category:1960; body:monrovia
2025,22/04/2025,Liberia,Nimba County Senate By-election,16282,post,10/10/2023,10/10/2023,-560,true! pre-marked ballots discovered at precinct 30292,https://dubawa.org/true-pre-marked-ballots-discovered-at-precinct-30292/,5|3812|3815|1960|3797,category-only,4,category:1960; election:ballot|poll|candidate
2025,22/04/2025,Liberia,Nimba County Senate By-election,16278,post,10/10/2023,10/10/2023,-560,votes counting procedures,https://dubawa.org/votes-counting-procedures/,5|3812|3815|1960|1574,category-only,4,category:1960; election:election|vote|voter
2025,22/04/2025,Liberia,Nimba County Senate By-election,16257,post,10/10/2023,10/10/2023,-560,elections temporarily postponed in sinoe county,https://dubawa.org/elections-temporarily-postponed-in-sinoe-county/,5|1571|3812|3815|1960|3797,category-only,4,category:1960; election:election|ballot
2025,22/04/2025,Liberia,Nimba County Senate By-election,16036,post,23/09/2023,23/09/2023,-577,"lawmaker’s assertion on cotton tree public school and budgetary allocation, misleading",https://dubawa.org/lawmakers-assertion-on-cotton-tree-public-school-and-budgetary-allocation-misleading/,120|1571|3815|1960,category-only,4,category:1960; election:election|poll|legislative
2025,22/04/2025,Liberia,Nimba County Senate By-election,16022,post,22/09/2023,22/09/2023,-578,week for truth 2023: call for volunteers,https://dubawa.org/week-for-truth-2023-call-for-volunteers/,423|3815|1960|1688|1268|2815,category-only,4,category:1960; body:liberia
2025,22/04/2025,Liberia,Nimba County Senate By-election,15915,post,13/09/2023,13/09/2023,-587,journalists in west africa to benefit from comprehensive training initiative on digital verification and fact-checking,https://dubawa.org/journalists-in-west-africa-to-benefit-from-comprehensive-training-initiative-on-digital-verification-and-fact-checking/,1571|3812|3815|1960|1574|1688|1268,category-only,4,category:1960; body:liberia
2025,22/04/2025,Liberia,Nimba County Senate By-election,15733,post,31/08/2023,31/08/2023,-600,true! liberia exported electricity to ivory coast for the first time in july,https://dubawa.org/true-liberia-exported-electricity-to-ivory-coast-for-the-first-time-in-july/,120|437|1571|3815|1960|1688,category-only,7,category:1960; title:liberia; body:monrovia; body:weah
2025,22/04/2025,Liberia,Nimba County Senate By-election,15484,post,01/08/2023,03/08/2023,-630,misleading! mcgill and cllr. cephus were not sacked; they resigned,https://dubawa.org/misleading-mcgill-and-cllr-cephus-was-not-sacked-they-resigned/,1571|1960|16,category-only,5,category:1960; body:liberia; body:weah
2025,22/04/2025,Liberia,Nimba County Senate By-election,14446,post,14/04/2023,14/04/2023,-739,inquirer newspaper managing editor’s statement that radio invention precedes newspaper is untrue!,https://dubawa.org/inquirer-newspaper-managing-editors-statement-that-radio-invention-precedes-newspaper-is-untrue/,1571|1960|123,category-only,5,category:1960; body:liberia; body:monrovia
2025,22/04/2025,Liberia,Nimba County Senate By-election,14247,post,23/03/2023,23/03/2023,-761,liberia’s student politics and the government of the day,https://dubawa.org/liberias-student-politics-and-the-government-of-the-day/,1572|1960|123|1574,category-only,6,category:1960; title:liberia; body:weah
2025,22/04/2025,Liberia,Nimba County Senate By-election,14228,post,22/03/2023,23/03/2023,-762,false! no evidence to support ritualistic claim against cdc chairman in charloe’s murder,https://dubawa.org/false-no-evidence-to-support-ritualistic-claim-against-cdc-chairman-in-charloes-murder/,1571|1960|123,category-only,7,category:1960; body:liberia; body:weah; body:boakai; body:unity party
2025,22/04/2025,Liberia,Nimba County Senate By-election,13927,post,07/03/2023,07/03/2023,-777,"false! ame university, ame zion university presidents still at post",https://dubawa.org/false-ame-university-ame-zion-university-presidents-still-at-post/,437|1571|1960|123,category-only,5,category:1960; body:liberia; body:weah
2025,22/04/2025,Liberia,Nimba County Senate By-election,13199,post,10/02/2023,21/02/2023,-802,"viral shell plc recruitment on whatsapp, false",https://dubawa.org/viral-shell-plc-recruitment-on-whatsapp-false/,1571|1960|123,category-only,3,category:1960
2025,22/04/2025,Liberia,Nimba County Senate By-election,13145,post,06/02/2023,06/02/2023,-806,"in weah’s liberia:  doctor to patient ratio not 1 to 20,000",https://dubawa.org/in-weahs-liberia-doctor-to-patient-ratio-not-1-to-20000/,3136|1571|121|1960,category-only,8,category:1960; title:liberia; body:george weah; title:weah
2025,22/04/2025,Liberia,Nimba County Senate By-election,13029,post,02/02/2023,02/02/2023,-810,australia visa and job application claim in viral whatsapp message false,https://dubawa.org/australia-visa-and-job-application-claim-in-viral-whatsapp-message-false/,1571|1960|123,category-only,4,category:1960; body:liberia
2025,22/04/2025,Liberia,Nimba County Senate By-election,12681,post,05/12/2022,05/12/2022,-869,dubawa trains 21 fellows for kwame karikari fact-checking and research fellowship,https://dubawa.org/dubawa-trains-21-fellows-for-kwame-karikari-fact-checking-and-research-fellowship/,3136|1571|1960|123|1576|1268|2815,category-only,4,category:1960; body:liberia
2025,22/04/2025,Liberia,Nimba County Senate By-election,12390,post,31/10/2022,31/10/2022,-904,false! weah never promised to implement war and economic crimes court at unga,https://dubawa.org/false-weah-never-promised-to-implement-war-and-economic-crimes-court-at-unga/,3136|1571|1960|16,category-only,8,category:1960; body:liberia; body:george weah; title:weah; body:unity party
2025,22/04/2025,Liberia,Nimba County Senate By-election,12318,post,12/10/2022,12/10/2022,-923,false! public wage bill under former president ellen johnson sirleaf was never 70% of total expenditure,https://dubawa.org/false-public-wage-bill-under-former-president-ellen-johnson-sirleaf-was-never-70-of-total-expenditure/,120|1571|1960,category-only,6,category:1960; body:liberia; body:weah; body:unity party
2025,22/04/2025,Liberia,Nimba County Senate By-election,11833,post,27/06/2022,27/06/2022,-1030,ifcn launches legal support fund for fact-checkers facing harassment,https://dubawa.org/ifcn-launches-legal-support-fund-for-fact-checkers-facing-harassment/,1960|1688,category-only,3,category:1960
2025,22/04/2025,Liberia,Nimba County Senate By-election,9559,post,28/09/2021,28/09/2021,-1302,the law that changed liberia’s ugly handling of speech offense: kamara abdullah kamara act of press freedom explained,https://dubawa.org/the-law-that-changed-liberias-ugly-handling-of-speech-offense-kamara-abdullah-kamara-act-of-press-freedom-explained/,1572|4|1960,category-only,8,category:1960; title:liberia; body:monrovia; body:george weah; body:weah
2025,22/04/2025,Liberia,Nimba County Senate By-election,9435,post,21/09/2021,21/09/2021,-1309,scam! glo is not giving out 20gb data to customers as 18th anniversary celebration gifts!,https://dubawa.org/scam-glo-is-not-giving-out-20gb-data-to-customers-as-18th-anniversary-celebration-gifts/,1571|1960,category-only,4,category:1960; body:liberia
2025,22/04/2025,Liberia,Nimba County Senate By-election,9343,post,10/09/2021,05/05/2022,-1320,did 82% of liberians agree to transitional justice?,https://dubawa.org/did-82-of-liberians-agree-to-transitional-justice/,1571|1960|16,category-only,7,category:1960; title:liberia; body:george weah; body:weah
2025,22/04/2025,Liberia,Nimba County Senate By-election,9316,post,08/09/2021,08/09/2021,-1322,scam alert: coca cola is not running a survey,https://dubawa.org/scam-alert-coca-cola-is-not-running-a-survey/,1571|1960,category-only,4,category:1960; body:liberia
2025,22/04/2025,Liberia,Nimba County Senate By-election,9072,post,19/08/2021,05/05/2022,-1342,"false: photo of a 10-year old girl giving birth to a girl child did not happen in lofa county, liberia",https://dubawa.org/false-photo-of-a-10-year-old-girl-giving-birth-to-a-girl-child-did-not-happen-in-lofa-county-liberia/,437|1571|1960,category-only,6,category:1960; title:liberia; body:monrovia
2025,22/04/2025,Liberia,Nimba County Senate By-election,8992,post,10/08/2021,05/05/2022,-1351,false! university of western australia not offering ‘scholarship’ as claimed in viral whatsapp message,https://dubawa.org/false-university-of-western-australia-not-offering-scholarship-as-claimed-in-viral-whatsapp-message/,1571|1960,category-only,3,category:1960
2025,22/04/2025,Liberia,Nimba County Senate By-election,8991,post,10/08/2021,05/05/2022,-1351,liberia’s freedom of information law explained,https://dubawa.org/liberias-freedom-of-information-law-explained/,1572|4|1960,category-only,5,category:1960; title:liberia
2025,22/04/2025,Liberia,Nimba County Senate By-election,8859,post,30/07/2021,30/07/2021,-1362,"false: sim swap fraud alert message impossible, not from uba liberia",https://dubawa.org/false-sim-swap-fraud-alert-message-impossible-not-from-uba-liberia/,1571|4|1960,category-only,5,category:1960; title:liberia
2025,22/04/2025,Liberia,Nimba County Senate By-election,8851,post,28/07/2021,28/07/2021,-1364,dubawa’s fact-checking training holds in liberia,https://dubawa.org/dubawas-fact-checking-training-holds-in-liberia/,4|1960|1576,category-only,7,category:1960; title:liberia; body:monrovia; body:boakai
2025,22/04/2025,Liberia,Nimba County Senate By-election,8404,post,28/06/2021,28/06/2021,-1394,"suggestions that astrazeneca vaccine is causing covid infections, false!",https://dubawa.org/suggestions-that-astrazeneca-vaccine-is-causing-covid-infections-false/,1571|4|121|1960,category-only,4,category:1960; body:liberia
2025,22/04/2025,Liberia,Nimba County Senate By-election,8330,post,22/06/2021,23/06/2021,-1400,debunked: viral false claims following the demise of tb joshua,https://dubawa.org/debunked-viral-false-claims-following-the-demise-of-tb-joshua/,1571|1960|123,category-only,3,category:1960
2025,22/04/2025,Liberia,Nimba County Senate By-election,8319,post,22/06/2021,23/06/2021,-1400,no! gun woman standing by charles taylor’s ex-wife not senator kanger lawrence,https://dubawa.org/no-gun-woman-standing-by-charles-taylors-ex-wife-not-senator-kanger-lawrence/,1571|4|1960,category-only,5,category:1960; body:liberia; body:nimba
2025,22/04/2025,Liberia,Nimba County Senate By-election,8214,post,15/06/2021,17/06/2021,-1407,fact-checking senator brown’s claim that no president has moved into liberia’s executive mansion since the killing of president william r. tolbert,https://dubawa.org/fact-checking-senator-browns-claim-that-no-president-has-moved-into-liberias-executive-mansion-since-the-killing-of-president-william-r-tolbert/,1571|4|1960|16,category-only,7,category:1960; title:liberia; body:monrovia; body:weah
2025,21/09/2025,Guinea,Referendum,25129,post,17/10/2025,21/10/2025,26,comment les observateurs électoraux veillent sur le scrutin en côte d’ivoire?,https://dubawa.org/comment-les-observateurs-electoraux-veillent-sur-le-scrutin-en-cote-divoire/,4269|1572|16,window,1,election:élection|vote
2025,21/09/2025,Guinea,Referendum,25098,post,16/10/2025,21/10/2025,25,élection ivoirienne : le rôle de la cei et du conseil constitutionnel,https://dubawa.org/election-ivoirienne-le-role-de-la-cei-et-du-conseil-constitutionnel/,4269|1572|16,window,2,body:référendum; election:election|élection|vote
2025,21/09/2025,Guinea,Referendum,25086,post,16/10/2025,21/10/2025,25,fonctionnement de la liste électorale ivoirienne : de l’inscription à la vérification,https://dubawa.org/fonctionnement-de-la-liste-electorale-ivoirienne-de-linscription-a-la-verification/,4269|1572|16,window,1,election:vote|voter
2025,21/09/2025,Guinea,Referendum,25080,post,16/10/2025,16/10/2025,25,is national youth empowerment fund legitimate government programme?,https://dubawa.org/is-national-youth-empowerment-fund-legitimate-government-programme/,1571|120|3812|3815,window,1,election:presidential
2025,21/09/2025,Guinea,Referendum,25077,post,16/10/2025,16/10/2025,25,"no evidence new inec chairperson, amupitan, was tinubu’s lawyer",https://dubawa.org/no-evidence-new-inec-chairperson-amupitan-was-tinubus-lawyer/,1571|3812|3815|16,window,1,election:election|presidential
2025,21/09/2025,Guinea,Referendum,25069,post,15/10/2025,15/10/2025,24,présidentielle du 25 octobre en côte d ivoire : les candidats en lice,https://dubawa.org/presidentielle-du-25-octobre-en-cote-divoire-les-candidats-en-lice/,1572|4269|16,window,1,election:élection|vote|candidate
2025,21/09/2025,Guinea,Referendum,25037,post,14/10/2025,14/10/2025,23,présidentielle du 25 octobre 2025 en côte d’ivoire : les grandes étapes du processus,https://dubawa.org/presidentielle-du-25-octobre-2025-en-cote-divoire-les-grandes-etapes-du-processus/,4269|1572|16,window,1,election:élection|vote|voter
2025,21/09/2025,Guinea,Referendum,25005,post,13/10/2025,13/10/2025,22,why inec may postpone voting in some areas —  what it really means,https://dubawa.org/why-inec-may-postpone-voting-in-some-areas-what-it-really-means/,1688|5|3815,window,1,election:election|vote|voter
2025,21/09/2025,Guinea,Referendum,24985,post,13/10/2025,20/10/2025,22,"after dubawa’s report, facebook users delete misleading posts, x account suspended",https://dubawa.org/after-dubawas-report-facebook-users-delete-misleading-posts-x-account-suspended/,1572|3815|1688,window,1,election:election
2025,21/09/2025,Guinea,Referendum,24975,post,13/10/2025,13/10/2025,22,une ancienne vidéo du ministre ivoirien de l’enseignement supérieur manipulée pour accréditer un financement de “gros bras”,https://dubawa.org/une-ancienne-video-du-ministre-ivoirien-de-lenseignement-superieur-manipulee-pour-accrediter-un-financement-de-gros-bras/,4269|16,window,1,election:élection
2025,21/09/2025,Guinea,Referendum,24933,post,10/10/2025,10/10/2025,19,did president boakai faint during speech delivery at un?,https://dubawa.org/did-president-boakai-faint-during-speech-delivery-at-un-2/,1960|4|3815,window,1,election:presidential
2025,21/09/2025,Guinea,Referendum,24907,post,10/10/2025,10/10/2025,19,has nigeria introduced obligatory tax for all citizens from 2026?,https://dubawa.org/has-nigeria-introduced-obligatory-tax-for-all-citizens-from-2026/,120|3815,window,1,election:election|vote
2025,21/09/2025,Guinea,Referendum,24900,post,09/10/2025,09/10/2025,18,explainer: can sex workers be taxed in nigeria?,https://dubawa.org/explainer-can-sex-workers-be-taxed-in-nigeria/,1572|120|3815,window,1,election:presidential
2025,21/09/2025,Guinea,Referendum,24890,post,09/10/2025,09/10/2025,18,false! liberia’s government has not cancelled free waec policy for 12th graders,https://dubawa.org/false-liberias-government-has-not-cancelled-free-waec-policy-for-12th-graders/,1571|3815|1960,window,1,election:candidate
2025,21/09/2025,Guinea,Referendum,24887,post,08/10/2025,08/10/2025,17,things that can get you arrested during anambra elections,https://dubawa.org/things-that-can-get-you-arrested-during-anambra-elections/,1572|5|3815,window,1,election:election|vote|voter
2025,21/09/2025,Guinea,Referendum,24867,post,08/10/2025,11/10/2025,17,anambra 2025: meet the 16 candidates vying to be governor,https://dubawa.org/anambra-2025-meet-the-16-candidates-vying-to-be-governor/,1688|5|16,window,1,election:election|vote|poll
2025,21/09/2025,Guinea,Referendum,24849,post,06/10/2025,11/10/2025,15,désinformation autour d’un prétendu putsch en côte d’ivoire,https://dubawa.org/desinformation-autour-dun-pretendu-putsch-en-cote-divoire/,4269|1571|16,window,1,election:élection
2025,21/09/2025,Guinea,Referendum,24844,post,05/10/2025,05/10/2025,14,weekly round-up: top five claims dubawa verified last week,https://dubawa.org/weekly-round-up-top-five-claims-dubawa-verified-last-week/,440|3815|1688,window,1,election:candidate|presidential
2025,21/09/2025,Guinea,Referendum,24795,post,30/09/2025,30/09/2025,9,did president boakai faint during speech delivery at un?,https://dubawa.org/did-president-boakai-faint-during-speech-delivery-at-un/,1571|3815|1960|16,window,1,election:presidential
2025,21/09/2025,Guinea,Referendum,24788,post,29/09/2025,29/09/2025,8,old video recirculated to portray olubadan endorsing  peter obi,https://dubawa.org/old-video-recirculated-to-portray-olubadan-endorsing-peter-obi/,1571|4|3815|16,window,1,election:candidate|presidential
2025,21/09/2025,Guinea,Referendum,24743,post,27/09/2025,27/09/2025,6,"video linking obi, nigeria’s government to investment platform, afriquantum x, false",https://dubawa.org/video-linking-obi-nigerias-government-to-investment-platform-afriquantum-x-false/,1571|4|3815,window,1,election:candidate|presidential
2025,21/09/2025,Guinea,Referendum,24733,post,26/09/2025,26/09/2025,5,kano governor misrepresents state’s performance in 2025 neco results,https://dubawa.org/kano-governor-misrepresents-states-performance-in-2025-neco-results/,1571|122|3815,window,1,election:candidate
2025,21/09/2025,Guinea,Referendum,24664,post,23/09/2025,23/09/2025,2,was el-rufai removed from odenigbo s lecture amidst protests?,https://dubawa.org/was-el-rufai-removed-from-odenigbos-lecture-amidst-protests/,1571|4|3815,window,1,election:candidate|presidential
2025,21/09/2025,Guinea,Referendum,24500,post,18/09/2025,18/09/2025,-3,udp faces possible implosion ahead of 2026 elections,https://dubawa.org/udp-faces-possible-implosion-ahead-of-2026-elections/,2815|1572|3815,window,1,election:election|candidate|presidential
2025,21/09/2025,Guinea,Referendum,24413,post,14/09/2025,14/09/2025,-7,round-up: trending claims dubawa verified this week,https://dubawa.org/round-up-trending-claims-dubawa-verified-this-week/,1571|3812|3815|123,window,1,election:election|poll
2025,21/09/2025,Guinea,Referendum,24403,post,13/09/2025,13/09/2025,-8,false! president boakai is not the first leader to meet japan’s prime minister,https://dubawa.org/false-president-boakai-is-not-the-first-leader-to-meet-japans-prime-minister/,1571|3815|1960,window,1,election:parliament
2025,21/09/2025,Guinea,Referendum,24390,post,12/09/2025,12/09/2025,-9,did trump vow to ensure tinubu is not re-elected in 2027?,https://dubawa.org/did-trump-vow-to-ensure-tinubu-is-not-re-elected-in-2027/,1571|3812|3815|16,window,1,election:election|vote|ballot
2025,21/09/2025,Guinea,Referendum,24373,post,12/09/2025,12/09/2025,-9,former assistant liberian minister makes false claims about us millennium compact,https://dubawa.org/former-assistant-liberian-minister-makes-false-claims-about-us-millennium-compact/,1960|3815|16,window,1,election:election|vote|candidate
2025,21/09/2025,Guinea,Referendum,24351,post,11/09/2025,11/10/2025,-10,désinformation : une ancienne vidéo de l’ex président de l’assemblée nationale ivoirienne refait surface,https://dubawa.org/desinformation-une-ancienne-video-de-lex-president-de-lassemblee-nationale-ivoirienne-refait-surface/,4269|1571,window,1,election:élection
2025,21/09/2025,Guinea,Referendum,24363,post,11/09/2025,11/09/2025,-10,karya ce! ba najeriya bace kasa da ke kan gaba da mafi yawan masu ilimi a afurka ba,https://dubawa.org/karya-ce-ba-najeriya-bace-kasa-da-ke-kan-gaba-da-mafi-yawan-masu-ilimi-a-afurka-ba/,3137|2451,window,1,body:guinea
2025,21/09/2025,Guinea,Referendum,24361,post,11/09/2025,11/09/2025,-10,shin najeriya ta amince da sabuwar dokar yaki da masu zamba a intanet?,https://dubawa.org/shin-najeriya-ta-amince-da-sabuwar-dokar-yaki-da-masu-zamba-a-intanet/,3137|2451,window,1,election:presidential
2025,21/09/2025,Guinea,Referendum,24356,post,11/09/2025,20/10/2025,-10,facebook user deletes post after dubawa’s fact-check,https://dubawa.org/facebook-user-deletes-post-after-dubawas-fact-check/,1571|3812|3815|123,window,1,body:guinea
2025,21/09/2025,Guinea,Referendum,24325,post,10/09/2025,10/09/2025,-11,did tinubu submit list of nominees to replace ibrahim musa as nff president?,https://dubawa.org/did-tinubu-submit-list-of-nominees-to-replace-ibrahim-musa-as-nff-president/,1571|3812|3815,window,1,election:election|vote|candidate
2025,21/09/2025,Guinea,Referendum,24291,post,07/09/2025,07/09/2025,-14,round-up: top claims verified by dubawa this week,https://dubawa.org/round-up-top-claims-verified-by-dubawa-this-week-2/,1572|1571|3812|3815|123,window,2,body:guinea; election:presidential
2025,21/09/2025,Guinea,Referendum,24286,post,06/09/2025,06/09/2025,-15,"no, dollar was not n1,900 before tinubu became president",https://dubawa.org/no-dollar-was-not-n1900-before-tinubu-became-president/,1571|120|3812|3815,window,1,election:election|presidential
2025,21/09/2025,Guinea,Referendum,24283,post,06/09/2025,06/09/2025,-15,sanwoolu’s aide recirculates video of obi saying he lifted 439m people from poverty,https://dubawa.org/sanwoolus-aide-recirculates-video-of-obi-saying-he-lifted-439m-people-from-poverty/,1571|120|3812|3815,window,1,election:election|candidate|presidential
2025,21/09/2025,Guinea,Referendum,24248,post,02/09/2025,02/09/2025,-19,"video clip showing patience jonathan counselling husband over return to aso rock, not recent",https://dubawa.org/video-clip-showing-patience-jonathan-counselling-husband-over-return-to-aso-rock-not-recent/,1571|3812|3815|16,window,1,election:election|poll|presidential
2025,21/09/2025,Guinea,Referendum,24239,post,01/09/2025,01/09/2025,-20,false! nigeria not ranked africa’s most educated country,https://dubawa.org/false-nigeria-not-ranked-africas-most-educated-country/,1571|437|3812|3815,window,1,body:guinea
2025,21/09/2025,Guinea,Referendum,24231,post,31/08/2025,31/08/2025,-21,round-up: top claims verified by dubawa this week,https://dubawa.org/round-up-top-claims-verified-by-dubawa-this-week/,1572|1571|3812|3815|123,window,1,election:election|candidate
2025,21/09/2025,Guinea,Referendum,24162,post,30/08/2025,07/05/2026,-22,do nigerian laws allow honorary doctorate recipients to formally use “dr” prefix?,https://dubawa.org/do-nigerian-laws-allow-honorary-doctorate-recipients-to-formally-use-dr-prefix/,4352|122|1571|3812|3815,window,1,election:candidate
2025,21/09/2025,Guinea,Referendum,24216,post,29/08/2025,29/08/2025,-23,did nigeria’s national assembly pass a new cybercrime act into law?,https://dubawa.org/did-nigerias-national-assembly-pass-a-new-cybercrime-act-into-law/,1571|3812|3815|119,window,1,election:vote|parliament|presidential
2025,21/09/2025,Guinea,Referendum,24193,post,29/08/2025,29/08/2025,-23,"misleading! apc, slpp’s mps sang against the first lady, not just apc’s mps",https://dubawa.org/misleading-apc-slpps-mps-sang-against-the-first-lady-not-just-apcs-mps/,1268|1571|3812|3815,window,1,election:parliament
2025,21/09/2025,Guinea,Referendum,24181,post,28/08/2025,28/08/2025,-24,video portraying adc campaign not linked to nigeria,https://dubawa.org/video-portraying-adc-campaign-not-linked-to-nigeria/,1571|3812|3815,window,1,election:election
2025,21/09/2025,Guinea,Referendum,24146,post,26/08/2025,26/08/2025,-26,misleading! sierra leone does not have a prime minister,https://dubawa.org/misleading-sierra-leone-does-not-have-a-prime-minister/,1268|1571|3815|16,window,1,election:presidential
2025,21/09/2025,Guinea,Referendum,24140,post,26/08/2025,26/08/2025,-26,misleading! boakai’s 2-year budget for agriculture is not bigger than weah’s cdc in 5 years,https://dubawa.org/misleading-boakais-2-year-budget-for-agriculture-is-not-bigger-than-weahs-cdc-in-5-years/,1960|437|1571|3815|123,window,1,election:presidential
2025,21/09/2025,Guinea,Referendum,24130,post,25/08/2025,11/10/2025,-27,guinée-bissau : l’homosexualité dépénalisée depuis 1993?,https://dubawa.org/guinee-bissau-lhomosexualite-depenalisee-depuis-1993/,4270|1571,window,2,title:guinée
2025,21/09/2025,Guinea,Referendum,24127,post,25/08/2025,25/08/2025,-27,did inec replace julius abure with nenadi usman as labour party chair?,https://dubawa.org/did-inec-replace-julius-abure-with-nenadi-usman-as-labour-party-chair/,1571|3812|3815|16,window,1,election:election|vote|voter
2025,21/09/2025,Guinea,Referendum,24119,post,25/08/2025,25/08/2025,-27,"will nigerians earning about n800,000 yearly pay 20% personal income tax?",https://dubawa.org/will-nigerians-earning-about-n800000-yearly-pay-20-personal-income-tax/,1571|120|3812|3815,window,1,election:presidential
2025,21/09/2025,Guinea,Referendum,24042,post,24/08/2025,20/08/2025,-28,do hot dogs cause cancer?,https://dubawa.org/do-hot-dogs-cause-cancer/,1571|3812|121|3815,window,1,election:poll
2025,21/09/2025,Guinea,Referendum,24101,post,24/08/2025,24/08/2025,-28,is veteran actor jackie chan dead?,https://dubawa.org/is-veteran-actor-jackie-chan-dead/,1571|437|3812|3815|123,window,1,election:vote
2025,21/09/2025,Guinea,Referendum,24082,post,22/08/2025,22/08/2025,-30,"désinformation sur une candidature de l’ex premier ministre ivoirien, guillaume soro, à la présidentielle d’octobre 2025",https://dubawa.org/desinformation-sur-une-candidature-de-lex-premier-ministre-ivoirien-guillaume-soro-a-la-presidentielle-doctobre-2025/,4269,window,1,election:élection
2025,21/09/2025,Guinea,Referendum,24060,post,20/08/2025,20/08/2025,-32,"false! viral video claiming aregbesola was stoned in ogun, from endsars protest",https://dubawa.org/false-viral-video-claiming-aregbesola-was-stoned-in-ogun-from-endsars-protest/,1571|437|3812|3815,window,1,election:election|by-election
2025,21/09/2025,Guinea,Referendum,24048,post,20/08/2025,20/08/2025,-32,"hillary clinton not dead, as instagram user claimed",https://dubawa.org/hillary-clinton-not-dead-as-instagram-user-claimed/,1571|3812|3815|123,window,1,election:election|candidate|presidential
2025,21/09/2025,Guinea,Referendum,24029,post,20/08/2025,20/08/2025,-32,"non, georges weah ne s’est pas exprimé contre un quatrième mandat d’alassane ouattara",https://dubawa.org/non-georges-weah-ne-sest-pas-exprime-contre-un-quatrieme-mandat-dalassane-ouattara/,4269,window,1,election:élection
2025,21/09/2025,Guinea,Referendum,24016,post,19/08/2025,19/08/2025,-33,false! brikama area council collected more than d80 million in annual revenue in previous years,https://dubawa.org/false-brikama-area-council-collected-more-than-d80-million-in-annual-revenue-in-previous-years/,2815|1571|3815|16,window,1,election:election|candidate
2025,21/09/2025,Guinea,Referendum,24000,post,18/08/2025,18/08/2025,-34,did atiku and rotimi collapse structure to support peter obi as adc’s flag bearer?,https://dubawa.org/did-atiku-and-rotimi-collapse-structure-to-support-peter-obi-as-adcs-flag-bearer/,16|437|1571|3812|3815,window,1,election:election|candidate|presidential
2025,21/09/2025,Guinea,Referendum,23968,post,14/08/2025,18/08/2025,-38,"côte d’ivoire : non, alassane ouattara n’a pas été retiré de la liste électorale",https://dubawa.org/cote-divoire-non-alassane-ouattara-na-pas-ete-retire-de-la-liste-electorale/,4269,window,1,election:vote
2025,21/09/2025,Guinea,Referendum,23969,post,14/08/2025,14/08/2025,-38,"videos of other disruptions on ibom air flight, not recent",https://dubawa.org/videos-of-other-disruptions-on-ibom-air-flight-not-recent/,1571|437|3812|3815|123,window,1,election:election|presidential
2025,21/09/2025,Guinea,Referendum,23952,post,14/08/2025,14/08/2025,-38,"viral video of foreign houses being demolished in burkina faso, ai-generated",https://dubawa.org/viral-video-of-foreign-houses-being-demolished-in-burkina-faso-ai-generated/,1268|1571|3815|123,window,1,election:parliament|legislative
2025,21/09/2025,Guinea,Referendum,23917,post,13/08/2025,13/08/2025,-39,can nigerian airline operators ban passenger from flying? here s what the law says,https://dubawa.org/can-nigerian-airline-operators-ban-passenger-from-flying-heres-what-the-law-says/,1572|3812|3815|123,window,1,election:presidential
2025,21/09/2025,Guinea,Referendum,23936,post,13/08/2025,13/08/2025,-39,liberians march against drug abuse,https://dubawa.org/liberians-march-against-drug-abuse/,1960|121|3815|1688,window,1,election:presidential
2025,21/09/2025,Guinea,Referendum,23902,post,11/08/2025,11/08/2025,-41,chernoh bah makes a misleading claim about bio’s re-election in 2023,https://dubawa.org/chernoh-bah-makes-a-misleading-claim-about-bios-re-election-in-2023/,1268|1571|3812|3815,window,1,election:election|vote|poll
2025,21/09/2025,Guinea,Referendum,31179,post,18/08/2026,18/08/2026,331,la guinée a-t-elle annoncé la suspension définitive de tiktok ?,https://dubawa.org/la-guinee-a-t-elle-annonce-la-suspension-definitive-de-tiktok/,4482,category-only,5,category:4482; title:guinée
2025,21/09/2025,Guinea,Referendum,30892,post,11/08/2026,11/08/2026,324,guinée : aucun recrutement en cours malgré l’annonce faite dans plusieurs médias,https://dubawa.org/guinee-aucun-recrutement-en-cours-malgre-lannonce-faite-dans-plusieurs-medias/,4482,category-only,5,category:4482; title:guinée
2025,21/09/2025,Guinea,Referendum,30248,post,10/07/2026,13/07/2026,292,que cache réellement la tension entre la guinée et la guinée-bissau ?,https://dubawa.org/que-cache-reellement-la-tension-entre-la-guinee-et-la-guinee-bissau/,4482,category-only,6,category:4482; title:guinée; body:conakry
2025,21/09/2025,Guinea,Referendum,30047,post,30/06/2026,30/06/2026,282,"le port d un t-shirt à l effigie de l’opposant guinéen, cellou dalein diallo, a-t-il conduit à une arrestation ?",https://dubawa.org/le-port-dun-t-shirt-a-leffigie-de-lopposant-guineen-cellou-dalein-diallo-a-t-il-conduit-a-une-arrestation/,4482,category-only,8,category:4482; title:guinée; body:conakry; title:cellou dalein
2025,21/09/2025,Guinea,Referendum,28444,post,03/04/2026,03/04/2026,194,des soldats américains ont-ils été arrêtés en iran ?,https://dubawa.org/des-soldats-americains-ont-ils-ete-arretes-en-iran/,1571|4482,category-only,3,category:4482
2025,21/09/2025,Guinea,Referendum,28154,post,12/03/2026,12/03/2026,172,les célébres artistes guinéens soul bang’s et manamba kanté victimes de fake news,https://dubawa.org/les-celebres-artistes-guineens-soul-bangs-et-manamba-kante-victimes-de-fake-news/,4482,category-only,6,category:4482; title:guinée; body:doumbouya
2025,21/09/2025,Guinea,Referendum,26957,post,29/12/2025,29/12/2025,99,"guinée : attention, le contenu de cette vidéo d’une présentatrice critiquant la transition est un deepfake",https://dubawa.org/guinee-attention-le-contenu-de-cette-video-dune-presentatrice-critiquant-la-transition-est-un-deepfake/,4482|1571,category-only,6,category:4482; title:guinée; body:conakry
2025,21/09/2025,Guinea,Referendum,26671,post,22/12/2025,22/12/2025,92,"guinée : non, 80 % de la population guinéenne ne parle pas le soussou",https://dubawa.org/guinee-non-80-de-la-population-guineenne-ne-parle-pas-le-soussou/,4482,category-only,5,category:4482; title:guinée
2025,21/09/2025,Guinea,Referendum,25865,post,11/11/2025,11/11/2025,51,"désinformation, ia et élections en afrique : entretien avec peter cunliffe-jones",https://dubawa.org/desinformation-ia-et-elections-en-afrique-entretien-avec-peter-cunliffe-jones/,4482|1572,category-only,4,category:4482; election:election|élection|vote
2025,21/09/2025,Guinea,Referendum,25530,post,31/10/2025,31/10/2025,40,"l’artiste guinéen, élie kamano, a-t-il critiqué le président du burkina faso?",https://dubawa.org/lartiste-guineen-elie-kamano-a-t-il-critique-le-president-du-burkina-faso/,4482|1571,category-only,6,category:4482; title:guinée; body:doumbouya
2025,21/09/2025,Guinea,Referendum,25241,post,22/10/2025,22/10/2025,31,le secrétaire général de la présidence guinéenne a-t-il repris mot pour mot le discours du président mamadi doumbouya à l’onu ?,https://dubawa.org/le-secretaire-general-de-la-presidence-guineenne-a-t-il-repris-mot-pour-mot-le-discours-du-president-mamadi-doumbouya-a-lonu/,4482|1571|16,category-only,7,category:4482; title:guinée; title:doumbouya
2025,25/10/2025,Cote d'Ivoire,Presidential,26139,post,21/11/2025,21/11/2025,27,fact-checking en période électorale : des journalistes des différentes régions de la guinée-bissau bénéficient d’une formation de wanep et du cjid,https://dubawa.org/fact-checking-en-periode-electorale-des-journalistes-des-differentes-regions-de-la-guinee-bissau-beneficient-dune-formation-de-wanep-et-du-cjid/,4270|1571,window,1,election:élection
2025,25/10/2025,Cote d'Ivoire,Presidential,26101,post,21/11/2025,21/11/2025,27,false! president boakai did not denounce cameroon’s election as “fraudulent mockery”,https://dubawa.org/false-president-boakai-did-not-denounce-cameroons-election-as-fraudulent-mockery/,1960|3815|16,window,1,election:election|vote|presidential
2025,25/10/2025,Cote d'Ivoire,Presidential,26079,post,21/11/2025,21/11/2025,27,has montserrado county senator saah joseph ever presented a legislative bill?,https://dubawa.org/has-montserrado-county-senator-saah-joseph-ever-presented-a-legislative-bill/,123|3815|1960,window,1,election:legislative
2025,25/10/2025,Cote d'Ivoire,Presidential,26051,post,19/11/2025,19/11/2025,25,élections en guinée-bissau : un faux sondage crédite 69% d’intention de vote à fernando dias da costa,https://dubawa.org/elections-en-guinee-bissau-un-faux-sondage-credite-69-dintention-de-vote-a-fernando-dias-da-costa/,1571|4270|16,window,1,election:election|élection|vote
2025,25/10/2025,Cote d'Ivoire,Presidential,26042,post,19/11/2025,21/11/2025,25,false! national port authority does not owe employees benefits,https://dubawa.org/false-national-port-authority-does-not-owe-employees-benefits/,1571|3815|1960,window,1,body:cei
2025,25/10/2025,Cote d'Ivoire,Presidential,26034,post,19/11/2025,19/11/2025,25,misleading: diaspora does not contribute $1bn in annual remittances to gambia’s economy,https://dubawa.org/misleading-diaspora-does-not-contribute-1bn-in-annual-remittances-to-gambias-economy/,1571|120|4|3812|3815|2815,window,1,body:cei
2025,25/10/2025,Cote d'Ivoire,Presidential,26029,post,18/11/2025,18/11/2025,24,"organisation des élections en guinée-bissau : rôles, structures et responsabilités",https://dubawa.org/organisation-des-elections-en-guinee-bissau-roles-structures-et-responsabilites/,1572|4270,window,1,election:election|élection
2025,25/10/2025,Cote d'Ivoire,Presidential,26024,post,18/11/2025,18/11/2025,24,"non, joão bernardo vieira n’a pas promis 65 000 fcfa par mois (environ 99 euros) à tous les bissau-guinéens",https://dubawa.org/non-joao-bernardo-vieira-na-pas-promis-65-000-fcfa-par-mois-environ-99-euros-a-tous-les-bissau-guineens/,1571|4270|16,window,1,election:élection|vote|voter
2025,25/10/2025,Cote d'Ivoire,Presidential,26018,post,18/11/2025,18/11/2025,24,false! ministry of finance has not recalled 2026 draft budget,https://dubawa.org/false-ministry-of-finance-has-not-recalled-2026-draft-budget/,1571|3815|1960,window,1,election:vote|legislative
2025,25/10/2025,Cote d'Ivoire,Presidential,26011,post,18/11/2025,18/11/2025,24,did french foreign affairs minister deny government’s awareness of president boakai’s visit?,https://dubawa.org/did-french-foreign-affairs-minister-deny-governments-awareness-of-president-boakais-visit/,1571|3815|1960,window,1,body:cei
2025,25/10/2025,Cote d'Ivoire,Presidential,25994,post,17/11/2025,17/11/2025,23,"non, la guinée-bissau ne compte pas 860 000 électeurs inscrits",https://dubawa.org/non-la-guinee-bissau-ne-compte-pas-860-000-electeurs-inscrits/,4270,window,1,election:élection|vote|voter
2025,25/10/2025,Cote d'Ivoire,Presidential,25981,post,17/11/2025,17/11/2025,23,"x user’s video of tinubu dismissing trump’s threat, ai-generated",https://dubawa.org/x-users-video-of-tinubu-dismissing-trumps-threat-ai-generated/,1571|3812|3815|16,window,1,election:vote
2025,25/10/2025,Cote d'Ivoire,Presidential,25967,post,16/11/2025,01/12/2025,22,did trump call for muslim ban in us?,https://dubawa.org/did-trump-call-for-muslim-ban-in-us/,1571|3812|3815|16,window,1,election:candidate|presidential
2025,25/10/2025,Cote d'Ivoire,Presidential,25964,post,16/11/2025,16/11/2025,22,wike: are nigerian military officers allowed to weigh in on civilian affairs?,https://dubawa.org/wike-are-nigerian-military-officers-allowed-to-weigh-in-on-civilian-affairs/,1572|3812|3815|16,window,1,election:election|legislative
2025,25/10/2025,Cote d'Ivoire,Presidential,25898,post,12/11/2025,12/11/2025,18,did civil servants work for free in october?,https://dubawa.org/did-civil-servants-work-for-free-in-october/,1571|3815|1960,window,1,body:cei
2025,25/10/2025,Cote d'Ivoire,Presidential,25865,post,11/11/2025,11/11/2025,17,"désinformation, ia et élections en afrique : entretien avec peter cunliffe-jones",https://dubawa.org/desinformation-ia-et-elections-en-afrique-entretien-avec-peter-cunliffe-jones/,4482|1572,window,1,election:election|élection|vote
2025,25/10/2025,Cote d'Ivoire,Presidential,25853,post,11/11/2025,11/11/2025,17,"did us revoke 80,000 nigerian visas?",https://dubawa.org/did-us-revoke-80000-nigerian-visas/,1571|3812|3815|123,window,1,election:vote
2025,25/10/2025,Cote d'Ivoire,Presidential,25849,post,10/11/2025,10/11/2025,16,"#anambradecides2025: x claim no result sheet provided ihiala amuma ward, false",https://dubawa.org/anambradecides2025-x-claim-no-result-sheet-provided-ihiala-amuma-ward-false/,1571|5|3812|3815|16,window,1,election:election|poll
2025,25/10/2025,Cote d'Ivoire,Presidential,25846,post,10/11/2025,10/11/2025,16,"#anambradecides2025: apga’s soludo won with 422,664, not 361,893 votes",https://dubawa.org/anambradecides2025-apgas-soludo-won-with-422664-not-361893-votes/,1571|5|3812|3815|16,window,1,election:election|vote|poll
2025,25/10/2025,Cote d'Ivoire,Presidential,25844,post,10/11/2025,10/11/2025,16,#anambradecides2025: misleading! money-stuffed bag unrelated to anambra election,https://dubawa.org/anambradecides2025-misleading-money-stuffed-bag-unrelated-to-anambra-election/,1571|5|3812|3815|16,window,1,election:election|vote
2025,25/10/2025,Cote d'Ivoire,Presidential,25842,post,10/11/2025,10/11/2025,16,"#anambradecides2025: true! pdp got only 1,401 votes in anambra election",https://dubawa.org/anambradecides2025-true-pdp-got-only-1401-votes-in-anambra-election/,1571|5|3812|3815|16,window,1,election:election|vote|poll
2025,25/10/2025,Cote d'Ivoire,Presidential,25840,post,10/11/2025,10/11/2025,16,#anambradecides2025: result sheet not fake as adc coalition claims,https://dubawa.org/anambradecides2025-result-sheet-not-fake-as-adc-coalition-claims/,1571|5|3812|3815|16,window,1,election:poll
2025,25/10/2025,Cote d'Ivoire,Presidential,25838,post,10/11/2025,10/11/2025,16,#anambradecides2025: x user makes false claim about anambra’s final result,https://dubawa.org/anambradecides2025-x-user-makes-false-claim-about-anambras-final-result/,1571|5|3812|3815,window,1,election:election|vote
2025,25/10/2025,Cote d'Ivoire,Presidential,25823,post,09/11/2025,09/11/2025,15,round-up: top claims verified by dubawa this week,https://dubawa.org/round-up-top-claims-verified-by-dubawa-this-week-3/,1572|1571|3812|3815|123,window,1,election:election|vote|poll
2025,25/10/2025,Cote d'Ivoire,Presidential,25820,post,09/11/2025,10/11/2025,15,"live fact-checks: anambra governorship election- sunday november 9, 2025",https://dubawa.org/live-fact-checks-anambra-governorship-election-sunday-november-9-2025/,3797|5|1571|3812|3815,window,1,election:election|vote|poll
2025,25/10/2025,Cote d'Ivoire,Presidential,25804,post,08/11/2025,08/11/2025,14,#anambradecides2025: how nfc exposed old video and how you can do that,https://dubawa.org/anambradecides2025-how-nfc-exposed-old-video-and-how-you-can-do-that/,5|3812|3815|1574,window,1,election:election|vote
2025,25/10/2025,Cote d'Ivoire,Presidential,25802,post,08/11/2025,08/11/2025,14,#anambradecides2025: 4 tips to avoid falling for misinformation after voting,https://dubawa.org/anambradecides2025-4-tips-to-avoid-falling-for-misinformation-after-voting/,5|3812|3815|1574,window,1,election:election|vote|voter
2025,25/10/2025,Cote d'Ivoire,Presidential,25800,post,08/11/2025,08/11/2025,14,#anambradecides2025: how gubernatorial election votes are counted and declared,https://dubawa.org/anambradecides2025-how-gubernatorial-election-votes-are-counted-and-declared/,5|3812|3815|1574|16,window,1,election:election|vote|poll
2025,25/10/2025,Cote d'Ivoire,Presidential,25798,post,08/11/2025,08/11/2025,14,#anambradecides2025: how to spot fake election results,https://dubawa.org/anambradecides2025-how-to-spot-fake-election-results/,1574|5|3812|3815|16,window,1,election:election|vote|poll
2025,25/10/2025,Cote d'Ivoire,Presidential,25794,post,08/11/2025,08/11/2025,14,#anambradecides2025: four things to do after you cast your vote,https://dubawa.org/anambradecides2025-four-things-to-do-after-you-cast-your-vote/,5|3812|3815|1574,window,1,election:election|vote|voter
2025,25/10/2025,Cote d'Ivoire,Presidential,25792,post,08/11/2025,08/11/2025,14,#anambradecides2025: misleading! anambra lga ifeanyi chinweze did not disrupt election,https://dubawa.org/anambradecides2025-misleading-anambra-lga-ifeanyi-chinweze-did-not-disrupt-election/,437|5|1571|3812|3815,window,1,election:election|vote|voter
2025,25/10/2025,Cote d'Ivoire,Presidential,25788,post,08/11/2025,08/11/2025,14,#anambradecides2025: inec yet to declare election winner,https://dubawa.org/anambradecides2025-inec-yet-to-declare-election-winner/,1571|5|3812|3815|3797|16,window,1,election:election|poll
2025,25/10/2025,Cote d'Ivoire,Presidential,25783,post,08/11/2025,08/11/2025,14,#anambradecides2025: did voter sustain head injury during poll?,https://dubawa.org/anambradecides2025-did-voter-sustain-head-injury-during-poll/,1571|3812|3815,window,1,election:vote|voter|poll
2025,25/10/2025,Cote d'Ivoire,Presidential,25767,post,08/11/2025,08/11/2025,14,#anambradecides2025: false! no cash bundle added to election materials,https://dubawa.org/anambradecides2025-false-no-cash-bundle-added-to-election-materials/,1571|5|437|3812|3815|3797,window,1,election:election
2025,25/10/2025,Cote d'Ivoire,Presidential,25755,post,08/11/2025,08/11/2025,14,#anambradecides2025: false! anambra’s voter turnout exceeds 22%,https://dubawa.org/anambradecides2025-false-anambras-voter-turnout-exceeds-22/,1571|3812|3815|16,window,1,election:election|vote|voter
2025,25/10/2025,Cote d'Ivoire,Presidential,25753,post,08/11/2025,08/11/2025,14,#anambradecides2025: will anambra election real-time result dashboard be first in nigeria?,https://dubawa.org/anambradecides2025-will-anambra-election-real-time-result-dashboard-be-first-in-nigeria/,1571|5|3812|3815,window,1,election:election|poll
2025,25/10/2025,Cote d'Ivoire,Presidential,25751,post,08/11/2025,08/11/2025,14,#anambradecides2025: did governorship election hold in anambra 2days ago?,https://dubawa.org/anambradecides2025-did-governorship-election-hold-in-anambra-2days-ago/,1571|5|3812|3815|16,window,1,election:election|poll
2025,25/10/2025,Cote d'Ivoire,Presidential,25739,post,08/11/2025,08/11/2025,14,"live fact-checks: anambra governorship election- saturday november 8, 2025",https://dubawa.org/live-fact-checks-anambra-governorship-election-saturday-november-8-2025/,3797|5|1571|3812|3815,window,1,election:election|vote|voter
2025,25/10/2025,Cote d'Ivoire,Presidential,25735,post,08/11/2025,08/11/2025,14,"#anambradecides2025: false, polling units in anambra 5,720 not 5,200",https://dubawa.org/therell-be-voting-in-5118-polling-units-out-of-the-5200-in-anambra-state/,5|437|1571|3812|3815|16,window,1,election:election|vote|voter
2025,25/10/2025,Cote d'Ivoire,Presidential,25732,post,08/11/2025,08/11/2025,14,#anambradecides2025: security uncovered plans by ukachukwu nicholas to disrupt anambra guber polls,https://dubawa.org/security-uncovered-plans-by-ukachukwu-nicholas-to-disrupt-anambra-guber-polls/,1571|5|437|3812|3815,window,1,election:election|vote|poll
2025,25/10/2025,Cote d'Ivoire,Presidential,25705,post,08/11/2025,07/11/2025,14,does research show age affects men s fertility more than women s?,https://dubawa.org/does-research-show-age-affects-mens-fertility-more-than-womens/,1571|3812|121|3815,window,1,body:cei
2025,25/10/2025,Cote d'Ivoire,Presidential,25719,post,07/11/2025,08/11/2025,13,#anambradecides2025: should voters use index finger,https://dubawa.org/use-the-index-finger-to-vote/,1571|5|437|3812|3815|16,window,1,election:election|vote|voter
2025,25/10/2025,Cote d'Ivoire,Presidential,25713,post,07/11/2025,08/11/2025,13,#anambradecides2025: no evidence anambra governor declared friday public holiday for teachers to serve as delegates,https://dubawa.org/no-evidence-anambra-governor-declared-friday-public-holiday-for-teachers-to-serve-as-delegates/,3797|5|1571|3812|3815|16,window,1,election:election
2025,25/10/2025,Cote d'Ivoire,Presidential,25702,post,07/11/2025,07/11/2025,13,#anambradecides2025: nfc activates situation room ahead of anambra election,https://dubawa.org/anambradecides2025-nfc-activates-situation-room-ahead-of-anambra-election/,1688|5|1571|3812|3815|1576,window,1,election:election|vote|voter
2025,25/10/2025,Cote d'Ivoire,Presidential,25700,post,07/11/2025,08/11/2025,13,"pre-election fact checks: dubawa, nfc monitor mis/disinformation ahead of anambra 2025 governorship election",https://dubawa.org/pre-election-fact-checks-dubawa-nfc-monitor-mis-disinformation-ahead-of-anambra-2025-governorship-election/,3797|5|3812|3815|16,window,1,election:election|vote|voter
2025,25/10/2025,Cote d'Ivoire,Presidential,25696,post,06/11/2025,06/11/2025,12,"viral video of governor soludo promising cash rewards for votes, true",https://dubawa.org/viral-video-of-governor-soludo-promising-cash-rewards-for-votes-true/,1571|3812|3815|16,window,2,body:cei; election:election|vote|ballot
2025,25/10/2025,Cote d'Ivoire,Presidential,25691,post,06/11/2025,06/11/2025,12,#anambra2025: how voters can curb misinformation at polling units,https://dubawa.org/anambra2025-how-voters-can-curb-misinformation-at-polling-units/,1572|1571|3812|3815|16,window,1,election:election|vote|voter
2025,25/10/2025,Cote d'Ivoire,Presidential,25687,post,06/11/2025,06/11/2025,12,#anambra2025: anambra hospital commissioned by soludo not empty,https://dubawa.org/anambra2025-anambra-hospital-commissioned-by-soludo-not-empty/,1571|5|3812|3815|16,window,2,body:cei; election:election|vote|candidate
2025,25/10/2025,Cote d'Ivoire,Presidential,25679,post,06/11/2025,06/11/2025,12,recycled or recent? the nigerian army photo controversy explained,https://dubawa.org/recycled-or-recent-the-nigerian-army-photo-controversy-explained/,1572|5|3812|3815|16,window,1,election:vote
2025,25/10/2025,Cote d'Ivoire,Presidential,25648,post,05/11/2025,05/11/2025,11,anambra2025: 2.8 million voters to decide next governor,https://dubawa.org/anambra2025-2-8-million-voters-to-decide-next-governor/,1572|5|3812|3815|16,window,1,election:election|vote|voter
2025,25/10/2025,Cote d'Ivoire,Presidential,25635,post,05/11/2025,05/11/2025,11,anambra election: 6 misconceptions about bvas and irev voters should know,https://dubawa.org/anambra-election-6-misconceptions-about-bvas-and-irev-voters-should-know/,5|1572|3812|3815,window,1,election:election|vote|voter
2025,25/10/2025,Cote d'Ivoire,Presidential,25630,post,05/11/2025,05/11/2025,11,false! some representatives have gotten more than 67% votes in liberia,https://dubawa.org/false-some-representatives-have-gotten-more-than-67-votes-in-liberia/,1571|4|3815|1960,window,2,body:cei; election:election|vote
2025,25/10/2025,Cote d'Ivoire,Presidential,25599,post,04/11/2025,04/11/2025,10,"viral video showing tinubu respond to trump’s genocide remarks old, misleading",https://dubawa.org/viral-video-showing-tinubu-respond-to-trumps-genocide-remarks-old-misleading/,1571|3812|3815|16,window,1,body:cei
2025,25/10/2025,Cote d'Ivoire,Presidential,25596,post,03/11/2025,12/12/2025,9,"viral facebook post claiming anambra governor, otti, issued threats against lagos, false",https://dubawa.org/viral-facebook-post-claiming-anambra-governor-otti-issued-threats-against-lagos-false/,1571|3812|3815|16,window,1,election:election|candidate|presidential
2025,25/10/2025,Cote d'Ivoire,Presidential,25573,post,02/11/2025,02/11/2025,8,présidentielle 2025 en guinée : le jour du vote a-t-il été reporté?,https://dubawa.org/presidentielle-2025-en-guinee-le-jour-du-vote-a-t-il-ete-reporte/,4482|1571|16,window,1,election:élection|vote
2025,25/10/2025,Cote d'Ivoire,Presidential,25558,post,02/11/2025,02/11/2025,8,#anambraelection2025: is chioma ifemeludike aac gubernatorial candidate?,https://dubawa.org/anambraelection2025-is-chioma-ifemeludike-aac-gubernatorial-candidate/,1571|3812|3815|16,window,1,election:election|candidate
2025,25/10/2025,Cote d'Ivoire,Presidential,25547,post,31/10/2025,31/10/2025,6,l’armée bissau-guinéenne annonce avoir déjoué une tentative de subversion à la veille de la campagne électorale,https://dubawa.org/larmee-bissau-guineenne-annonce-avoir-dejoue-une-tentative-de-subversion-a-la-veille-de-la-campagne-electorale/,4270|1572,window,1,election:élection
2025,25/10/2025,Cote d'Ivoire,Presidential,25535,post,31/10/2025,31/10/2025,6,"guinée-bissau : des élections 2025 sans le paigc, une grande première",https://dubawa.org/guinee-bissau-des-elections-2025-sans-le-paigc-une-grande-premiere/,1572|4270,window,1,election:election|élection
2025,25/10/2025,Cote d'Ivoire,Presidential,25524,post,31/10/2025,31/10/2025,6,"who is kilmar abrego garcia, and why is he being accepted by liberia?",https://dubawa.org/who-is-kilmar-abrego-garcia-and-why-is-he-being-accepted-by-liberia/,1572|4|3815|1960,window,2,body:cei; election:vote
2025,25/10/2025,Cote d'Ivoire,Presidential,25518,post,30/10/2025,30/10/2025,5,àwòrán atẹyinwa ni àwòrán akalekako yii to ṣ’afihan ìkọlù ni ipinle kwara,https://dubawa.org/aworan-ateyinwa-ni-aworan-akalekako-yii-to-%e1%b9%a3afihan-ikolu-ni-ipinle-kwara/,1571|123|2450,window,1,body:gbagbo
2025,25/10/2025,Cote d'Ivoire,Presidential,25465,post,28/10/2025,28/10/2025,3,did obasanjo claim igbos control lagos through ownership and investment?,https://dubawa.org/did-obasanjo-claim-igbos-control-lagos-through-ownership-and-investment/,1571|3812|3815|16,window,1,body:cei
2025,25/10/2025,Cote d'Ivoire,Presidential,25459,post,27/10/2025,27/10/2025,2,"photo of president boakai undergoing surgery, doctored",https://dubawa.org/photo-of-president-boakai-undergoing-surgery-doctored/,1571|3815|1960,window,1,body:cei
2025,25/10/2025,Cote d'Ivoire,Presidential,25454,post,27/10/2025,27/10/2025,2,why does display of lgbtq+ banners provoke backlash in gambia?,https://dubawa.org/why-does-display-of-lgbtq-banners-provoke-backlash-in-gambia/,1572|4|3815|2815,window,1,election:vote
2025,25/10/2025,Cote d'Ivoire,Presidential,25420,post,26/10/2025,26/10/2025,1,weekly round-up: trending claims dubawa verified this week,https://dubawa.org/weekly-round-up-trending-claims-dubawa-verified-this-week-3/,1572|1571|3812|3815,window,1,body:cei
2025,25/10/2025,Cote d'Ivoire,Presidential,25327,post,24/10/2025,24/10/2025,-1,"false! akon, wife tomeka still together no $100m divorce settlement requested",https://dubawa.org/false-akon-wife-tomeka-still-together-no-100m-divorce-settlement-requested/,1571|3812|3815|123,window,1,body:cei
2025,25/10/2025,Cote d'Ivoire,Presidential,25316,post,24/10/2025,24/10/2025,-1,did trump tell portugal’s president he would lose to ronaldo in presidential election?,https://dubawa.org/did-trump-tell-portugals-president-he-would-lose-to-ronaldo-in-presidential-election/,1571|3812|3815|3705,window,1,election:election|presidential
2025,25/10/2025,Cote d'Ivoire,Presidential,25271,post,24/10/2025,27/10/2025,-1,dubawa indepth! kollie’s dream at ‘beggar s avenue:’ the plight of people living with disability in liberia,https://dubawa.org/dubawa-indepth-kollies-dream-at-beggars-avenue-the-plight-of-people-living-with-disability-in-liberia/,1572|4352|3815|1960,window,2,body:cei; election:election|candidate|presidential
2025,25/10/2025,Cote d'Ivoire,Presidential,25261,post,24/10/2025,24/10/2025,-1,false! eps director sam gaye has not been dismissed,https://dubawa.org/false-eps-director-sam-gaye-has-not-been-dismissed/,1571|4|3815|1960,window,1,election:presidential
2025,25/10/2025,Cote d'Ivoire,Presidential,25208,post,22/10/2025,22/10/2025,-3,#freennamdikanunow: did atiku participate in protest?,https://dubawa.org/freennamdikanunow-did-atiku-participate-in-protest/,1571|3812|3815|16,window,1,election:election|vote|candidate
2025,25/10/2025,Cote d'Ivoire,Presidential,25083,post,16/10/2025,16/10/2025,-9,how does the new tax law affect you? here are five key things to know,https://dubawa.org/how-does-the-new-tax-law-affect-you-here-are-five-key-things-to-know/,1572|120|3812|3815,window,1,body:cei
2025,25/10/2025,Cote d'Ivoire,Presidential,25080,post,16/10/2025,16/10/2025,-9,is national youth empowerment fund legitimate government programme?,https://dubawa.org/is-national-youth-empowerment-fund-legitimate-government-programme/,1571|120|3812|3815,window,2,body:cei; election:presidential
2025,25/10/2025,Cote d'Ivoire,Presidential,25077,post,16/10/2025,16/10/2025,-9,"no evidence new inec chairperson, amupitan, was tinubu’s lawyer",https://dubawa.org/no-evidence-new-inec-chairperson-amupitan-was-tinubus-lawyer/,1571|3812|3815|16,window,1,election:election|presidential
2025,25/10/2025,Cote d'Ivoire,Presidential,25060,post,15/10/2025,15/10/2025,-10,drifting in gambia and a police crackdown on drifters,https://dubawa.org/drifting-in-gambia-and-a-police-crackdown-on-drifters/,3704|3815|2815,window,1,body:cei
2025,25/10/2025,Cote d'Ivoire,Presidential,25013,post,13/10/2025,13/10/2025,-12,true! sierra leone police confirm arrest warrant for natasha beckley,https://dubawa.org/true-sierra-leone-police-confirm-arrest-warrant-for-natasha-beckley/,1571|3815|1268,window,1,body:cei
2025,25/10/2025,Cote d'Ivoire,Presidential,25008,post,13/10/2025,13/10/2025,-12,guinée : la nouvelle constitution permet-elle à mamadi doumbouya d’être candidat à la présidentielle de décembre 2025 ?,https://dubawa.org/guinee-la-nouvelle-constitution-permet-elle-a-mamadi-doumbouya-detre-candidat-a-la-presidentielle-de-decembre-2025/,4482|1571|16,window,1,election:élection
2025,25/10/2025,Cote d'Ivoire,Presidential,25005,post,13/10/2025,13/10/2025,-12,why inec may postpone voting in some areas —  what it really means,https://dubawa.org/why-inec-may-postpone-voting-in-some-areas-what-it-really-means/,1688|5|3815,window,1,election:election|vote|voter
2025,25/10/2025,Cote d'Ivoire,Presidential,24985,post,13/10/2025,20/10/2025,-12,"after dubawa’s report, facebook users delete misleading posts, x account suspended",https://dubawa.org/after-dubawas-report-facebook-users-delete-misleading-posts-x-account-suspended/,1572|3815|1688,window,1,election:election
2025,25/10/2025,Cote d'Ivoire,Presidential,24949,post,11/10/2025,11/10/2025,-14,shin najeriya ce kasa mafi tsadar mai a cikin kasashen masu arzikin man fetur?,https://dubawa.org/shin-najeriya-ce-kasa-mafi-tsadar-mai-a-cikin-kasashen-masu-arzikin-man-fetur/,3137|2451,window,1,body:ivory coast
2025,25/10/2025,Cote d'Ivoire,Presidential,24933,post,10/10/2025,10/10/2025,-15,did president boakai faint during speech delivery at un?,https://dubawa.org/did-president-boakai-faint-during-speech-delivery-at-un-2/,1960|4|3815,window,1,election:presidential
2025,25/10/2025,Cote d'Ivoire,Presidential,24924,post,10/10/2025,10/10/2025,-15,is education entirely free in government-owned schools in nigeria?,https://dubawa.org/is-education-entirely-free-in-government-owned-schools-in-nigeria/,122|3815,window,1,body:cei
2025,25/10/2025,Cote d'Ivoire,Presidential,24919,post,10/10/2025,10/10/2025,-15,false: viral video not  nuimi hakalang road in gambia,https://dubawa.org/false-viral-video-not-nuimi-hakalang-road-in-gambia/,2815|1571|4|3815,window,1,body:cei
2025,25/10/2025,Cote d'Ivoire,Presidential,24907,post,10/10/2025,10/10/2025,-15,has nigeria introduced obligatory tax for all citizens from 2026?,https://dubawa.org/has-nigeria-introduced-obligatory-tax-for-all-citizens-from-2026/,120|3815,window,1,election:election|vote
2025,25/10/2025,Cote d'Ivoire,Presidential,24900,post,09/10/2025,09/10/2025,-16,explainer: can sex workers be taxed in nigeria?,https://dubawa.org/explainer-can-sex-workers-be-taxed-in-nigeria/,1572|120|3815,window,1,election:presidential
2025,25/10/2025,Cote d'Ivoire,Presidential,24894,post,09/10/2025,09/10/2025,-16,no evidence zamfara sent 500 askarawa men to fight bandits on their own,https://dubawa.org/no-evidence-zamfara-sent-500-askarawa-men-to-fight-bandits-on-their-own/,1571|3812|3815|119,window,1,body:cei
2025,25/10/2025,Cote d'Ivoire,Presidential,24890,post,09/10/2025,09/10/2025,-16,false! liberia’s government has not cancelled free waec policy for 12th graders,https://dubawa.org/false-liberias-government-has-not-cancelled-free-waec-policy-for-12th-graders/,1571|3815|1960,window,1,election:candidate
2025,25/10/2025,Cote d'Ivoire,Presidential,24887,post,08/10/2025,08/10/2025,-17,things that can get you arrested during anambra elections,https://dubawa.org/things-that-can-get-you-arrested-during-anambra-elections/,1572|5|3815,window,2,body:cei; election:election|vote|voter
2025,25/10/2025,Cote d'Ivoire,Presidential,24867,post,08/10/2025,11/10/2025,-17,anambra 2025: meet the 16 candidates vying to be governor,https://dubawa.org/anambra-2025-meet-the-16-candidates-vying-to-be-governor/,1688|5|16,window,2,body:cei; election:election|vote|poll
2025,25/10/2025,Cote d'Ivoire,Presidential,24846,post,06/10/2025,06/10/2025,-19,false! nnamdi kanu’s son did not win the ‘world brain competition’,https://dubawa.org/false-nnamdi-kanus-son-did-not-win-the-world-brain-competition/,1571|4|3815,window,1,body:cei
2025,25/10/2025,Cote d'Ivoire,Presidential,24844,post,05/10/2025,05/10/2025,-20,weekly round-up: top five claims dubawa verified last week,https://dubawa.org/weekly-round-up-top-five-claims-dubawa-verified-last-week/,440|3815|1688,window,1,election:candidate|presidential
2025,25/10/2025,Cote d'Ivoire,Presidential,24811,post,01/10/2025,20/10/2025,-24,"after dubawa’s investigation, facebook removes nigerian surrogacy groups",https://dubawa.org/after-dubawas-investigation-facebook-removes-nigerian-surrogacy-groups/,1688|437|1571|3812|3815,window,1,body:cei
2025,25/10/2025,Cote d'Ivoire,Presidential,24800,post,30/09/2025,30/09/2025,-25,"gino not sharing airtime, data to celebrate guiness world record",https://dubawa.org/gino-not-sharing-airtime-data-to-celebrate-guiness-world-record/,1571|3815|1688,window,1,body:cei
2025,25/10/2025,Cote d'Ivoire,Presidential,24795,post,30/09/2025,30/09/2025,-25,did president boakai faint during speech delivery at un?,https://dubawa.org/did-president-boakai-faint-during-speech-delivery-at-un/,1571|3815|1960|16,window,1,election:presidential
2025,25/10/2025,Cote d'Ivoire,Presidential,24788,post,29/09/2025,29/09/2025,-26,old video recirculated to portray olubadan endorsing  peter obi,https://dubawa.org/old-video-recirculated-to-portray-olubadan-endorsing-peter-obi/,1571|4|3815|16,window,1,election:candidate|presidential
2025,25/10/2025,Cote d'Ivoire,Presidential,24743,post,27/09/2025,27/09/2025,-28,"video linking obi, nigeria’s government to investment platform, afriquantum x, false",https://dubawa.org/video-linking-obi-nigerias-government-to-investment-platform-afriquantum-x-false/,1571|4|3815,window,1,election:candidate|presidential
2025,25/10/2025,Cote d'Ivoire,Presidential,24733,post,26/09/2025,26/09/2025,-29,kano governor misrepresents state’s performance in 2025 neco results,https://dubawa.org/kano-governor-misrepresents-states-performance-in-2025-neco-results/,1571|122|3815,window,1,election:candidate
2025,25/10/2025,Cote d'Ivoire,Presidential,24727,post,26/09/2025,26/09/2025,-29,viral video of south african congregants awaiting rapture misleading,https://dubawa.org/viral-video-of-south-african-congregants-awaiting-rapture-misleading/,1571|4|3815,window,1,body:cei
2025,25/10/2025,Cote d'Ivoire,Presidential,24702,post,25/09/2025,25/09/2025,-30,false! sierra leone has not banned akon’s music,https://dubawa.org/false-sierra-leone-has-not-banned-akons-music/,1571|3815|1268,window,1,body:cei
2025,25/10/2025,Cote d'Ivoire,Presidential,24664,post,23/09/2025,23/09/2025,-32,was el-rufai removed from odenigbo s lecture amidst protests?,https://dubawa.org/was-el-rufai-removed-from-odenigbos-lecture-amidst-protests/,1571|4|3815,window,2,body:cei; election:candidate|presidential
2025,25/10/2025,Cote d'Ivoire,Presidential,24622,post,22/09/2025,23/09/2025,-33,de faux résultats du référendum constitutionnel en guinée circulent sur les réseaux sociaux,https://dubawa.org/de-faux-resultats-du-referendum-constitutionnel-en-guinee-circulent-sur-les-reseaux-sociaux/,4482|5|1571,window,1,election:élection|vote|referendum
2025,25/10/2025,Cote d'Ivoire,Presidential,24617,post,22/09/2025,23/09/2025,-33,"en guinée la rumeur selon laquelle “si tu ne votes pas, ta carte d’électeur ne sera pas valable” est fausse",https://dubawa.org/en-guinee-la-rumeur-selon-laquelle-si-tu-ne-votes-pas-ta-carte-delecteur-ne-sera-pas-valable-est-fausse/,4482|5|1571,window,1,election:élection|vote|voter
2025,25/10/2025,Cote d'Ivoire,Presidential,24599,post,21/09/2025,23/09/2025,-34,des retards ont-ils été enregistrés dans l’ouverture de certains bureaux de vote à n’zérékoré en guinée ?,https://dubawa.org/des-retards-ont-ils-ete-enregistres-dans-louverture-de-certains-bureaux-de-vote-a-nzerekore-en-guinee/,4482|5|1571,window,1,election:vote
2025,25/10/2025,Cote d'Ivoire,Presidential,24594,post,21/09/2025,21/09/2025,-34,"faranah : non, quatre bureaux de vote n’ont pas été fermés faute de matériel électoral",https://dubawa.org/faranah-non-quatre-bureaux-de-vote-nont-pas-ete-fermes-faute-de-materiel-electoral/,4482|5|1571,window,1,election:élection|vote|voter
2025,25/10/2025,Cote d'Ivoire,Presidential,24589,post,21/09/2025,23/09/2025,-34,des agents de bureaux de vote ont-ils manifesté dans la commune de tombolia en guinée?,https://dubawa.org/des-agents-de-bureaux-de-vote-ont-ils-manifeste-dans-la-commune-de-tombolia-en-guinee/,4482|1571,window,1,election:élection|vote
2025,25/10/2025,Cote d'Ivoire,Presidential,24582,post,21/09/2025,11/10/2025,-34,guinée : un discours contre le référendum de 2020 présenté comme récent,https://dubawa.org/guinee-un-discours-contre-le-referendum-de-2020-presente-comme-recente/,4482|1571,window,1,election:vote|referendum
2025,25/10/2025,Cote d'Ivoire,Presidential,24565,post,21/09/2025,23/09/2025,-34,la proposition de nouvelle constitution guinéenne garantit-elle une prise en charge de 80% des frais médicaux ?,https://dubawa.org/la-proposition-de-nouvelle-constitution-guineenne-garantit-elle-une-prise-en-charge-de-80-des-frais-medicaux/,4482|1571,window,1,election:élection|vote
2025,25/10/2025,Cote d'Ivoire,Presidential,24549,post,21/09/2025,23/09/2025,-34,des avions de guerre sont-ils utilisés pour sécuriser le scrutin référendaire en guinée?,https://dubawa.org/des-avions-de-guerre-sont-ils-utilises-pour-securiser-le-scrutin-referendaire-en-guinee/,4482|1571,window,1,election:élection|vote|voter
2025,25/10/2025,Cote d'Ivoire,Presidential,24541,post,20/09/2025,23/09/2025,-35,"non, la profession du citoyen n’est pas mentionnée sur la carte d’électeur guinéenne",https://dubawa.org/la-profession-du-citoyen-nest-pas-mentionnee-sur-la-carte-delecteur-guineenne/,4482|1571,window,1,election:élection
2025,25/10/2025,Cote d'Ivoire,Presidential,24536,post,20/09/2025,11/10/2025,-35,"fake news, réseaux sociaux et élections : la guinée face au désordre informationnel",https://dubawa.org/fake-news-reseaux-sociaux-et-elections-la-guinee-face-au-desordre-informationnel/,4482|1572,window,1,election:election|élection|vote
2025,25/10/2025,Cote d'Ivoire,Presidential,24533,post,19/09/2025,11/10/2025,-36,"enjeux et zones d’ombre du projet constitutionnel guinéen, l’analyse d’un juriste",https://dubawa.org/enjeux-et-zones-dombre-du-projet-constitutionnel-guineen-lanalyse-dun-juriste/,4482|1572,window,1,election:élection|vote
2025,25/10/2025,Cote d'Ivoire,Presidential,24523,post,19/09/2025,19/09/2025,-36,apc member makes misleading claim about sierra leone’s presidential terms,https://dubawa.org/apc-member-makes-misleading-claim-about-sierra-leones-presidential-terms/,1571|3815|1268,window,2,body:abidjan; election:election|presidential
2025,25/10/2025,Cote d'Ivoire,Presidential,24515,post,19/09/2025,19/09/2025,-36,iléẹjọ́ kan ni ki arabinrin yii san owó ìtanràn leyin ti o kọ̀ lati ṣ’abewo si okunrin to fun ni owó ọkọ̀. kini òfin sọ?,https://dubawa.org/ileejo-kan-ni-ki-arabinrin-yii-san-owo-itanran-leyin-ti-o-ko-lati-%e1%b9%a3abewo-si-okunrin-to-fun-ni-owo-oko-kini-ofin-so/,2450|123,window,1,body:gbagbo
2025,25/10/2025,Cote d'Ivoire,Presidential,24510,post,18/09/2025,11/10/2025,-37,organisation électorale en guinée : rupture et craintes après le remplacement de la ceni par la dge,https://dubawa.org/guinee-craintes-apres-le-remplacement-de-la-ceni-par-la-dge/,4482|5|1572,window,1,election:election|élection|vote
2025,25/10/2025,Cote d'Ivoire,Presidential,24500,post,18/09/2025,18/09/2025,-37,udp faces possible implosion ahead of 2026 elections,https://dubawa.org/udp-faces-possible-implosion-ahead-of-2026-elections/,2815|1572|3815,window,1,election:election|candidate|presidential
2025,25/10/2025,Cote d'Ivoire,Presidential,24496,post,17/09/2025,17/09/2025,-38,"viral news article of president bio endorsing fortuix agency, a hoax",https://dubawa.org/viral-news-article-of-president-bio-endorsing-fortuix-agency-a-hoax/,1571|4|3812|3815|1268,window,1,body:cei
2025,25/10/2025,Cote d'Ivoire,Presidential,24474,post,16/09/2025,16/09/2025,-39,olaxash’s oshole for internet fraudsters: eight key takeaways from dubawa’s investigation,https://dubawa.org/olaxashs-oshole-for-internet-fraudsters-eight-key-takeaways-from-dubawas-investigation/,1572|120|1571|4,window,1,body:cei
2025,25/10/2025,Cote d'Ivoire,Presidential,24429,post,15/09/2025,15/09/2025,-40,"claim sandro tonali was banned for ten months, misleading",https://dubawa.org/claim-sandro-tonali-was-banned-for-ten-months-misleading/,1571|3812|3815|3704,window,1,body:cei
2025,25/10/2025,Cote d'Ivoire,Presidential,24416,post,14/09/2025,14/09/2025,-41,"despite forbidding laws, nigerian graduate openly markets charms for internet fraudsters on tiktok",https://dubawa.org/despite-forbidding-laws-nigerian-graduate-openly-markets-charms-for-internet-fraudsters-on-tiktok/,4352|120|1571|3812|3815,window,1,body:cei
2025,25/10/2025,Cote d'Ivoire,Presidential,24413,post,14/09/2025,14/09/2025,-41,round-up: trending claims dubawa verified this week,https://dubawa.org/round-up-trending-claims-dubawa-verified-this-week/,1571|3812|3815|123,window,1,election:election|poll
2025,25/10/2025,Cote d'Ivoire,Presidential,24403,post,13/09/2025,13/09/2025,-42,false! president boakai is not the first leader to meet japan’s prime minister,https://dubawa.org/false-president-boakai-is-not-the-first-leader-to-meet-japans-prime-minister/,1571|3815|1960,window,1,election:parliament
2025,25/10/2025,Cote d'Ivoire,Presidential,30311,post,13/07/2026,14/07/2026,261,"inondation en côte d’ivoire, le ministre de la communication et porte-parole du gouvernement victime de désinformation",https://dubawa.org/inondation-en-cote-divoire-le-de-la-communication-et-porte-parole-du-gouvernement-victime-de-desinformation/,4269,category-only,4,category:4269; body:abidjan
2025,25/10/2025,Cote d'Ivoire,Presidential,29396,post,30/05/2026,30/05/2026,217,côte d’ivoire : le guide de la communauté musulmane de n’a pas été enlevé,https://dubawa.org/cote-divoire-le-guide-de-la-communaute-musulmane-de-na-pas-ete-enleve/,4269,category-only,4,category:4269; body:ouattara
2025,25/10/2025,Cote d'Ivoire,Presidential,29389,post,30/05/2026,30/05/2026,217,un train japonais présenté comme circulant en côte d’ivoire,https://dubawa.org/un-train-japonais-presente-comme-circulant-en-cote-divoire/,4269,category-only,4,category:4269; body:abidjan
2025,25/10/2025,Cote d'Ivoire,Presidential,29204,post,20/05/2026,20/05/2026,207,côte d’ivoire : des affrontements auraient-ils opposé des mercenaires français à des groupes terroristes ?,https://dubawa.org/cote-divoire-des-affrontements-auraient-ils-oppose-des-mercenaires-francais-a-des-groupes-terroristes/,4269,category-only,3,category:4269
2025,25/10/2025,Cote d'Ivoire,Presidential,29186,post,19/05/2026,08/06/2026,206,le togo et la côte d’ivoire ont-ils demandé l’intervention de la cedeao au mali?,https://dubawa.org/le-togo-et-la-cote-divoire-ont-ils-demande-lintervention-de-la-cedeao-au-mali/,4269,category-only,4,category:4269; body:ouattara
2025,25/10/2025,Cote d'Ivoire,Presidential,29150,post,18/05/2026,18/05/2026,205,des avions militaires présentés comme un nouvel achat de la côte d’ivoire,https://dubawa.org/des-avions-militaires-presentes-comme-un-nouvel-achat-de-la-cote-divoire/,4269,category-only,3,category:4269
2025,25/10/2025,Cote d'Ivoire,Presidential,28159,post,12/03/2026,12/03/2026,138,des images montées pour faire croire à une attaque de bases militaires américaines en côte d’ivoire,https://dubawa.org/des-images-montees-pour-faire-croire-a-une-attaque-de-bases-militaires-americaines-en-cote-divoire/,4269,category-only,3,category:4269
2025,25/10/2025,Cote d'Ivoire,Presidential,28030,post,03/03/2026,03/03/2026,129,fausse rumeur concernant le décès de l’ex-président ivoirien laurent gbagbo,https://dubawa.org/fausse-rumeur-concernant-le-deces-de-lex-president-ivoirien-laurent-gbagbo/,4269,category-only,7,category:4269; body:ouattara; body:rhdp; title:gbagbo
2025,25/10/2025,Cote d'Ivoire,Presidential,27964,post,26/02/2026,26/02/2026,124,"l’ancien président de l’assemblée nationale ivoirienne, adama bictogo, n’a pas été enlevé",https://dubawa.org/lancien-president-de-lassemblee-nationale-ivoirienne-na-pas-ete-enleve/,4269,category-only,4,category:4269; election:élection
2025,25/10/2025,Cote d'Ivoire,Presidential,27739,post,16/02/2026,16/02/2026,114,fausse rumeur relative au décès du président de la république ivoirienne,https://dubawa.org/fausse-rumeur-relative-au-deces-du-president-de-la-republique-ivoirienne/,4269,category-only,4,category:4269; body:ouattara
2025,25/10/2025,Cote d'Ivoire,Presidential,27657,post,09/02/2026,16/02/2026,107,qualité du riz produit en côte d’ivoire : une publication accuse à tort le créateur de contenu josiasse assemon,https://dubawa.org/qualite-du-riz-produit-en-cote-divoire-une-publication-accuse-a-tort-le-createur-de-contenu-josiasse-assemon/,4269,category-only,4,category:4269; body:rhdp
2025,25/10/2025,Cote d'Ivoire,Presidential,26921,post,28/12/2025,28/12/2025,64,des fausses images utilisées pour faire croire à un coup d’état en côte d’ivoire,https://dubawa.org/des-fausses-images-utilisees-pour-faire-croire-a-un-coup-detat-en-cote-divoire/,4269|1571,category-only,4,category:4269; body:ouattara
2025,25/10/2025,Cote d'Ivoire,Presidential,26750,post,25/12/2025,25/12/2025,61,"l’élection des députés en côte d’ivoire, un pilier de la démocratie",https://dubawa.org/lelection-des-deputes-en-cote-divoire-un-pilier-de-la-democratie/,4269|1572,category-only,4,category:4269; election:election|élection|vote
2025,25/10/2025,Cote d'Ivoire,Presidential,26619,post,18/12/2025,18/12/2025,54,"tentative de coup d’état au bénin du 7 décembre 2025, un faux communiqué attribué au gouvernement ivoirien",https://dubawa.org/tentative-de-coup-detat-au-benin-du-7-decembre-2025-un-faux-communique-attribue-au-gouvernement-ivoirien/,4269,category-only,4,category:4269; body:abidjan
2025,25/10/2025,Cote d'Ivoire,Presidential,24033,post,20/08/2025,20/08/2025,-66,côte d’ivoire : une vidéo manipulée prête à emmanuel macron des propos hostiles aux ivoiriens,https://dubawa.org/cote-divoire-une-video-manipulee-prete-a-emmanuel-macron-des-propos-hostiles-aux-ivoiriens/,4269,category-only,4,category:4269; body:ouattara
2025,25/10/2025,Cote d'Ivoire,Presidential,23314,post,24/06/2025,24/06/2025,-123,burkina faso : une vidéo présentée comme une manifestation à ouagadougou après une tentative de coup d’état est sortie de son contexte,https://dubawa.org/burkina-faso-une-video-presentee-comme-une-manifestation-a-ouagadougou-apres-une-tentative-de-coup-detat-est-sortie-de-son-contexte/,4269,category-only,4,category:4269; election:poll
2025,25/10/2025,Cote d'Ivoire,Presidential,23210,post,17/06/2025,17/06/2025,-130,"faux, cette image ne montre pas l’arrivée de familles burkinabè en côte d’ivoire",https://dubawa.org/faux-cette-image-ne-montre-pas-larrivee-de-familles-burkinabe-en-cote-divoire/,4269,category-only,3,category:4269
2025,25/10/2025,Cote d'Ivoire,Presidential,23115,post,11/06/2025,11/06/2025,-136,"aucune évasion de terroristes n’a été signalée à la brigade de gendarmerie de téhini, dans le nord-est ivoirien",https://dubawa.org/aucune-evasion-de-terroristes-na-ete-signalee-a-la-brigade-de-gendarmerie-de-tehini-dans-le-nord-est-ivoirien/,4269,category-only,4,category:4269; body:ouattara
2025,25/10/2025,Cote d'Ivoire,Presidential,23017,post,04/06/2025,04/06/2025,-143,maroc   espagne : les chiffres évoquant la mort de 700 migrants dans l’enclave espagnole de melilla ne sont pas exacts,https://dubawa.org/maroc-espagne-les-chiffres-evoquant-la-mort-de-700-migrants-dans-lenclave-espagnole-de-melilla-ne-sont-pas-exacts/,4269,category-only,3,category:4269
2025,25/10/2025,Cote d'Ivoire,Presidential,22897,post,26/05/2025,26/05/2025,-152,"non, cette image ne montre pas des légionnaires français entrainés en côte d ivoire",https://dubawa.org/non-cette-image-ne-montre-pas-des-legionnaires-francais-entraines-en-cote-divoire/,4269,category-only,4,category:4269; body:abidjan
2025,25/10/2025,Cote d'Ivoire,Presidential,22822,post,22/05/2025,22/05/2025,-156,"éducation nationale ivoirienne : les chiffres avancés par donatien robé, candidat déclaré à la présidentielle, sont-ils exacts ?",https://dubawa.org/education-nationale-ivoirienne-les-chiffres-avances-par-donatien-robe-candidat-declare-a-la-presidentielle-sont-ils-exacts/,4269,category-only,4,category:4269; election:élection
2025,25/10/2025,Cote d'Ivoire,Presidential,22805,post,21/05/2025,21/05/2025,-157,"le général ivoirien, lassina doumbia, n’est pas mort et son véhicule n’a pas été attaqué",https://dubawa.org/le-general-ivoirien-lassina-doumbia-nest-pas-mort-et-son-vehicule-na-pas-ete-attaque/,4269,category-only,5,category:4269; body:abidjan; body:ouattara
2025,25/10/2025,Cote d'Ivoire,Presidential,22541,post,03/05/2025,03/05/2025,-175,"faux, le mali n’a jamais acquis d’avions de chasse russes su-35",https://dubawa.org/faux-le-mali-na-jamais-acquis-davions-de-chasse-russes-su-35/,4269,category-only,3,category:4269
2025,25/10/2025,Cote d'Ivoire,Presidential,22378,post,21/04/2025,21/04/2025,-187,les propos anti-français attribués au président ghanéen sont faux,https://dubawa.org/les-propos-anti-francais-attribues-au-president-ghaneen-sont-faux/,4269,category-only,4,category:4269; election:élection
2025,25/10/2025,Cote d'Ivoire,Presidential,21983,post,20/03/2025,20/03/2025,-219,la commission électorale indépendante ivoirienne cible d’une fausse annonce,https://dubawa.org/la-commission-electorale-independante-ivoirienne-cible-dune-fausse-annonce/,123|4269,category-only,4,category:4269; body:cei
2025,25/10/2025,Cote d'Ivoire,Presidential,21707,post,21/02/2025,21/02/2025,-246,côte d’ivoire : une opération spéciale gratuite permet-elle de déclarer des naissances à tout âge ?,https://dubawa.org/cote-divoire-une-operation-speciale-gratuite-permet-elle-de-declarer-des-naissances-a-tout-age/,4269,category-only,3,category:4269
2025,25/10/2025,Cote d'Ivoire,Presidential,21576,post,12/02/2025,12/02/2025,-255,fausse vente aux enchères impliquant les douanes ivoiriennes,https://dubawa.org/fausse-vente-aux-encheres-impliquant-les-douanes-ivoiriennes/,4269,category-only,3,category:4269
2025,25/10/2025,Cote d'Ivoire,Presidential,21317,post,20/01/2025,20/01/2025,-278,fermeture de la base militaire française de port-bouët en côte d ivoire : retrait total ou réorganisation ?,https://dubawa.org/fermeture-de-la-base-militaire-francaise-de-port-bouet-en-cote-divoire-retrait-total-ou-reorganisation/,123|4269,category-only,5,category:4269; body:abidjan; body:ouattara
2025,25/10/2025,Cote d'Ivoire,Presidential,21295,post,16/01/2025,16/01/2025,-282,des contrevérités secouent le secteur du cacao en côte d’ivoire,https://dubawa.org/des-contreverites-secouent-le-secteur-du-cacao-en-cote-divoire/,4269,category-only,5,category:4269; body:abidjan; body:ouattara
2025,25/10/2025,Cote d'Ivoire,Presidential,21044,post,17/12/2024,17/12/2024,-312,le ministère ivoirien des finances et du budget a-t-il lancé un programme d investissement avec des rendements garantis en 2h30 ?,https://dubawa.org/le-ministere-ivoirien-des-finances-et-du-budget-a-t-il-lance-un-programme-dinvestissement-avec-des-rendements-garantis-en-2h30/,4269,category-only,3,category:4269
2025,25/10/2025,Cote d'Ivoire,Presidential,20675,post,08/11/2024,08/11/2024,-351,"non, le président ivoirien alassane ouattara n’a pas été nommé au conseil d’administration du fmi",https://dubawa.org/non-le-president-ivoirien-alassane-ouattara-na-pas-ete-nomme-au-conseil-dadministration-du-fmi/,4269,category-only,5,category:4269; title:ouattara
2025,25/10/2025,Cote d'Ivoire,Presidential,20664,post,06/11/2024,06/11/2024,-353,stratégie de désinformation contre la côte d ivoire ?,https://dubawa.org/strategie-de-desinformation-contre-la-cote-divoire/,4269,category-only,3,category:4269
2025,23/11/2025,Guinée Bissau,Presidential (suspended - attempted coup),26636,post,19/12/2025,19/12/2025,26,was ibrahim traore removed from power?,https://dubawa.org/was-ibrahim-traore-removed-from-power/,1571|3812|3815|123,window,1,election:presidential
2025,23/11/2025,Guinée Bissau,Presidential (suspended - attempted coup),26624,post,18/12/2025,06/01/2026,25,un communiqué attribué à la présidence du faso accorde le statut de réfugié politique au colonel pascal tigri du bénin,https://dubawa.org/un-communique-attribue-a-la-presidence-du-faso-accorde-le-statut-de-refugie-politique-au-colonel-pascal-tigri-du-benin/,4519|1571,window,1,body:coup
2025,23/11/2025,Guinée Bissau,Presidential (suspended - attempted coup),26619,post,18/12/2025,18/12/2025,25,"tentative de coup d’état au bénin du 7 décembre 2025, un faux communiqué attribué au gouvernement ivoirien",https://dubawa.org/tentative-de-coup-detat-au-benin-du-7-decembre-2025-un-faux-communique-attribue-au-gouvernement-ivoirien/,4269,window,2,title:coup
2025,23/11/2025,Guinée Bissau,Presidential (suspended - attempted coup),26613,post,17/12/2025,17/12/2025,24,"l’opposant politique guinéen, cellou dalein diallo, a-t-il avoué une malversation à air guinée?",https://dubawa.org/lopposant-politique-guineen-cellou-dalein-diallo-a-t-il-avoue-une-malversation-a-air-guinee/,4482|1571,window,1,election:élection
2025,23/11/2025,Guinée Bissau,Presidential (suspended - attempted coup),26595,post,15/12/2025,15/12/2025,22,"l’ex président de la guinée, alpha condé, aurait-il soutenu un candidat à la présidentielle du 28 décembre 2025?",https://dubawa.org/lex-president-de-la-guinee-alpha-conde-aurait-il-soutenu-un-candidat-a-la-presidentielle-du-28-decembre-2025/,4482|1571,window,2,body:coup; election:élection
2025,23/11/2025,Guinée Bissau,Presidential (suspended - attempted coup),26587,post,15/12/2025,15/12/2025,22,"non, le colonel pascal tigré n’est pas le nouveau président du bénin",https://dubawa.org/non-le-colonel-pascal-tigre-nest-pas-le-nouveau-president-du-benin/,1571|4519,window,1,body:coup
2025,23/11/2025,Guinée Bissau,Presidential (suspended - attempted coup),26557,post,15/12/2025,15/12/2025,22,le directeur général de la sécurité extérieure de la france a-t-il évoqué une intervention au bénin suite à la tentative de coup d état?,https://dubawa.org/le-directeur-general-de-la-securite-exterieure-de-la-france-a-t-il-evoque-une-intervention-au-benin-suite-a-la-tentative-de-coup-detat/,1571|4519,window,2,title:coup
2025,23/11/2025,Guinée Bissau,Presidential (suspended - attempted coup),26551,post,15/12/2025,15/12/2025,22,des images de la tanzanie utilisée pour faire croire à une manifestation à abidjan,https://dubawa.org/des-images-de-la-tanzanie-utilisee-pour-faire-croire-a-une-manifestation-a-abidjan/,4269|1571,window,1,election:élection
2025,23/11/2025,Guinée Bissau,Presidential (suspended - attempted coup),26491,post,09/12/2025,09/12/2025,16,how gambia’s most feared alleged jungler got arrested after 9 years,https://dubawa.org/how-gambias-most-feared-alleged-jungler-got-arrested-after-9-years/,123|1572|3815|2815,window,1,election:election|candidate
2025,23/11/2025,Guinée Bissau,Presidential (suspended - attempted coup),26485,post,08/12/2025,08/12/2025,15,"non, le président de transition de la guinée n a pas déclaré : « ceux qui ne croyaient pas en moi, vous avez compris je ne suis pas homme de parole »",https://dubawa.org/non-le-president-de-transition-de-la-guinee-na-pas-declare-ceux-qui-ne-croyaient-pas-en-moi-vous-avez-compris-je-ne-suis-pas-homme-de-parole/,4482|1571,window,2,body:coup; election:élection
2025,23/11/2025,Guinée Bissau,Presidential (suspended - attempted coup),26461,post,05/12/2025,05/12/2025,12,false! petroleum price increased under boakai’s administration,https://dubawa.org/false-petroleum-price-increased-under-boakais-administration/,1571|4|3815|1960,window,1,election:election|runoff
2025,23/11/2025,Guinée Bissau,Presidential (suspended - attempted coup),26449,post,05/12/2025,05/12/2025,12,"does nigeria know its muslim, christian population?",https://dubawa.org/does-nigeria-know-its-muslim-christian-population/,1572|3812|3815|123,window,1,election:presidential
2025,23/11/2025,Guinée Bissau,Presidential (suspended - attempted coup),26407,post,03/12/2025,03/12/2025,10,"false! cdc, unity party combined votes during 2023 elections, not 1.4 million",https://dubawa.org/false-cdc-unity-party-combined-votes-during-2023-elections-not-1-4-million/,1571|4|3815|1960,window,1,election:election|vote|runoff
2025,23/11/2025,Guinée Bissau,Presidential (suspended - attempted coup),26267,post,30/11/2025,25/11/2025,7,does bee venom eliminate breast cancer cells?,https://dubawa.org/does-bee-venom-eliminate-breast-cancer-cells/,1571|437|3812|121|3815,window,1,election:candidate
2025,23/11/2025,Guinée Bissau,Presidential (suspended - attempted coup),26366,post,29/11/2025,29/11/2025,6,false! governance commission 2026 budget is less than $3 million,https://dubawa.org/false-governance-commission-2026-budget-is-less-than-3-million/,1571|3815|1960,window,1,election:candidate|presidential
2025,23/11/2025,Guinée Bissau,Presidential (suspended - attempted coup),26361,post,29/11/2025,29/11/2025,6,misleading! electoral district 17 not most populous in liberia,https://dubawa.org/misleading-electoral-district-17-not-most-populous-in-liberia/,1571|5|3815|1960,window,1,election:election
2025,23/11/2025,Guinée Bissau,Presidential (suspended - attempted coup),26318,post,25/11/2025,25/11/2025,2,"non, le sénégal n’est pas le pays le plus endetté d’afrique",https://dubawa.org/non-le-senegal-nest-pas-le-pays-le-plus-endette-dafrique/,4044|1571,window,1,body:coup
2025,23/11/2025,Guinée Bissau,Presidential (suspended - attempted coup),26306,post,25/11/2025,25/11/2025,2,"non, l’homme politique guinéen alpha condé 2, n’est pas victime d’un ténia et ne souffre pas d’hémorroïdes aiguës",https://dubawa.org/non-lhomme-politique-guineen-alpha-conde-2-nest-pas-victime-dun-tenia-et-ne-souffre-pas-dhemorroides-aigues/,4482|1571,window,1,election:élection
2025,23/11/2025,Guinée Bissau,Presidential (suspended - attempted coup),26296,post,25/11/2025,25/11/2025,2,la mère du nouveau maire de new york  zohran mamdani est-elle peule et originaire de la guinée ?,https://dubawa.org/la-mere-du-nouveau-maire-de-new-york-zohran-mamdani-est-elle-peule-et-originaire-de-la-guinee/,4482,window,1,election:élection
2025,23/11/2025,Guinée Bissau,Presidential (suspended - attempted coup),26279,post,25/11/2025,25/11/2025,2,"claim 24,000 females living with hiv/aids in liberia, misleading",https://dubawa.org/claim-24000-females-living-with-hiv-aids-in-liberia-misleading/,1960|121|3815,window,1,body:coup
2025,23/11/2025,Guinée Bissau,Presidential (suspended - attempted coup),26270,post,25/11/2025,25/11/2025,2,"false! pablo djab is not detained, but granted bail",https://dubawa.org/false-pablo-djab-is-not-detained-but-granted-bail/,1571|3815|2815,window,2,body:guinea-bissau; body:bissau
2025,23/11/2025,Guinée Bissau,Presidential (suspended - attempted coup),26264,post,25/11/2025,25/11/2025,2,"viral video claiming bandits  invasion of nigeria, false",https://dubawa.org/viral-video-claiming-bandits-invasion-of-nigeria-false/,1571|437|3812|3815|119,window,1,election:presidential
2025,23/11/2025,Guinée Bissau,Presidential (suspended - attempted coup),26101,post,21/11/2025,21/11/2025,-2,false! president boakai did not denounce cameroon’s election as “fraudulent mockery”,https://dubawa.org/false-president-boakai-did-not-denounce-cameroons-election-as-fraudulent-mockery/,1960|3815|16,window,1,election:election|vote|presidential
2025,23/11/2025,Guinée Bissau,Presidential (suspended - attempted coup),26079,post,21/11/2025,21/11/2025,-2,has montserrado county senator saah joseph ever presented a legislative bill?,https://dubawa.org/has-montserrado-county-senator-saah-joseph-ever-presented-a-legislative-bill/,123|3815|1960,window,1,election:legislative
2025,23/11/2025,Guinée Bissau,Presidential (suspended - attempted coup),26018,post,18/11/2025,18/11/2025,-5,false! ministry of finance has not recalled 2026 draft budget,https://dubawa.org/false-ministry-of-finance-has-not-recalled-2026-draft-budget/,1571|3815|1960,window,1,election:vote|legislative
2025,23/11/2025,Guinée Bissau,Presidential (suspended - attempted coup),25989,post,17/11/2025,17/11/2025,-6,"la femme politique, simone gbagbo, souhaite-t-elle épouser le chef de l’etat ivoirien?",https://dubawa.org/la-femme-politique-simone-gbagbo-souhaite-t-elle-epouser-le-chef-de-letat-ivoirien/,4269|1571|16,window,2,body:coup; election:élection|candidate
2025,23/11/2025,Guinée Bissau,Presidential (suspended - attempted coup),25981,post,17/11/2025,17/11/2025,-6,"x user’s video of tinubu dismissing trump’s threat, ai-generated",https://dubawa.org/x-users-video-of-tinubu-dismissing-trumps-threat-ai-generated/,1571|3812|3815|16,window,1,election:vote
2025,23/11/2025,Guinée Bissau,Presidential (suspended - attempted coup),25967,post,16/11/2025,01/12/2025,-7,did trump call for muslim ban in us?,https://dubawa.org/did-trump-call-for-muslim-ban-in-us/,1571|3812|3815|16,window,1,election:candidate|presidential
2025,23/11/2025,Guinée Bissau,Presidential (suspended - attempted coup),25964,post,16/11/2025,16/11/2025,-7,wike: are nigerian military officers allowed to weigh in on civilian affairs?,https://dubawa.org/wike-are-nigerian-military-officers-allowed-to-weigh-in-on-civilian-affairs/,1572|3812|3815|16,window,1,election:election|legislative
2025,23/11/2025,Guinée Bissau,Presidential (suspended - attempted coup),25952,post,15/11/2025,15/11/2025,-8,le procureur de la république de côte d’ivoire visé par une désinformation,https://dubawa.org/le-procureur-de-la-republique-de-cote-divoire-vise-par-une-desinformation/,4269|1571|16,window,1,election:élection
2025,23/11/2025,Guinée Bissau,Presidential (suspended - attempted coup),25944,post,15/11/2025,15/11/2025,-8,une déclaration de 2024 refait surface à quelques semaines des législatives ivoiriennes,https://dubawa.org/une-declaration-de-2024-refait-surface-a-quelques-semaines-des-legislatives-ivoiriennes/,4269|1571|16,window,1,election:élection|legislative
2025,23/11/2025,Guinée Bissau,Presidential (suspended - attempted coup),29844,post,15/11/2025,20/06/2026,-8,"viral video claiming foreign support for bandits in northern  nigeria, from sudan",https://dubawa.org/viral-video-claiming-foreign-support-for-bandits-in-northern-nigeria-from-sudan/,1571|3812|3815|119,window,2,body:guinea-bissau; body:bissau
2025,23/11/2025,Guinée Bissau,Presidential (suspended - attempted coup),25865,post,11/11/2025,11/11/2025,-12,"désinformation, ia et élections en afrique : entretien avec peter cunliffe-jones",https://dubawa.org/desinformation-ia-et-elections-en-afrique-entretien-avec-peter-cunliffe-jones/,4482|1572,window,1,election:election|élection|vote
2025,23/11/2025,Guinée Bissau,Presidential (suspended - attempted coup),25853,post,11/11/2025,11/11/2025,-12,"did us revoke 80,000 nigerian visas?",https://dubawa.org/did-us-revoke-80000-nigerian-visas/,1571|3812|3815|123,window,1,election:vote
2025,23/11/2025,Guinée Bissau,Presidential (suspended - attempted coup),25849,post,10/11/2025,10/11/2025,-13,"#anambradecides2025: x claim no result sheet provided ihiala amuma ward, false",https://dubawa.org/anambradecides2025-x-claim-no-result-sheet-provided-ihiala-amuma-ward-false/,1571|5|3812|3815|16,window,1,election:election|poll
2025,23/11/2025,Guinée Bissau,Presidential (suspended - attempted coup),25846,post,10/11/2025,10/11/2025,-13,"#anambradecides2025: apga’s soludo won with 422,664, not 361,893 votes",https://dubawa.org/anambradecides2025-apgas-soludo-won-with-422664-not-361893-votes/,1571|5|3812|3815|16,window,1,election:election|vote|poll
2025,23/11/2025,Guinée Bissau,Presidential (suspended - attempted coup),25844,post,10/11/2025,10/11/2025,-13,#anambradecides2025: misleading! money-stuffed bag unrelated to anambra election,https://dubawa.org/anambradecides2025-misleading-money-stuffed-bag-unrelated-to-anambra-election/,1571|5|3812|3815|16,window,1,election:election|vote
2025,23/11/2025,Guinée Bissau,Presidential (suspended - attempted coup),25842,post,10/11/2025,10/11/2025,-13,"#anambradecides2025: true! pdp got only 1,401 votes in anambra election",https://dubawa.org/anambradecides2025-true-pdp-got-only-1401-votes-in-anambra-election/,1571|5|3812|3815|16,window,1,election:election|vote|poll
2025,23/11/2025,Guinée Bissau,Presidential (suspended - attempted coup),25840,post,10/11/2025,10/11/2025,-13,#anambradecides2025: result sheet not fake as adc coalition claims,https://dubawa.org/anambradecides2025-result-sheet-not-fake-as-adc-coalition-claims/,1571|5|3812|3815|16,window,1,election:poll
2025,23/11/2025,Guinée Bissau,Presidential (suspended - attempted coup),25838,post,10/11/2025,10/11/2025,-13,#anambradecides2025: x user makes false claim about anambra’s final result,https://dubawa.org/anambradecides2025-x-user-makes-false-claim-about-anambras-final-result/,1571|5|3812|3815,window,1,election:election|vote
2025,23/11/2025,Guinée Bissau,Presidential (suspended - attempted coup),25823,post,09/11/2025,09/11/2025,-14,round-up: top claims verified by dubawa this week,https://dubawa.org/round-up-top-claims-verified-by-dubawa-this-week-3/,1572|1571|3812|3815|123,window,1,election:election|vote|poll
2025,23/11/2025,Guinée Bissau,Presidential (suspended - attempted coup),25820,post,09/11/2025,10/11/2025,-14,"live fact-checks: anambra governorship election- sunday november 9, 2025",https://dubawa.org/live-fact-checks-anambra-governorship-election-sunday-november-9-2025/,3797|5|1571|3812|3815,window,1,election:election|vote|poll
2025,23/11/2025,Guinée Bissau,Presidential (suspended - attempted coup),25804,post,08/11/2025,08/11/2025,-15,#anambradecides2025: how nfc exposed old video and how you can do that,https://dubawa.org/anambradecides2025-how-nfc-exposed-old-video-and-how-you-can-do-that/,5|3812|3815|1574,window,1,election:election|vote
2025,23/11/2025,Guinée Bissau,Presidential (suspended - attempted coup),25802,post,08/11/2025,08/11/2025,-15,#anambradecides2025: 4 tips to avoid falling for misinformation after voting,https://dubawa.org/anambradecides2025-4-tips-to-avoid-falling-for-misinformation-after-voting/,5|3812|3815|1574,window,1,election:election|vote|voter
2025,23/11/2025,Guinée Bissau,Presidential (suspended - attempted coup),25800,post,08/11/2025,08/11/2025,-15,#anambradecides2025: how gubernatorial election votes are counted and declared,https://dubawa.org/anambradecides2025-how-gubernatorial-election-votes-are-counted-and-declared/,5|3812|3815|1574|16,window,1,election:election|vote|poll
2025,23/11/2025,Guinée Bissau,Presidential (suspended - attempted coup),25798,post,08/11/2025,08/11/2025,-15,#anambradecides2025: how to spot fake election results,https://dubawa.org/anambradecides2025-how-to-spot-fake-election-results/,1574|5|3812|3815|16,window,1,election:election|vote|poll
2025,23/11/2025,Guinée Bissau,Presidential (suspended - attempted coup),25794,post,08/11/2025,08/11/2025,-15,#anambradecides2025: four things to do after you cast your vote,https://dubawa.org/anambradecides2025-four-things-to-do-after-you-cast-your-vote/,5|3812|3815|1574,window,1,election:election|vote|voter
2025,23/11/2025,Guinée Bissau,Presidential (suspended - attempted coup),25792,post,08/11/2025,08/11/2025,-15,#anambradecides2025: misleading! anambra lga ifeanyi chinweze did not disrupt election,https://dubawa.org/anambradecides2025-misleading-anambra-lga-ifeanyi-chinweze-did-not-disrupt-election/,437|5|1571|3812|3815,window,1,election:election|vote|voter
2025,23/11/2025,Guinée Bissau,Presidential (suspended - attempted coup),25788,post,08/11/2025,08/11/2025,-15,#anambradecides2025: inec yet to declare election winner,https://dubawa.org/anambradecides2025-inec-yet-to-declare-election-winner/,1571|5|3812|3815|3797|16,window,1,election:election|poll
2025,23/11/2025,Guinée Bissau,Presidential (suspended - attempted coup),25783,post,08/11/2025,08/11/2025,-15,#anambradecides2025: did voter sustain head injury during poll?,https://dubawa.org/anambradecides2025-did-voter-sustain-head-injury-during-poll/,1571|3812|3815,window,1,election:vote|voter|poll
2025,23/11/2025,Guinée Bissau,Presidential (suspended - attempted coup),25767,post,08/11/2025,08/11/2025,-15,#anambradecides2025: false! no cash bundle added to election materials,https://dubawa.org/anambradecides2025-false-no-cash-bundle-added-to-election-materials/,1571|5|437|3812|3815|3797,window,1,election:election
2025,23/11/2025,Guinée Bissau,Presidential (suspended - attempted coup),25755,post,08/11/2025,08/11/2025,-15,#anambradecides2025: false! anambra’s voter turnout exceeds 22%,https://dubawa.org/anambradecides2025-false-anambras-voter-turnout-exceeds-22/,1571|3812|3815|16,window,1,election:election|vote|voter
2025,23/11/2025,Guinée Bissau,Presidential (suspended - attempted coup),25753,post,08/11/2025,08/11/2025,-15,#anambradecides2025: will anambra election real-time result dashboard be first in nigeria?,https://dubawa.org/anambradecides2025-will-anambra-election-real-time-result-dashboard-be-first-in-nigeria/,1571|5|3812|3815,window,1,election:election|poll
2025,23/11/2025,Guinée Bissau,Presidential (suspended - attempted coup),25751,post,08/11/2025,08/11/2025,-15,#anambradecides2025: did governorship election hold in anambra 2days ago?,https://dubawa.org/anambradecides2025-did-governorship-election-hold-in-anambra-2days-ago/,1571|5|3812|3815|16,window,1,election:election|poll
2025,23/11/2025,Guinée Bissau,Presidential (suspended - attempted coup),25739,post,08/11/2025,08/11/2025,-15,"live fact-checks: anambra governorship election- saturday november 8, 2025",https://dubawa.org/live-fact-checks-anambra-governorship-election-saturday-november-8-2025/,3797|5|1571|3812|3815,window,1,election:election|vote|voter
2025,23/11/2025,Guinée Bissau,Presidential (suspended - attempted coup),25735,post,08/11/2025,08/11/2025,-15,"#anambradecides2025: false, polling units in anambra 5,720 not 5,200",https://dubawa.org/therell-be-voting-in-5118-polling-units-out-of-the-5200-in-anambra-state/,5|437|1571|3812|3815|16,window,1,election:election|vote|voter
2025,23/11/2025,Guinée Bissau,Presidential (suspended - attempted coup),25732,post,08/11/2025,08/11/2025,-15,#anambradecides2025: security uncovered plans by ukachukwu nicholas to disrupt anambra guber polls,https://dubawa.org/security-uncovered-plans-by-ukachukwu-nicholas-to-disrupt-anambra-guber-polls/,1571|5|437|3812|3815,window,1,election:election|vote|poll
2025,23/11/2025,Guinée Bissau,Presidential (suspended - attempted coup),25719,post,07/11/2025,08/11/2025,-16,#anambradecides2025: should voters use index finger,https://dubawa.org/use-the-index-finger-to-vote/,1571|5|437|3812|3815|16,window,1,election:election|vote|voter
2025,23/11/2025,Guinée Bissau,Presidential (suspended - attempted coup),25713,post,07/11/2025,08/11/2025,-16,#anambradecides2025: no evidence anambra governor declared friday public holiday for teachers to serve as delegates,https://dubawa.org/no-evidence-anambra-governor-declared-friday-public-holiday-for-teachers-to-serve-as-delegates/,3797|5|1571|3812|3815|16,window,1,election:election
2025,23/11/2025,Guinée Bissau,Presidential (suspended - attempted coup),25702,post,07/11/2025,07/11/2025,-16,#anambradecides2025: nfc activates situation room ahead of anambra election,https://dubawa.org/anambradecides2025-nfc-activates-situation-room-ahead-of-anambra-election/,1688|5|1571|3812|3815|1576,window,1,election:election|vote|voter
2025,23/11/2025,Guinée Bissau,Presidential (suspended - attempted coup),25700,post,07/11/2025,08/11/2025,-16,"pre-election fact checks: dubawa, nfc monitor mis/disinformation ahead of anambra 2025 governorship election",https://dubawa.org/pre-election-fact-checks-dubawa-nfc-monitor-mis-disinformation-ahead-of-anambra-2025-governorship-election/,3797|5|3812|3815|16,window,1,election:election|vote|voter
2025,23/11/2025,Guinée Bissau,Presidential (suspended - attempted coup),25696,post,06/11/2025,06/11/2025,-17,"viral video of governor soludo promising cash rewards for votes, true",https://dubawa.org/viral-video-of-governor-soludo-promising-cash-rewards-for-votes-true/,1571|3812|3815|16,window,1,election:election|vote|ballot
2025,23/11/2025,Guinée Bissau,Presidential (suspended - attempted coup),25691,post,06/11/2025,06/11/2025,-17,#anambra2025: how voters can curb misinformation at polling units,https://dubawa.org/anambra2025-how-voters-can-curb-misinformation-at-polling-units/,1572|1571|3812|3815|16,window,1,election:election|vote|voter
2025,23/11/2025,Guinée Bissau,Presidential (suspended - attempted coup),25687,post,06/11/2025,06/11/2025,-17,#anambra2025: anambra hospital commissioned by soludo not empty,https://dubawa.org/anambra2025-anambra-hospital-commissioned-by-soludo-not-empty/,1571|5|3812|3815|16,window,1,election:election|vote|candidate
2025,23/11/2025,Guinée Bissau,Presidential (suspended - attempted coup),25679,post,06/11/2025,06/11/2025,-17,recycled or recent? the nigerian army photo controversy explained,https://dubawa.org/recycled-or-recent-the-nigerian-army-photo-controversy-explained/,1572|5|3812|3815|16,window,1,election:vote
2025,23/11/2025,Guinée Bissau,Presidential (suspended - attempted coup),25653,post,06/11/2025,06/11/2025,-17,infox sur une annulation de la présidentielle ivoirienne de 2025,https://dubawa.org/infox-sur-une-annulation-de-la-presidentielle-ivoirienne-de-2025/,4269|5|1571,window,1,election:élection|vote
2025,23/11/2025,Guinée Bissau,Presidential (suspended - attempted coup),25648,post,05/11/2025,05/11/2025,-18,anambra2025: 2.8 million voters to decide next governor,https://dubawa.org/anambra2025-2-8-million-voters-to-decide-next-governor/,1572|5|3812|3815|16,window,1,election:election|vote|voter
2025,23/11/2025,Guinée Bissau,Presidential (suspended - attempted coup),25635,post,05/11/2025,05/11/2025,-18,anambra election: 6 misconceptions about bvas and irev voters should know,https://dubawa.org/anambra-election-6-misconceptions-about-bvas-and-irev-voters-should-know/,5|1572|3812|3815,window,1,election:election|vote|voter
2025,23/11/2025,Guinée Bissau,Presidential (suspended - attempted coup),25630,post,05/11/2025,05/11/2025,-18,false! some representatives have gotten more than 67% votes in liberia,https://dubawa.org/false-some-representatives-have-gotten-more-than-67-votes-in-liberia/,1571|4|3815|1960,window,1,election:election|vote
2025,23/11/2025,Guinée Bissau,Presidential (suspended - attempted coup),25596,post,03/11/2025,12/12/2025,-20,"viral facebook post claiming anambra governor, otti, issued threats against lagos, false",https://dubawa.org/viral-facebook-post-claiming-anambra-governor-otti-issued-threats-against-lagos-false/,1571|3812|3815|16,window,1,election:election|candidate|presidential
2025,23/11/2025,Guinée Bissau,Presidential (suspended - attempted coup),25577,post,02/11/2025,02/11/2025,-21,le déploiement de soldats français au mali utilisé dans le contexte ivoirien,https://dubawa.org/le-deploiement-de-soldats-francais-au-mali-utilise-dans-le-contexte-ivoirien/,1571|4269,window,1,election:vote
2025,23/11/2025,Guinée Bissau,Presidential (suspended - attempted coup),25573,post,02/11/2025,02/11/2025,-21,présidentielle 2025 en guinée : le jour du vote a-t-il été reporté?,https://dubawa.org/presidentielle-2025-en-guinee-le-jour-du-vote-a-t-il-ete-reporte/,4482|1571|16,window,1,election:élection|vote
2025,23/11/2025,Guinée Bissau,Presidential (suspended - attempted coup),25558,post,02/11/2025,02/11/2025,-21,#anambraelection2025: is chioma ifemeludike aac gubernatorial candidate?,https://dubawa.org/anambraelection2025-is-chioma-ifemeludike-aac-gubernatorial-candidate/,1571|3812|3815|16,window,1,election:election|candidate
2025,23/11/2025,Guinée Bissau,Presidential (suspended - attempted coup),25524,post,31/10/2025,31/10/2025,-23,"who is kilmar abrego garcia, and why is he being accepted by liberia?",https://dubawa.org/who-is-kilmar-abrego-garcia-and-why-is-he-being-accepted-by-liberia/,1572|4|3815|1960,window,1,election:vote
2025,23/11/2025,Guinée Bissau,Presidential (suspended - attempted coup),25478,post,28/10/2025,28/10/2025,-26,présidentielle 2025 : une image prise au togo utilisée pour indiquer un incendie dans des localités ivoiriennes,https://dubawa.org/presidentielle-2025-une-image-prise-au-togo-utilisee-pour-indiquer-un-incendie-dans-des-localites-ivoiriennes/,4269|1571|16,window,1,election:vote
2025,23/11/2025,Guinée Bissau,Presidential (suspended - attempted coup),25470,post,28/10/2025,28/10/2025,-26,"tiktok audio featuring trump, traoré commenting on africa’s independence, ai-generated",https://dubawa.org/tiktok-audio-featuring-trump-traore-commenting-on-africas-independence-ai-generated/,1571|3812|3815|123,window,1,body:coup
2025,23/11/2025,Guinée Bissau,Presidential (suspended - attempted coup),25454,post,27/10/2025,27/10/2025,-27,why does display of lgbtq+ banners provoke backlash in gambia?,https://dubawa.org/why-does-display-of-lgbtq-banners-provoke-backlash-in-gambia/,1572|4|3815|2815,window,1,election:vote
2025,23/11/2025,Guinée Bissau,Presidential (suspended - attempted coup),25440,post,27/10/2025,27/10/2025,-27,de faux résultats de la présidentielle ivoirienne présentés comme une fuite de documents secrets,https://dubawa.org/de-faux-resultats-de-la-presidentielle-ivoirienne-presentes-comme-une-fuite-de-documents-secrets/,4269|1571|16,window,2,body:coup; election:élection|vote
2025,23/11/2025,Guinée Bissau,Presidential (suspended - attempted coup),25436,post,27/10/2025,27/10/2025,-27,"côte d’ivoire : incendie à nahio, une image de 2023 utilisée par certains internautes",https://dubawa.org/cote-divoire-incendie-a-nahio-une-image-de-2023-utilisee-par-certains-internautes/,4269|1571|16,window,1,election:élection|vote
2025,23/11/2025,Guinée Bissau,Presidential (suspended - attempted coup),25432,post,26/10/2025,26/10/2025,-28,faux : le nord n’a pas été le seul à voter en côte d’ivoire,https://dubawa.org/faux-le-nord-na-pas-ete-le-seul-a-voter-en-cote-divoire/,4269|1571|16,window,1,election:élection|vote|voter
2025,23/11/2025,Guinée Bissau,Presidential (suspended - attempted coup),25423,post,26/10/2025,26/10/2025,-28,une vidéo sortie de son contexte pour jeter le doute sur la transparence du vote en côte d’ivoire,https://dubawa.org/une-video-sortie-de-son-contexte-pour-jeter-le-doute-sur-la-transparence-du-vote-en-cote-divoire/,4269|1571|16,window,1,election:élection|vote
2025,23/11/2025,Guinée Bissau,Presidential (suspended - attempted coup),25420,post,26/10/2025,26/10/2025,-28,weekly round-up: trending claims dubawa verified this week,https://dubawa.org/weekly-round-up-trending-claims-dubawa-verified-this-week-3/,1572|1571|3812|3815,window,1,body:coup
2025,23/11/2025,Guinée Bissau,Presidential (suspended - attempted coup),25416,post,26/10/2025,26/10/2025,-28,une vidéo manipulée pour prétendre à un soulèvement dans le nord de la côte d’ivoire,https://dubawa.org/une-video-manipulee-pour-pretendre-a-un-soulevement-dans-le-nord-de-la-cote-divoire/,4269|1571|16,window,1,election:élection
2025,23/11/2025,Guinée Bissau,Presidential (suspended - attempted coup),25411,post,25/10/2025,25/10/2025,-29,aucun civil n’a été tué entre dabou et grand lahou,https://dubawa.org/aucun-civil-na-ete-tue-entre-dabou-et-grand-lahou/,4269|1571,window,1,body:coup
2025,23/11/2025,Guinée Bissau,Presidential (suspended - attempted coup),25405,post,25/10/2025,25/10/2025,-29,fake news sur la tenue de l’élection présidentielle en côte d’ivoire,https://dubawa.org/fake-news-sur-la-tenue-de-lelection-presidentielle-en-cote-divoire/,4269|1571|16,window,1,election:election|élection|vote
2025,23/11/2025,Guinée Bissau,Presidential (suspended - attempted coup),25402,post,25/10/2025,25/10/2025,-29,"non, le directeur de publication d’abidjan.net n’a pas été enlevé, ni assassiné",https://dubawa.org/non-le-directeur-de-publication-dabidjan-net-na-pas-ete-enleve-ni-assassine/,4269|1571|16,window,1,election:élection|vote
2025,23/11/2025,Guinée Bissau,Presidential (suspended - attempted coup),25397,post,25/10/2025,25/10/2025,-29,"des bureaux de vote n’ont pas été incendiés à yopougon, en côte d’ivoire",https://dubawa.org/des-bureaux-de-vote-nont-pas-ete-incendies-a-yopougon-en-cote-divoire/,4269|5|1571,window,1,election:vote
2025,23/11/2025,Guinée Bissau,Presidential (suspended - attempted coup),25392,post,25/10/2025,25/10/2025,-29,fausse information sur des terroristes aperçus à korhogo,https://dubawa.org/fausse-information-sur-des-terroristes-apercus-a-korhogo/,4269|1571|16,window,1,election:élection|vote
2025,23/11/2025,Guinée Bissau,Presidential (suspended - attempted coup),25368,post,25/10/2025,25/10/2025,-29,fausse information sur une supposée arrestation de l’ex-président ivoirien laurent gbagbo,https://dubawa.org/fausse-information-sur-une-supposee-arrestation-de-lex-president-ivoirien-laurent-gbagbo/,4269|1571|16,window,2,body:coup; election:élection|vote|voter
2025,23/11/2025,Guinée Bissau,Presidential (suspended - attempted coup),25356,post,24/10/2025,24/10/2025,-30,côte d’ivoire : ces photos ne montrent pas l’axe dimbokro–bocanda,https://dubawa.org/cote-divoire-ces-photos-ne-montrent-pas-laxe-dimbokro-bocanda/,4269|5|1571,window,1,body:coup
2025,23/11/2025,Guinée Bissau,Presidential (suspended - attempted coup),25327,post,24/10/2025,24/10/2025,-30,"false! akon, wife tomeka still together no $100m divorce settlement requested",https://dubawa.org/false-akon-wife-tomeka-still-together-no-100m-divorce-settlement-requested/,1571|3812|3815|123,window,1,body:coup
2025,23/11/2025,Guinée Bissau,Presidential (suspended - attempted coup),25321,post,24/10/2025,24/10/2025,-30,"non, le directeur général adjoint de la police scientifique ivoirienne n’a pas été assassiné",https://dubawa.org/non-le-directeur-general-adjoint-de-la-police-scientifique-ivoirienne-na-pas-ete-assassine/,4269|1571|16,window,1,body:coup
2025,23/11/2025,Guinée Bissau,Presidential (suspended - attempted coup),25316,post,24/10/2025,24/10/2025,-30,did trump tell portugal’s president he would lose to ronaldo in presidential election?,https://dubawa.org/did-trump-tell-portugals-president-he-would-lose-to-ronaldo-in-presidential-election/,1571|3812|3815|3705,window,1,election:election|presidential
2025,23/11/2025,Guinée Bissau,Presidential (suspended - attempted coup),25271,post,24/10/2025,27/10/2025,-30,dubawa indepth! kollie’s dream at ‘beggar s avenue:’ the plight of people living with disability in liberia,https://dubawa.org/dubawa-indepth-kollies-dream-at-beggars-avenue-the-plight-of-people-living-with-disability-in-liberia/,1572|4352|3815|1960,window,1,election:election|candidate|presidential
2025,23/11/2025,Guinée Bissau,Presidential (suspended - attempted coup),25277,post,24/10/2025,24/10/2025,-30,l’accès internet est-il interrompu en côte d’ivoire avant la présidentielle du 25 octobre ?,https://dubawa.org/lacces-internet-est-il-interrompu-en-cote-divoire-avant-la-presidentielle-du-25-octobre/,4269|1571|16,window,1,body:coup
2025,23/11/2025,Guinée Bissau,Presidential (suspended - attempted coup),25261,post,24/10/2025,24/10/2025,-30,false! eps director sam gaye has not been dismissed,https://dubawa.org/false-eps-director-sam-gaye-has-not-been-dismissed/,1571|4|3815|1960,window,1,election:presidential
2025,23/11/2025,Guinée Bissau,Presidential (suspended - attempted coup),25263,post,24/10/2025,24/10/2025,-30,"ce n’est pas la technologie qui fait la différence, mais la conscience et l’intention de celui qui la manie » selon le consultant ivoirien en inclusion numérique et en gouvernance de l information, cyriac gbogou",https://dubawa.org/ce-nest-pas-la-technologie-qui-fait-la-difference-mais-la-conscience-et-lintention-de-celui-qui-la-manie-selon-le-consultant-ivoirien-en-inclusion-numerique-et-en-gouvernance/,4269|1572,window,1,election:élection
2025,23/11/2025,Guinée Bissau,Presidential (suspended - attempted coup),25251,post,23/10/2025,23/10/2025,-31,wrong lyrics falsely portray french players in clip shared by x influencer,https://dubawa.org/wrong-lyrics-falsely-portray-french-players-in-clip-shared-by-x-influencer/,1571|3812|3815|3705,window,1,body:coup
2025,23/11/2025,Guinée Bissau,Presidential (suspended - attempted coup),25241,post,22/10/2025,22/10/2025,-32,le secrétaire général de la présidence guinéenne a-t-il repris mot pour mot le discours du président mamadi doumbouya à l’onu ?,https://dubawa.org/le-secretaire-general-de-la-presidence-guineenne-a-t-il-repris-mot-pour-mot-le-discours-du-president-mamadi-doumbouya-a-lonu/,4482|1571|16,window,1,body:coup
2025,23/11/2025,Guinée Bissau,Presidential (suspended - attempted coup),25238,post,22/10/2025,22/10/2025,-32,de fausses images générées par ia montrent le footballeur sadio mané inaugurant un lycée avec mohamed salah,https://dubawa.org/de-fausses-images-generees-par-ia-montrent-le-footballeur-sadio-mane-inaugurant-un-lycee-avec-mohamed-salah/,4044|1571|3704,window,1,body:coup
2025,23/11/2025,Guinée Bissau,Presidential (suspended - attempted coup),25213,post,22/10/2025,22/10/2025,-32,"viral photo of messi, wife, visiting nigeria is ai-generated",https://dubawa.org/viral-photo-of-messi-wife-visiting-nigeria-is-ai-generated/,1571|3815|1268,window,1,body:coup
2025,23/11/2025,Guinée Bissau,Presidential (suspended - attempted coup),25206,post,22/10/2025,22/10/2025,-32,"false! sadio mané and wife welcomed baby girl, not twins",https://dubawa.org/false-sadio-mane-and-wife-welcomed-baby-girl-not-twins/,1571|4486|3815|1268,window,1,body:coup
2025,23/11/2025,Guinée Bissau,Presidential (suspended - attempted coup),25208,post,22/10/2025,22/10/2025,-32,#freennamdikanunow: did atiku participate in protest?,https://dubawa.org/freennamdikanunow-did-atiku-participate-in-protest/,1571|3812|3815|16,window,1,election:election|vote|candidate
2025,23/11/2025,Guinée Bissau,Presidential (suspended - attempted coup),25187,post,21/10/2025,21/10/2025,-33,une vidéo de sensibilisation au vote détournée pour faire croire que certaines localités ont déjà voté en côte d’ivoire,https://dubawa.org/une-video-de-sensibilisation-au-vote-detournee-pour-faire-croire-que-certaines-localites-ont-deja-vote-en-cote-divoire/,4269|1571|16,window,1,election:élection|vote|voter
2025,23/11/2025,Guinée Bissau,Presidential (suspended - attempted coup),25183,post,21/10/2025,22/10/2025,-33,la résidence de l’ambassadrice du liban en côte d’ivoire n’a pas été incendiée,https://dubawa.org/la-residence-de-lambassadrice-du-liban-en-cote-divoire-na-pas-ete-incendiee/,4269|1571|16,window,1,election:élection
2025,23/11/2025,Guinée Bissau,Presidential (suspended - attempted coup),25163,post,20/10/2025,20/10/2025,-34,chronologie de la campagne électorale ivoirienne pour la présidentielle 2025,https://dubawa.org/chronologie-de-la-campagne-electorale-ivoirienne-pour-la-presidentielle-2025/,16|4269|1572,window,1,election:élection|vote
2025,23/11/2025,Guinée Bissau,Presidential (suspended - attempted coup),25149,post,18/10/2025,18/10/2025,-36,2024 kidnap incident falsely used to portray christian genocide,https://dubawa.org/2024-kidnap-incident-falsely-used-to-portray-christian-genocide/,1571|3812|3815|123,window,1,body:coup
2025,23/11/2025,Guinée Bissau,Presidential (suspended - attempted coup),25140,post,18/10/2025,18/10/2025,-36,are ronaldo and long-time girlfriend georgina married?,https://dubawa.org/are-ronaldo-and-long-time-girlfriend-georgina-married/,1571|3812|3815|123,window,1,body:coup
2025,23/11/2025,Guinée Bissau,Presidential (suspended - attempted coup),25129,post,17/10/2025,21/10/2025,-37,comment les observateurs électoraux veillent sur le scrutin en côte d’ivoire?,https://dubawa.org/comment-les-observateurs-electoraux-veillent-sur-le-scrutin-en-cote-divoire/,4269|1572|16,window,1,election:élection|vote
2025,23/11/2025,Guinée Bissau,Presidential (suspended - attempted coup),25098,post,16/10/2025,21/10/2025,-38,élection ivoirienne : le rôle de la cei et du conseil constitutionnel,https://dubawa.org/election-ivoirienne-le-role-de-la-cei-et-du-conseil-constitutionnel/,4269|1572|16,window,1,election:election|élection|vote
2025,23/11/2025,Guinée Bissau,Presidential (suspended - attempted coup),25086,post,16/10/2025,21/10/2025,-38,fonctionnement de la liste électorale ivoirienne : de l’inscription à la vérification,https://dubawa.org/fonctionnement-de-la-liste-electorale-ivoirienne-de-linscription-a-la-verification/,4269|1572|16,window,1,election:vote|voter
2025,23/11/2025,Guinée Bissau,Presidential (suspended - attempted coup),25080,post,16/10/2025,16/10/2025,-38,is national youth empowerment fund legitimate government programme?,https://dubawa.org/is-national-youth-empowerment-fund-legitimate-government-programme/,1571|120|3812|3815,window,1,election:presidential
2025,23/11/2025,Guinée Bissau,Presidential (suspended - attempted coup),25077,post,16/10/2025,16/10/2025,-38,"no evidence new inec chairperson, amupitan, was tinubu’s lawyer",https://dubawa.org/no-evidence-new-inec-chairperson-amupitan-was-tinubus-lawyer/,1571|3812|3815|16,window,1,election:election|presidential
2025,23/11/2025,Guinée Bissau,Presidential (suspended - attempted coup),25069,post,15/10/2025,15/10/2025,-39,présidentielle du 25 octobre en côte d ivoire : les candidats en lice,https://dubawa.org/presidentielle-du-25-octobre-en-cote-divoire-les-candidats-en-lice/,1572|4269|16,window,1,election:élection|vote|candidate
2025,23/11/2025,Guinée Bissau,Presidential (suspended - attempted coup),25037,post,14/10/2025,14/10/2025,-40,présidentielle du 25 octobre 2025 en côte d’ivoire : les grandes étapes du processus,https://dubawa.org/presidentielle-du-25-octobre-2025-en-cote-divoire-les-grandes-etapes-du-processus/,4269|1572|16,window,1,election:élection|vote|voter
2025,23/11/2025,Guinée Bissau,Presidential (suspended - attempted coup),25016,post,13/10/2025,13/10/2025,-41,la reconnaissance des langues nationales comme langues officielles ne réduit pas l’analphabétisme en guinée,https://dubawa.org/la-reconnaissance-des-langues-nationales-comme-langues-officielles-ne-reduit-pas-lanalphabetisme-en-guinee/,4482|1571,window,1,body:coup
2025,23/11/2025,Guinée Bissau,Presidential (suspended - attempted coup),25008,post,13/10/2025,13/10/2025,-41,guinée : la nouvelle constitution permet-elle à mamadi doumbouya d’être candidat à la présidentielle de décembre 2025 ?,https://dubawa.org/guinee-la-nouvelle-constitution-permet-elle-a-mamadi-doumbouya-detre-candidat-a-la-presidentielle-de-decembre-2025/,4482|1571|16,window,2,body:coup; election:élection
2025,23/11/2025,Guinée Bissau,Presidential (suspended - attempted coup),25005,post,13/10/2025,13/10/2025,-41,why inec may postpone voting in some areas —  what it really means,https://dubawa.org/why-inec-may-postpone-voting-in-some-areas-what-it-really-means/,1688|5|3815,window,1,election:election|vote|voter
2025,23/11/2025,Guinée Bissau,Presidential (suspended - attempted coup),24985,post,13/10/2025,20/10/2025,-41,"after dubawa’s report, facebook users delete misleading posts, x account suspended",https://dubawa.org/after-dubawas-report-facebook-users-delete-misleading-posts-x-account-suspended/,1572|3815|1688,window,1,election:election
2025,23/11/2025,Guinée Bissau,Presidential (suspended - attempted coup),24975,post,13/10/2025,13/10/2025,-41,une ancienne vidéo du ministre ivoirien de l’enseignement supérieur manipulée pour accréditer un financement de “gros bras”,https://dubawa.org/une-ancienne-video-du-ministre-ivoirien-de-lenseignement-superieur-manipulee-pour-accrediter-un-financement-de-gros-bras/,4269|16,window,1,election:élection
2025,23/11/2025,Guinée Bissau,Presidential (suspended - attempted coup),24130,post,25/08/2025,11/10/2025,-90,guinée-bissau : l’homosexualité dépénalisée depuis 1993?,https://dubawa.org/guinee-bissau-lhomosexualite-depenalisee-depuis-1993/,4270|1571,category-only,9,category:4270; body:guinée bissau; title:guinée-bissau; title:bissau; body:embaló
2025,23/11/2025,Guinée Bissau,Presidential (suspended - attempted coup),23646,post,19/07/2025,19/07/2025,-127,"le président bissau-guinéen, umaro sissoco embaló, a-t-il évoqué une possible intervention dans le conflit israël-iran ?",https://dubawa.org/le-president-bissau-guineen-umaro-sissoco-embalo-a-t-il-evoque-une-possible-intervention-dans-le-conflit-israel-iran/,4270,category-only,11,category:4270; body:guinée-bissau; title:bissau; title:embaló; title:embalo; body:coup
2025,27/12/2025,Cote d'Ivoire,Parliamentary,27445,post,23/01/2026,23/01/2026,27,unpacking ooni of ife’s city of brampton honour claims,https://dubawa.org/unpacking-ooni-of-ifes-city-of-brampton-honour-claims/,123,window,1,body:cei
2025,27/12/2025,Cote d'Ivoire,Parliamentary,27409,post,21/01/2026,21/01/2026,25,la prestation de serment de mamadi doumbouya modifiée par l’intelligence artificielle,https://dubawa.org/la-prestation-de-serment-de-mamadi-doumbouya-modifiee-par-lintelligence-artificielle/,4482|1571,window,1,election:élection
2025,27/12/2025,Cote d'Ivoire,Parliamentary,27406,post,21/01/2026,25/01/2026,25,did us lawmaker propose nigeria’s division as solution to  christian genocide?,https://dubawa.org/did-us-lawmaker-propose-nigerias-division-as-solution-to-christian-genocide/,1571|3812|3815|123,window,1,election:parliament
2025,27/12/2025,Cote d'Ivoire,Parliamentary,27395,post,21/01/2026,21/01/2026,25,false! no nigerian agency warned of “extreme air pollution” during harmattan,https://dubawa.org/false-no-nigerian-agency-warned-of-extreme-air-pollution-during-harmattan/,1571|3812|121|3815,window,1,election:poll
2025,27/12/2025,Cote d'Ivoire,Parliamentary,27378,post,21/01/2026,21/01/2026,25,"did the u.s. suspend visa processing for citizens from 75 countries, including liberia?",https://dubawa.org/did-the-u-s-suspend-visa-processing-for-citizens-from-75-countries-including-liberia/,1571|437|3815|1960,window,1,body:cei
2025,27/12/2025,Cote d'Ivoire,Parliamentary,27370,post,20/01/2026,21/01/2026,24,did kwankwaso say he would agree to be peter obi’s running mate?,https://dubawa.org/did-kwankwaso-say-he-would-agree-to-be-peter-obis-running-mate/,1571|437|3812|3815,window,1,election:election|candidate|presidential
2025,27/12/2025,Cote d'Ivoire,Parliamentary,27353,post,20/01/2026,20/01/2026,24,"claim greenland parliament bans trump, misleading",https://dubawa.org/claim-greenland-parliament-bans-trump-misleading/,1571|437|3812|3815|123,window,1,election:parliament|legislative
2025,27/12/2025,Cote d'Ivoire,Parliamentary,27344,post,19/01/2026,19/01/2026,23,"facebook video allegedly showing uganda post-election protest, not recent",https://dubawa.org/facebook-video-allegedly-showing-uganda-post-election-protest-not-recent/,1571|437|3812|3815|123,window,1,election:election|vote
2025,27/12/2025,Cote d'Ivoire,Parliamentary,27332,post,17/01/2026,17/01/2026,21,le sénégal ne perd-il jamais quand sadio mané marque ?,https://dubawa.org/le-senegal-ne-perd-il-jamais-quand-sadio-mane-marque/,4044|1571,window,1,election:élection
2025,27/12/2025,Cote d'Ivoire,Parliamentary,27328,post,16/01/2026,16/01/2026,20,did bandits cause residents to flee in viral footage?,https://dubawa.org/did-bandits-cause-residents-to-flee-in-viral-footage/,1571|3812|3815|119,window,1,body:cei
2025,27/12/2025,Cote d'Ivoire,Parliamentary,27322,post,16/01/2026,16/01/2026,20,"non, alpha condé et cellou dalein diallo n ont pas félicité l’actuel président de la république de guinée",https://dubawa.org/non-alpha-conde-et-cellou-dalein-diallo-nont-pas-felicite-lactuel-president-de-la-republique-de-guinee/,4482|1571,window,1,election:élection|vote
2025,27/12/2025,Cote d'Ivoire,Parliamentary,27311,post,15/01/2026,16/01/2026,19,"x user’s claim us war secretary heads to meet nigerian leaders, false",https://dubawa.org/x-users-claim-us-war-secretary-heads-to-meet-nigerian-leaders-false/,1571|3812|3815|123,window,1,body:cei
2025,27/12/2025,Cote d'Ivoire,Parliamentary,27305,post,15/01/2026,15/01/2026,19,"claim over 16,000 people cancelled fifa world cup 26™ tickets because of trump, false",https://dubawa.org/claim-over-16000-people-cancelled-fifa-world-cup-26-tickets-because-of-trump-false/,1571|3812|3815|123,window,2,body:cei; election:election
2025,27/12/2025,Cote d'Ivoire,Parliamentary,27298,post,15/01/2026,15/01/2026,19,"viral footage of terrorists passing freely through army checkpoint, from movie set",https://dubawa.org/viral-footage-of-terrorists-passing-freely-through-army-checkpoint-from-movie-set/,1571|3812|3815|123,window,1,body:cei
2025,27/12/2025,Cote d'Ivoire,Parliamentary,27288,post,14/01/2026,14/01/2026,18,"elections au bénin : non, ce n’est pas la cour suprême qui donne les résultats définitifs pour les communales",https://dubawa.org/elections-au-benin-non-ce-nest-pas-la-cour-supreme-qui-donne-les-resultats-definitifs-pour-les-communales/,4519|1571,window,1,election:election|élection
2025,27/12/2025,Cote d'Ivoire,Parliamentary,27281,post,14/01/2026,14/01/2026,18,"viral images of osimhen visiting rccg after algeria s loss, misleading!",https://dubawa.org/viral-images-of-osimhen-visiting-rccg-after-algerias-loss-misleading/,1571|3812|3815|3704,window,1,body:cei
2025,27/12/2025,Cote d'Ivoire,Parliamentary,27249,post,12/01/2026,12/01/2026,16,la supposée victoire nationale de ld aux élections législatives au bénin ne repose sur aucune donnée officielle,https://dubawa.org/la-supposee-victoire-nationale-de-ld-aux-elections-legislatives-au-benin-ne-repose-sur-aucune-donnee-officielle/,4519|1571,window,1,election:election|élection|vote
2025,27/12/2025,Cote d'Ivoire,Parliamentary,27244,post,12/01/2026,12/01/2026,16,de prétendus “résultats généraux” des législatives et municipales du bénin diffusés sur facebook,https://dubawa.org/de-pretendus-resultats-generaux-des-legislatives-et-municipales-du-benin-diffuses-sur-facebook/,4519|1571,window,1,election:élection|vote|legislative
2025,27/12/2025,Cote d'Ivoire,Parliamentary,27240,post,12/01/2026,12/01/2026,16,elections communales 2026 au bénin : aucune preuve que l’upr a remporté  2 sièges à ouèdo,https://dubawa.org/elections-communales-2026-au-benin-aucune-preuve-que-lupr-a-remporte-2-sieges-a-ouedo/,4519|1571,window,1,election:election|élection|vote
2025,27/12/2025,Cote d'Ivoire,Parliamentary,27233,post,12/01/2026,12/01/2026,16,"viral video of anthony joshua retiring from boxing, ai-generated",https://dubawa.org/viral-video-of-anthony-joshua-retiring-from-boxing-ai-generated/,1571|4|3812|3815|1268,window,1,body:cei
2025,27/12/2025,Cote d'Ivoire,Parliamentary,27228,post,12/01/2026,12/01/2026,16,déroulement du vote des législatives et municipales du 11 janvier 2026 au bénin,https://dubawa.org/deroulement-du-vote-des-legislatives-et-municipales-du-11-janvier-2026-au-benin/,4519|1572,window,1,election:élection|vote|legislative
2025,27/12/2025,Cote d'Ivoire,Parliamentary,27216,post,11/01/2026,11/01/2026,15,bénin : des retards d’ouverture de postes de vote signalés lors des législatives et municipales,https://dubawa.org/benin-des-retards-douverture-de-postes-de-vote-signales-lors-des-legislatives-et-municipales/,4519|1571,window,1,election:élection|vote|legislative
2025,27/12/2025,Cote d'Ivoire,Parliamentary,27209,post,11/01/2026,11/01/2026,15,bénin : un faux taux de participation mis en exergue dans le commentaire d’un internaute,https://dubawa.org/benin-un-faux-taux-de-participation-mis-en-exergue-dans-le-commentaire-dun-internaute/,4519|1571,window,1,election:élection|vote
2025,27/12/2025,Cote d'Ivoire,Parliamentary,27206,post,11/01/2026,11/01/2026,15,"anthony joshua’s alleged retirement, other top claims fact-checked this week",https://dubawa.org/anthony-joshuas-alleged-retirement-other-top-claims-fact-checked-this-week/,435|1572|4|3812|3815,window,1,election:parliament
2025,27/12/2025,Cote d'Ivoire,Parliamentary,27195,post,11/01/2026,11/01/2026,15,bénin : les frontières terrestres restent ouvertes le jour de vote suite à la modification de la décision du gouvernement,https://dubawa.org/benin-les-frontieres-terrestres-restent-ouvertes-le-jour-de-vote-suite-a-la-modification-de-la-decision-du-gouvernement/,4519|1571,window,1,election:élection|vote|voter
2025,27/12/2025,Cote d'Ivoire,Parliamentary,27186,post,10/01/2026,10/01/2026,14,absence d’engouement pour les élections législatives et communales au bénin,https://dubawa.org/absence-dengouement-pour-les-elections-legislatives-et-communales-au-benin/,4519|1572,window,1,election:election|élection|vote
2025,27/12/2025,Cote d'Ivoire,Parliamentary,27180,post,10/01/2026,10/01/2026,14,bénin : le recrutement de 89 686 agents électoraux par la cena fait-il chuter le taux de chômage à 0 % ?,https://dubawa.org/benin-le-recrutement-de-89-686-agents-electoraux-par-la-cena-fait-il-chuter-le-taux-de-chomage-a-0/,4519|1571,window,1,election:élection|vote
2025,27/12/2025,Cote d'Ivoire,Parliamentary,27168,post,10/01/2026,11/01/2026,14,une vidéo fait croire à une manifestation pour le départ du président du bénin,https://dubawa.org/une-video-fait-croire-a-une-manifestation-pour-le-depart-du-president-du-benin/,1571|4519,window,2,body:abidjan; election:élection
2025,27/12/2025,Cote d'Ivoire,Parliamentary,27152,post,08/01/2026,08/01/2026,12,"viral image of anthony joshua allegedly mourning deceased friends, ai-generated",https://dubawa.org/viral-image-of-anthony-joshua-allegedly-mourning-deceased-friends-ai-generated/,1571|3812|3815|123,window,1,body:cei
2025,27/12/2025,Cote d'Ivoire,Parliamentary,27149,post,08/01/2026,08/01/2026,12,false! norwegian government doesn’t award nobel peace prize as trump claimed,https://dubawa.org/false-norwegian-government-doesnt-award-nobel-peace-prize-as-trump-claimed/,1571|3812|3815|123|16,window,2,body:cei; election:election|vote|candidate
2025,27/12/2025,Cote d'Ivoire,Parliamentary,27144,post,08/01/2026,08/01/2026,12,false! nigeria has not imposed travel ban on us nationals,https://dubawa.org/false-nigeria-has-not-imposed-travel-ban-on-us-nationals/,1571|3812|3815|123,window,1,election:presidential
2025,27/12/2025,Cote d'Ivoire,Parliamentary,27123,post,07/01/2026,07/01/2026,11,ibrahim traore: seven claims about burkina faso leader we fact-cheched in 2025,https://dubawa.org/ibrahim-traore-seven-claims-about-burkina-faso-leader-we-fact-cheched-in-2025/,1572|3812|3815,window,2,body:cei; election:candidate|presidential|legislative
2025,27/12/2025,Cote d'Ivoire,Parliamentary,27095,post,06/01/2026,06/01/2026,10,six ai-generated deepfakes that deceived nigerians in 2025,https://dubawa.org/six-ai-generated-deepfakes-that-deceived-nigerians-in-2025/,1572|1571|3812|3815,window,2,title:cei
2025,27/12/2025,Cote d'Ivoire,Parliamentary,27084,post,05/01/2026,05/01/2026,9,misleading! waec clarifies the status of k-school 2025 wassce result,https://dubawa.org/misleading-waec-clarifies-the-status-of-k-school-2025-wassce-result/,1571|3815|1268,window,1,election:candidate
2025,27/12/2025,Cote d'Ivoire,Parliamentary,27000,post,05/01/2026,31/12/2025,9,key takeaways from dubawa 2025 in-depth stories,https://dubawa.org/key-takeaways-from-dubawa-2025-in-depth-stories/,1572|1571|3812|3815|123,window,1,election:legislative
2025,27/12/2025,Cote d'Ivoire,Parliamentary,27081,post,05/01/2026,08/01/2026,9,is nigeria s domestic flight cheapest in the world?,https://dubawa.org/is-nigerias-domestic-flight-cheapest-in-the-world/,1571|3812|3815,window,1,body:cei
2025,27/12/2025,Cote d'Ivoire,Parliamentary,27073,post,03/01/2026,03/01/2026,7,juyin mulki a a jamhuriyar bene da bai nasara ba: shin shugaban najeriya na iya aikawa da dakarun soja zuwa wata kasa ba tare da amincewar majalisa ba?,https://dubawa.org/juyin-mulki-a-a-jamhuriyar-bene-da-bai-nasara-ba-shin-shugaban-najeriya-na-iya-aikawa-da-dakarun-soja-zuwa-wata-kasa-ba-tare-da-amincewar-majalisa-ba/,3137|2451,window,1,body:gbagbo
2025,27/12/2025,Cote d'Ivoire,Parliamentary,27055,post,02/01/2026,02/01/2026,6,plusieurs vidéos sorties de leurs contextes pour faire croire à des manifestations lors de la présidentielle en guinée,https://dubawa.org/plusieurs-videos-sorties-de-leurs-contextes-pour-faire-croire-a-des-manifestations-lors-de-la-presidentielle-en-guinee/,4482|1571,window,1,election:élection|vote
2025,27/12/2025,Cote d'Ivoire,Parliamentary,27047,post,02/01/2026,09/01/2026,6,"images of tinubu’s visit to anthony joshua in the hospital, ai-generated",https://dubawa.org/images-of-tinubus-visit-to-anthony-joshua-in-the-hospital-ai-generated/,1571|3812|3815|123,window,1,election:presidential
2025,27/12/2025,Cote d'Ivoire,Parliamentary,27043,post,02/01/2026,02/01/2026,6,"de faux chiffres créditent le candidat à la présidentielle guinéenne, abdoulaye yéro baldé, de 53% des voix",https://dubawa.org/de-faux-chiffres-creditent-le-candidat-a-la-presidentielle-guineenne-abdoulaye-yero-balde-de-53-des-voix/,4482|1571,window,1,election:élection|vote
2025,27/12/2025,Cote d'Ivoire,Parliamentary,27037,post,02/01/2026,02/01/2026,6,présidentielle en guinée : le bulletin de vote n’a pas été conçu pour favoriser mamadi doumbouya,https://dubawa.org/presidentielle-en-guinee-le-bulletin-de-vote-na-pas-ete-concu-pour-favoriser-mamadi-doumbouya/,4482|1571,window,1,election:élection|vote|voter
2025,27/12/2025,Cote d'Ivoire,Parliamentary,27006,post,02/01/2026,01/01/2026,6,seven traore-related claims fact-checked in 2025,https://dubawa.org/7-traore-related-claims-fact-checked-in-2025/,1571|3812|3815,window,2,body:cei; election:candidate|presidential|legislative
2025,27/12/2025,Cote d'Ivoire,Parliamentary,27033,post,01/01/2026,01/01/2026,5,false! no statement from anthony joshua that he will never visit nigeria,https://dubawa.org/false-no-statement-from-anthony-joshua-that-he-will-never-visit-nigeria/,1571|3815|1268,window,1,body:cei
2025,27/12/2025,Cote d'Ivoire,Parliamentary,27024,post,01/01/2026,01/01/2026,5,"claim bill gates urged digital ids for babies in kenya, misleading",https://dubawa.org/claim-bill-gates-urged-digital-ids-for-babies-in-kenya-misleading/,1571|3812|3815|123,window,1,body:cei
2025,27/12/2025,Cote d'Ivoire,Parliamentary,26992,post,31/12/2025,31/12/2025,4,did new york record the first successful sickle cell anaemia cure?,https://dubawa.org/did-new-york-record-the-first-successful-sickle-cell-anaemia-cure/,121|1571|3812|3815,window,2,body:cei; election:election
2025,27/12/2025,Cote d'Ivoire,Parliamentary,26987,post,30/12/2025,30/12/2025,3,false! more nimbaians did not vote in the 2023 presidential run-off election than in the first round,https://dubawa.org/false-more-nimbaians-did-not-vote-in-the-2023-presidential-run-off-election-than-in-the-first-round/,1960|1571|4|3815,window,1,election:election|vote|candidate
2025,27/12/2025,Cote d'Ivoire,Parliamentary,26969,post,29/12/2025,29/12/2025,2,des agents de bureaux de vote ont-ils manifesté dans la commune de matoto en guinée?,https://dubawa.org/des-agents-de-bureaux-de-vote-ont-ils-manifeste-dans-la-commune-de-matoto-en-guinee/,4482|1571,window,1,election:élection|vote
2025,27/12/2025,Cote d'Ivoire,Parliamentary,26963,post,29/12/2025,29/12/2025,2,"non, cette vidéo d une altercation dans un bureau de vote n’est pas filmée en guinée",https://dubawa.org/non-cette-video-dune-altercation-dans-un-bureau-de-vote-nest-pas-filmee-en-guinee/,4482|1571,window,2,body:cei; election:élection|vote
2025,27/12/2025,Cote d'Ivoire,Parliamentary,26949,post,29/12/2025,29/12/2025,2,guinée : une image générée par intelligence artificielle présentée comme un bourrage d’urnes par des militaires le jour du vote,https://dubawa.org/guinee-une-image-generee-par-intelligence-artificielle-presentee-comme-un-bourrage-durnes-par-des-militaires-le-jour-du-vote/,4482|1571,window,1,election:élection|vote
2025,27/12/2025,Cote d'Ivoire,Parliamentary,26942,post,29/12/2025,29/12/2025,2,hushpuppi was not released or deported to nigeria,https://dubawa.org/hushpuppi-was-not-released-or-deported-to-nigeria/,1571|3812|3815|123,window,1,body:cei
2025,27/12/2025,Cote d'Ivoire,Parliamentary,26927,post,28/12/2025,28/12/2025,1,une vidéo sortie de son contexte présentée comme une manifestation dans un quartier de conakry le jour du scrutin,https://dubawa.org/une-video-sortie-de-son-contexte-presentee-comme-une-manifestation-dans-un-quartier-de-conakry-le-jour-du-scrutin/,4482|1571,window,1,election:élection|vote
2025,27/12/2025,Cote d'Ivoire,Parliamentary,26906,post,28/12/2025,28/12/2025,1,guinée : aucune preuve d’un déploiement des forces spéciales pour sécuriser l’après-scrutin présidentiel,https://dubawa.org/guinee-aucune-preuve-dun-deploiement-des-forces-speciales-pour-securiser-lapres-scrutin-presidentiel/,4482|1571,window,1,election:élection|vote
2025,27/12/2025,Cote d'Ivoire,Parliamentary,26896,post,28/12/2025,28/12/2025,1,une vidéo manipulée jette le discrédit sur les mouvements de soutien au président de transition de la guinée,https://dubawa.org/une-video-manipulee-jette-le-discredit-sur-les-mouvements-de-soutien-au-president-de-transition-de-la-guinee/,4482|1571,window,1,election:élection
2025,27/12/2025,Cote d'Ivoire,Parliamentary,26890,post,28/12/2025,28/12/2025,1,des tirs dans la banlieue de conakry provoquent une désinformation sur un coup d’etat,https://dubawa.org/des-tirs-dans-la-banlieue-de-conakry-provoquent-une-desinformation-sur-un-coup-detat/,4482|1571,window,1,election:élection|vote
2025,27/12/2025,Cote d'Ivoire,Parliamentary,26885,post,28/12/2025,28/12/2025,1,en guinée : un soutien du président de transition présenté comme un manipulateur visant sa destitution,https://dubawa.org/en-guinee-un-soutien-du-president-de-transition-presente-comme-un-manipulateur-visant-sa-destitution/,4482|1571,window,1,election:élection
2025,27/12/2025,Cote d'Ivoire,Parliamentary,26877,post,28/12/2025,27/12/2025,1,five absurd health claims that rocked 2025,https://dubawa.org/five-absurd-health-claims-that-rocked-2025/,1572|435|3812|121|3815,window,1,body:cei
2025,27/12/2025,Cote d'Ivoire,Parliamentary,26859,post,27/12/2025,27/12/2025,0,guinée : une vidéo de gn224 montrant une manifestation pour les leaders du fndc est fausse,https://dubawa.org/guinee-une-video-de-gn224-montrant-une-manifestation-pour-les-leaders-du-fndc-est-fausse/,4482|1571,window,1,election:élection
2025,27/12/2025,Cote d'Ivoire,Parliamentary,26840,post,27/12/2025,27/12/2025,0,aucun électeur n’a voté en haute-guinée 2 jours avant la date initiale de la présidentielle,https://dubawa.org/aucun-electeur-na-vote-en-haute-guinee-2-jours-avant-la-date-initiale-de-la-presidentielle/,4482|1571,window,1,election:élection|vote
2025,27/12/2025,Cote d'Ivoire,Parliamentary,26835,post,27/12/2025,27/12/2025,0,guinée : un discours autocritique faussement attribué au général mamadi doumbouya,https://dubawa.org/guinee-un-discours-autocritique-faussement-attribue-au-general-mamadi-doumbouya/,4482|1571,window,1,election:élection
2025,27/12/2025,Cote d'Ivoire,Parliamentary,26794,post,26/12/2025,26/12/2025,-1,"présidentielle du 28 décembre 2025, neuf candidats pour clore quatre ans de transition en guinée",https://dubawa.org/presidentielle-du-28-decembre-2025-neuf-candidats-pour-clore-quatre-ans-de-transition-en-guinee/,4482|5,window,1,election:élection|vote|candidate
2025,27/12/2025,Cote d'Ivoire,Parliamentary,26780,post,26/12/2025,26/12/2025,-1,top five tiktok claims fact-checked in 2025,https://dubawa.org/top-five-tiktok-claims-fact-checked-in-2025/,3815|435|1572|3812,window,1,body:cei
2025,27/12/2025,Cote d'Ivoire,Parliamentary,26744,post,25/12/2025,25/12/2025,-2,guinée : manipulation de l’opinion publique sur les réalisations routières du président de transition,https://dubawa.org/guinee-manipulation-de-lopinion-publique-sur-les-realisations-routieres-du-president-de-transition/,4482|4,window,1,election:élection|vote|voter
2025,27/12/2025,Cote d'Ivoire,Parliamentary,26739,post,25/12/2025,25/12/2025,-2,présidentielle 2025 en guinée : l’ufr de sidya touré a-t-elle vraiment levé son mot d’ordre de boycott ?,https://dubawa.org/presidentielle-2025-en-guinee-lufr-de-sidya-toure-a-t-elle-vraiment-leve-son-mot-dordre-de-boycott/,4482|1571,window,2,body:abidjan; election:élection|vote|voter
2025,27/12/2025,Cote d'Ivoire,Parliamentary,26735,post,25/12/2025,25/12/2025,-2,"no evidence the presidency met with miyetti allah members, as x user claimed",https://dubawa.org/no-evidence-the-presidency-met-with-miyetti-allah-members-as-x-user-claimed/,1571|3812|3815|123,window,1,election:vote|presidential
2025,27/12/2025,Cote d'Ivoire,Parliamentary,26730,post,24/12/2025,24/12/2025,-3,sénégal : une publication accuse un chauffeur de l’ambassade de guinée d’avoir fabriqué de fausses cartes consulaires,https://dubawa.org/senegal-une-publication-accuse-un-chauffeur-de-lambassade-de-guinee-davoir-fabrique-de-fausses-cartes-consulaires/,4044|1571,window,1,election:élection
2025,27/12/2025,Cote d'Ivoire,Parliamentary,26722,post,24/12/2025,24/12/2025,-3,"guinée : le président de transition, mamadi doumbouya, apprendrait-il à lire?",https://dubawa.org/guinee-le-president-de-transition-mamadi-doumbouya-apprendrait-il-a-lire/,4482,window,1,election:élection
2025,27/12/2025,Cote d'Ivoire,Parliamentary,26719,post,24/12/2025,24/12/2025,-3,did ghana secure release of nigerian soldiers detained in burkina faso?,https://dubawa.org/did-ghana-secure-release-of-nigerian-soldiers-detained-in-burkina-faso/,1571|4|3812|3815|123,window,1,election:vote
2025,27/12/2025,Cote d'Ivoire,Parliamentary,26704,post,23/12/2025,01/01/2026,-4,misleading! us travel ban on sierra leone not permanent,https://dubawa.org/misleading-us-travel-ban-on-sierra-leone-not-permanent/,1571|3815|1268,window,1,election:presidential
2025,27/12/2025,Cote d'Ivoire,Parliamentary,26701,post,23/12/2025,23/12/2025,-4,false! cement prices have not decreased to d325 inthe gambia,https://dubawa.org/false-cement-prices-have-not-decreased-to-d325-inthe-gambia/,1571|3815|2815,window,1,body:cei
2025,27/12/2025,Cote d'Ivoire,Parliamentary,26675,post,22/12/2025,22/12/2025,-5,aucun nouveau coup d état n a eu lieu en guinée en décembre 2025,https://dubawa.org/aucun-nouveau-coup-detat-na-eu-lieu-en-guinee-en-decembre-2025/,4482,window,1,election:élection|vote
2025,27/12/2025,Cote d'Ivoire,Parliamentary,26667,post,22/12/2025,22/12/2025,-5,"false! kmc has constructed markets, roads, and educational facilities in 8 years",https://dubawa.org/false-kmc-has-constructed-markets-roads-and-educational-facilities-in-8-years/,1571|3815|2815,window,2,body:cei; election:election
2025,27/12/2025,Cote d'Ivoire,Parliamentary,26656,post,20/12/2025,20/12/2025,-7,benin foiled coup: can nigerian president deploy military to another country without the senate’s approval?,https://dubawa.org/benin-foiled-coup-can-nigerian-president-deploy-military-to-another-country-without-the-senates-approval/,1571|3812|3815,window,2,body:gbagbo; election:election|presidential|legislative
2025,27/12/2025,Cote d'Ivoire,Parliamentary,26636,post,19/12/2025,19/12/2025,-8,was ibrahim traore removed from power?,https://dubawa.org/was-ibrahim-traore-removed-from-power/,1571|3812|3815|123,window,2,body:cei; election:presidential
2025,27/12/2025,Cote d'Ivoire,Parliamentary,26633,post,19/12/2025,19/12/2025,-8,"viral message of planned muslim attack on ‘we are one’ crusade, recirculated",https://dubawa.org/viral-message-of-planned-muslim-attack-on-we-are-one-crusade-recirculated/,1571|3812|3815|123,window,1,body:cei
2025,27/12/2025,Cote d'Ivoire,Parliamentary,26613,post,17/12/2025,17/12/2025,-10,"l’opposant politique guinéen, cellou dalein diallo, a-t-il avoué une malversation à air guinée?",https://dubawa.org/lopposant-politique-guineen-cellou-dalein-diallo-a-t-il-avoue-une-malversation-a-air-guinee/,4482|1571,window,1,election:élection
2025,27/12/2025,Cote d'Ivoire,Parliamentary,26609,post,16/12/2025,16/12/2025,-11,did south african president call on nigeria to release nnamdi kanu?,https://dubawa.org/did-south-african-president-call-on-nigeria-to-release-nnamdi-kanu/,1571|3812|3815|16,window,1,body:cei
2025,27/12/2025,Cote d'Ivoire,Parliamentary,26595,post,15/12/2025,15/12/2025,-12,"l’ex président de la guinée, alpha condé, aurait-il soutenu un candidat à la présidentielle du 28 décembre 2025?",https://dubawa.org/lex-president-de-la-guinee-alpha-conde-aurait-il-soutenu-un-candidat-a-la-presidentielle-du-28-decembre-2025/,4482|1571,window,1,election:élection
2025,27/12/2025,Cote d'Ivoire,Parliamentary,26582,post,15/12/2025,15/12/2025,-12,did mcc drop 16 countries from benefiting from the 2026 compact?,https://dubawa.org/did-mcc-drop-16-countries-from-benefiting-from-the-2026-compact/,1960|1571|3812|3815,window,1,body:cei
2025,27/12/2025,Cote d'Ivoire,Parliamentary,26491,post,09/12/2025,09/12/2025,-18,how gambia’s most feared alleged jungler got arrested after 9 years,https://dubawa.org/how-gambias-most-feared-alleged-jungler-got-arrested-after-9-years/,123|1572|3815|2815,window,2,body:cei; election:election|candidate
2025,27/12/2025,Cote d'Ivoire,Parliamentary,26485,post,08/12/2025,08/12/2025,-19,"non, le président de transition de la guinée n a pas déclaré : « ceux qui ne croyaient pas en moi, vous avez compris je ne suis pas homme de parole »",https://dubawa.org/non-le-president-de-transition-de-la-guinee-na-pas-declare-ceux-qui-ne-croyaient-pas-en-moi-vous-avez-compris-je-ne-suis-pas-homme-de-parole/,4482|1571,window,1,election:élection
2025,27/12/2025,Cote d'Ivoire,Parliamentary,26480,post,08/12/2025,08/12/2025,-19,la transition bissau-guinéenne durera-t-elle trois ans après le putsch de novembre 2025?,https://dubawa.org/la-transition-bissau-guineenne-durera-t-elle-trois-ans-apres-le-putsch-de-novembre-2025/,1571|4270,window,1,election:élection|vote
2025,27/12/2025,Cote d'Ivoire,Parliamentary,26476,post,07/12/2025,07/12/2025,-20,round-up: banditry claims topped dubawa’s verification last week,https://dubawa.org/round-up-banditry-claims-topped-dubawas-verification-last-week/,1572|1571|3812|3815|123,window,1,body:cei
2025,27/12/2025,Cote d'Ivoire,Parliamentary,26461,post,05/12/2025,05/12/2025,-22,false! petroleum price increased under boakai’s administration,https://dubawa.org/false-petroleum-price-increased-under-boakais-administration/,1571|4|3815|1960,window,1,election:election|runoff
2025,27/12/2025,Cote d'Ivoire,Parliamentary,26449,post,05/12/2025,05/12/2025,-22,"does nigeria know its muslim, christian population?",https://dubawa.org/does-nigeria-know-its-muslim-christian-population/,1572|3812|3815|123,window,1,election:presidential
2025,27/12/2025,Cote d'Ivoire,Parliamentary,26407,post,03/12/2025,03/12/2025,-24,"false! cdc, unity party combined votes during 2023 elections, not 1.4 million",https://dubawa.org/false-cdc-unity-party-combined-votes-during-2023-elections-not-1-4-million/,1571|4|3815|1960,window,2,body:cei; election:election|vote|runoff
2025,27/12/2025,Cote d'Ivoire,Parliamentary,26267,post,30/11/2025,25/11/2025,-27,does bee venom eliminate breast cancer cells?,https://dubawa.org/does-bee-venom-eliminate-breast-cancer-cells/,1571|437|3812|121|3815,window,1,election:candidate
2025,27/12/2025,Cote d'Ivoire,Parliamentary,26374,post,29/11/2025,29/11/2025,-28,"false! ministry of agriculture’s draft 2026 budget, not $13 million",https://dubawa.org/false-ministry-of-agricultures-draft-2026-budget-not-13-million/,1960|120|3815,window,1,body:cei
2025,27/12/2025,Cote d'Ivoire,Parliamentary,26366,post,29/11/2025,29/11/2025,-28,false! governance commission 2026 budget is less than $3 million,https://dubawa.org/false-governance-commission-2026-budget-is-less-than-3-million/,1571|3815|1960,window,2,body:cei; election:candidate|presidential
2025,27/12/2025,Cote d'Ivoire,Parliamentary,26361,post,29/11/2025,29/11/2025,-28,misleading! electoral district 17 not most populous in liberia,https://dubawa.org/misleading-electoral-district-17-not-most-populous-in-liberia/,1571|5|3815|1960,window,1,election:election
2025,27/12/2025,Cote d'Ivoire,Parliamentary,26340,post,27/11/2025,28/11/2025,-30,dubawa wraps 2025 kwame karikari fellowship with award ceremony,https://dubawa.org/dubawa-wraps-2025-kwame-karikari-fellowship-with-award-ceremony/,1688|1571|3812|3815,window,1,body:ouattara
2025,27/12/2025,Cote d'Ivoire,Parliamentary,26335,post,27/11/2025,27/11/2025,-30,fabricated video alleges trump declared war on nigerian terrorists,https://dubawa.org/fabricated-video-alleges-trump-declared-war-on-nigerian-terrorists/,1571|437|3812|3815|16,window,1,body:cei
2025,27/12/2025,Cote d'Ivoire,Parliamentary,26306,post,25/11/2025,25/11/2025,-32,"non, l’homme politique guinéen alpha condé 2, n’est pas victime d’un ténia et ne souffre pas d’hémorroïdes aiguës",https://dubawa.org/non-lhomme-politique-guineen-alpha-conde-2-nest-pas-victime-dun-tenia-et-ne-souffre-pas-dhemorroides-aigues/,4482|1571,window,1,election:élection
2025,27/12/2025,Cote d'Ivoire,Parliamentary,26296,post,25/11/2025,25/11/2025,-32,la mère du nouveau maire de new york  zohran mamdani est-elle peule et originaire de la guinée ?,https://dubawa.org/la-mere-du-nouveau-maire-de-new-york-zohran-mamdani-est-elle-peule-et-originaire-de-la-guinee/,4482,window,1,election:élection
2025,27/12/2025,Cote d'Ivoire,Parliamentary,26291,post,25/11/2025,25/11/2025,-32,"non, aucun magistrat n’a été retiré des commissions régionales électorales bissau-guinéennes",https://dubawa.org/non-aucun-magistrat-na-ete-retire-des-commissions-regionales-electorales-bissau-guineennes/,1571|4270,window,1,election:élection|vote
2025,27/12/2025,Cote d'Ivoire,Parliamentary,26285,post,25/11/2025,25/11/2025,-32,budget for liberia national police in 2026 draft budget is not us$8 million,https://dubawa.org/budget-for-liberias-national-police-in-2026-draft-budget-is-not-us8-million/,120|1571|4|3812|3815|1960,window,1,body:cei
2025,27/12/2025,Cote d'Ivoire,Parliamentary,26279,post,25/11/2025,25/11/2025,-32,"claim 24,000 females living with hiv/aids in liberia, misleading",https://dubawa.org/claim-24000-females-living-with-hiv-aids-in-liberia-misleading/,1960|121|3815,window,1,body:cei
2025,27/12/2025,Cote d'Ivoire,Parliamentary,26264,post,25/11/2025,25/11/2025,-32,"viral video claiming bandits  invasion of nigeria, false",https://dubawa.org/viral-video-claiming-bandits-invasion-of-nigeria-false/,1571|437|3812|3815|119,window,1,election:presidential
2025,27/12/2025,Cote d'Ivoire,Parliamentary,26248,post,24/11/2025,24/11/2025,-33,"misleading! image of arrested suspect, not kaduna kidnapper",https://dubawa.org/misleading-image-of-arrested-suspect-not-kaduna-kidnapper/,437|1571|3812|3815|119,window,1,body:cei
2025,27/12/2025,Cote d'Ivoire,Parliamentary,26242,post,24/11/2025,24/11/2025,-33,"non, le vote anticipé en guinée-bissau ne se tient pas un jour avant le scrutin",https://dubawa.org/non-le-vote-anticipe-en-guinee-bissau-ne-se-tient-pas-un-jour-avant-le-scrutin/,4270|1571|16,window,1,election:élection|vote
2025,27/12/2025,Cote d'Ivoire,Parliamentary,26236,post,24/11/2025,24/11/2025,-33,bissau : une source opaque place fernando dias da costa en tête avec près de 70% des suffrages,https://dubawa.org/bissau-une-source-opaque-place-fernando-dias-da-costa-en-tete-avec-pres-de-70-des-suffrages/,4270|1571,window,1,election:election|élection|vote
2025,27/12/2025,Cote d'Ivoire,Parliamentary,26230,post,24/11/2025,24/11/2025,-33,comment sont proclamés les résultats électoraux en guinée-bissau ?,https://dubawa.org/comment-sont-proclames-les-resultats-electoraux-en-guinee-bissau/,4270|1572,window,1,election:élection|vote
2025,27/12/2025,Cote d'Ivoire,Parliamentary,26224,post,24/11/2025,24/11/2025,-33,guinée-bissau : une infographie non fiable annonce la victoire d’umaro sissoco embaló,https://dubawa.org/guinee-bissau-une-infographie-non-fiable-annonce-la-victoire-dumaro-sissoco-embalo/,4270|1571,window,1,election:élection|vote
2025,27/12/2025,Cote d'Ivoire,Parliamentary,26216,post,23/11/2025,23/11/2025,-34,"le soutien du paigc, vítor ‘’nado’’ mandinga, arrêté puis libéré environ trois heures plus tard, a pu voté",https://dubawa.org/le-soutien-du-paigc-vitor-nado-mandinga-arrete-puis-libere-environ-trois-heures-plus-tard-a-pu-vote/,1571|4270,window,1,election:élection|vote|voter
2025,27/12/2025,Cote d'Ivoire,Parliamentary,26202,post,23/11/2025,23/11/2025,-34,"non, le président du sénégal n’a pas adressé des félicitations au président embaló de la guinée-bissau avant le vote du 23 novembre 2025",https://dubawa.org/non-le-president-du-senegal-na-pas-adresse-des-felicitations-au-president-embalo-de-la-guinee-bissau-avant-le-vote-du-23-novembre-2025/,4270|1571,window,1,election:élection|vote
2025,27/12/2025,Cote d'Ivoire,Parliamentary,26198,post,23/11/2025,23/11/2025,-34,de faux procès-verbaux attribués au vote anticipé des militaires de bolama circulent sur facebook,https://dubawa.org/de-faux-proces-verbaux-attribues-au-vote-anticipe-des-militaires-de-bolama-circulent-sur-facebook/,1571|4270,window,1,election:élection|vote
2025,27/12/2025,Cote d'Ivoire,Parliamentary,26191,post,23/11/2025,23/11/2025,-34,vote anticipé des militaires et policiers bissau-guinéens : la prétendue victoire de fernando dias est infondée,https://dubawa.org/vote-anticipe-des-militaires-et-policiers-bissau-guineens-la-pretendue-victoire-de-fernando-dias-est-infondee/,4270|1571|16,window,1,election:élection|vote
2025,27/12/2025,Cote d'Ivoire,Parliamentary,26166,post,22/11/2025,22/11/2025,-35,transport urbain : malinformation sur la gratuité du ticket en pleine campagne électorale en guinée-bissau,https://dubawa.org/transport-urbain-malinformation-sur-la-gratuite-du-ticket-en-pleine-campagne-electorale-en-guinee-bissau/,1571|4270|16,window,1,election:élection|vote
2025,27/12/2025,Cote d'Ivoire,Parliamentary,26162,post,22/11/2025,22/11/2025,-35,guinée-bissau : comment la diversité ethnique redevient un enjeu sensible des élections couplées,https://dubawa.org/guinee-bissau-comment-la-diversite-ethnique-redevient-un-enjeu-sensible-des-elections-couplees/,4270|1572,window,1,election:election|élection
2025,27/12/2025,Cote d'Ivoire,Parliamentary,26128,post,22/11/2025,21/11/2025,-35,flight delays and cancellations in nigeria: what are your legal rights as passengers?,https://dubawa.org/flight-delays-and-cancellations-in-nigeria-what-are-your-legal-rights-as-passengers/,1572|3812|3815,window,1,body:cei
2025,27/12/2025,Cote d'Ivoire,Parliamentary,26157,post,22/11/2025,22/11/2025,-35,guinée-bissau : une vidéo accuse le proviseur d’un lycée d’envoyer des élèves à un meeting politique,https://dubawa.org/guinee-bissau-une-video-accuse-le-proviseur-dun-lycee-denvoyer-des-eleves-a-un-meeting-politique/,4270|1571|16,window,1,body:cei
2025,27/12/2025,Cote d'Ivoire,Parliamentary,26154,post,22/11/2025,22/11/2025,-35,élections couplées en guinée-bissau : la désinformation mine la campagne électorale,https://dubawa.org/elections-couplees-en-guinee-bissau-la-desinformation-mine-la-campagne-electorale/,1572|4270,window,1,election:election|élection|vote
2025,27/12/2025,Cote d'Ivoire,Parliamentary,26149,post,22/11/2025,22/11/2025,-35,bissau: l’assassinat de nino vieira et de tagme na waié ressurgit et nourrit des propos hostiles,https://dubawa.org/bissau-lassassinat-de-nino-vieira-et-de-tagme-na-waie-ressurgit-et-nourrit-des-propos-hostiles/,1571|4270|16,window,1,election:élection
2025,27/12/2025,Cote d'Ivoire,Parliamentary,26139,post,21/11/2025,21/11/2025,-36,fact-checking en période électorale : des journalistes des différentes régions de la guinée-bissau bénéficient d’une formation de wanep et du cjid,https://dubawa.org/fact-checking-en-periode-electorale-des-journalistes-des-differentes-regions-de-la-guinee-bissau-beneficient-dune-formation-de-wanep-et-du-cjid/,4270|1571,window,1,election:élection
2025,27/12/2025,Cote d'Ivoire,Parliamentary,26101,post,21/11/2025,21/11/2025,-36,false! president boakai did not denounce cameroon’s election as “fraudulent mockery”,https://dubawa.org/false-president-boakai-did-not-denounce-cameroons-election-as-fraudulent-mockery/,1960|3815|16,window,1,election:election|vote|presidential
2025,27/12/2025,Cote d'Ivoire,Parliamentary,26079,post,21/11/2025,21/11/2025,-36,has montserrado county senator saah joseph ever presented a legislative bill?,https://dubawa.org/has-montserrado-county-senator-saah-joseph-ever-presented-a-legislative-bill/,123|3815|1960,window,1,election:legislative
2025,27/12/2025,Cote d'Ivoire,Parliamentary,26051,post,19/11/2025,19/11/2025,-38,élections en guinée-bissau : un faux sondage crédite 69% d’intention de vote à fernando dias da costa,https://dubawa.org/elections-en-guinee-bissau-un-faux-sondage-credite-69-dintention-de-vote-a-fernando-dias-da-costa/,1571|4270|16,window,1,election:election|élection|vote
2025,27/12/2025,Cote d'Ivoire,Parliamentary,26042,post,19/11/2025,21/11/2025,-38,false! national port authority does not owe employees benefits,https://dubawa.org/false-national-port-authority-does-not-owe-employees-benefits/,1571|3815|1960,window,1,body:cei
2025,27/12/2025,Cote d'Ivoire,Parliamentary,26034,post,19/11/2025,19/11/2025,-38,misleading: diaspora does not contribute $1bn in annual remittances to gambia’s economy,https://dubawa.org/misleading-diaspora-does-not-contribute-1bn-in-annual-remittances-to-gambias-economy/,1571|120|4|3812|3815|2815,window,1,body:cei
2025,27/12/2025,Cote d'Ivoire,Parliamentary,26029,post,18/11/2025,18/11/2025,-39,"organisation des élections en guinée-bissau : rôles, structures et responsabilités",https://dubawa.org/organisation-des-elections-en-guinee-bissau-roles-structures-et-responsabilites/,1572|4270,window,1,election:election|élection
2025,27/12/2025,Cote d'Ivoire,Parliamentary,26024,post,18/11/2025,18/11/2025,-39,"non, joão bernardo vieira n’a pas promis 65 000 fcfa par mois (environ 99 euros) à tous les bissau-guinéens",https://dubawa.org/non-joao-bernardo-vieira-na-pas-promis-65-000-fcfa-par-mois-environ-99-euros-a-tous-les-bissau-guineens/,1571|4270|16,window,1,election:élection|vote|voter
2025,27/12/2025,Cote d'Ivoire,Parliamentary,26018,post,18/11/2025,18/11/2025,-39,false! ministry of finance has not recalled 2026 draft budget,https://dubawa.org/false-ministry-of-finance-has-not-recalled-2026-draft-budget/,1571|3815|1960,window,1,election:vote|legislative
2025,27/12/2025,Cote d'Ivoire,Parliamentary,26011,post,18/11/2025,18/11/2025,-39,did french foreign affairs minister deny government’s awareness of president boakai’s visit?,https://dubawa.org/did-french-foreign-affairs-minister-deny-governments-awareness-of-president-boakais-visit/,1571|3815|1960,window,1,body:cei
2025,27/12/2025,Cote d'Ivoire,Parliamentary,25994,post,17/11/2025,17/11/2025,-40,"non, la guinée-bissau ne compte pas 860 000 électeurs inscrits",https://dubawa.org/non-la-guinee-bissau-ne-compte-pas-860-000-electeurs-inscrits/,4270,window,1,election:élection|vote|voter
2025,27/12/2025,Cote d'Ivoire,Parliamentary,25981,post,17/11/2025,17/11/2025,-40,"x user’s video of tinubu dismissing trump’s threat, ai-generated",https://dubawa.org/x-users-video-of-tinubu-dismissing-trumps-threat-ai-generated/,1571|3812|3815|16,window,1,election:vote
2025,27/12/2025,Cote d'Ivoire,Parliamentary,25967,post,16/11/2025,01/12/2025,-41,did trump call for muslim ban in us?,https://dubawa.org/did-trump-call-for-muslim-ban-in-us/,1571|3812|3815|16,window,1,election:candidate|presidential
2025,27/12/2025,Cote d'Ivoire,Parliamentary,25964,post,16/11/2025,16/11/2025,-41,wike: are nigerian military officers allowed to weigh in on civilian affairs?,https://dubawa.org/wike-are-nigerian-military-officers-allowed-to-weigh-in-on-civilian-affairs/,1572|3812|3815|16,window,1,election:election|legislative
2025,27/12/2025,Cote d'Ivoire,Parliamentary,30311,post,13/07/2026,14/07/2026,198,"inondation en côte d’ivoire, le ministre de la communication et porte-parole du gouvernement victime de désinformation",https://dubawa.org/inondation-en-cote-divoire-le-de-la-communication-et-porte-parole-du-gouvernement-victime-de-desinformation/,4269,category-only,4,category:4269; body:abidjan
2025,27/12/2025,Cote d'Ivoire,Parliamentary,29396,post,30/05/2026,30/05/2026,154,côte d’ivoire : le guide de la communauté musulmane de n’a pas été enlevé,https://dubawa.org/cote-divoire-le-guide-de-la-communaute-musulmane-de-na-pas-ete-enleve/,4269,category-only,4,category:4269; body:ouattara
2025,27/12/2025,Cote d'Ivoire,Parliamentary,29389,post,30/05/2026,30/05/2026,154,un train japonais présenté comme circulant en côte d’ivoire,https://dubawa.org/un-train-japonais-presente-comme-circulant-en-cote-divoire/,4269,category-only,4,category:4269; body:abidjan
2025,27/12/2025,Cote d'Ivoire,Parliamentary,29204,post,20/05/2026,20/05/2026,144,côte d’ivoire : des affrontements auraient-ils opposé des mercenaires français à des groupes terroristes ?,https://dubawa.org/cote-divoire-des-affrontements-auraient-ils-oppose-des-mercenaires-francais-a-des-groupes-terroristes/,4269,category-only,3,category:4269
2025,27/12/2025,Cote d'Ivoire,Parliamentary,29186,post,19/05/2026,08/06/2026,143,le togo et la côte d’ivoire ont-ils demandé l’intervention de la cedeao au mali?,https://dubawa.org/le-togo-et-la-cote-divoire-ont-ils-demande-lintervention-de-la-cedeao-au-mali/,4269,category-only,4,category:4269; body:ouattara
2025,27/12/2025,Cote d'Ivoire,Parliamentary,29150,post,18/05/2026,18/05/2026,142,des avions militaires présentés comme un nouvel achat de la côte d’ivoire,https://dubawa.org/des-avions-militaires-presentes-comme-un-nouvel-achat-de-la-cote-divoire/,4269,category-only,3,category:4269
2025,27/12/2025,Cote d'Ivoire,Parliamentary,28159,post,12/03/2026,12/03/2026,75,des images montées pour faire croire à une attaque de bases militaires américaines en côte d’ivoire,https://dubawa.org/des-images-montees-pour-faire-croire-a-une-attaque-de-bases-militaires-americaines-en-cote-divoire/,4269,category-only,3,category:4269
2025,27/12/2025,Cote d'Ivoire,Parliamentary,28030,post,03/03/2026,03/03/2026,66,fausse rumeur concernant le décès de l’ex-président ivoirien laurent gbagbo,https://dubawa.org/fausse-rumeur-concernant-le-deces-de-lex-president-ivoirien-laurent-gbagbo/,4269,category-only,7,category:4269; body:ouattara; body:rhdp; title:gbagbo
2025,27/12/2025,Cote d'Ivoire,Parliamentary,27964,post,26/02/2026,26/02/2026,61,"l’ancien président de l’assemblée nationale ivoirienne, adama bictogo, n’a pas été enlevé",https://dubawa.org/lancien-president-de-lassemblee-nationale-ivoirienne-na-pas-ete-enleve/,4269,category-only,4,category:4269; election:élection
2025,27/12/2025,Cote d'Ivoire,Parliamentary,27739,post,16/02/2026,16/02/2026,51,fausse rumeur relative au décès du président de la république ivoirienne,https://dubawa.org/fausse-rumeur-relative-au-deces-du-president-de-la-republique-ivoirienne/,4269,category-only,4,category:4269; body:ouattara
2025,27/12/2025,Cote d'Ivoire,Parliamentary,27657,post,09/02/2026,16/02/2026,44,qualité du riz produit en côte d’ivoire : une publication accuse à tort le créateur de contenu josiasse assemon,https://dubawa.org/qualite-du-riz-produit-en-cote-divoire-une-publication-accuse-a-tort-le-createur-de-contenu-josiasse-assemon/,4269,category-only,4,category:4269; body:rhdp
2025,27/12/2025,Cote d'Ivoire,Parliamentary,25674,post,06/11/2025,06/11/2025,-51,des élèves d’une école islamique auraient-ils chanté les prouesses d’alassane ouattara ?,https://dubawa.org/des-eleves-dune-ecole-islamique-auraient-ils-chante-les-prouesses-dalassane-ouattara/,4269|1571,category-only,6,category:4269; body:abidjan; title:ouattara
2025,27/12/2025,Cote d'Ivoire,Parliamentary,25583,post,02/11/2025,04/11/2025,-55,"le secrétaire général du ppa-ci, parti fondé par laurent gbagbo, n’est pas démissionnaire",https://dubawa.org/le-secretaire-general-du-ppa-ci-parti-fonde-par-laurent-gbagbo-nest-pas-demissionnaire/,4269|1571|16,category-only,6,category:4269; body:rhdp; title:gbagbo
2025,27/12/2025,Cote d'Ivoire,Parliamentary,25567,post,02/11/2025,02/11/2025,-55,l’intelligence artificielle utilisée en soutien à un leader politique ivoirien,https://dubawa.org/lintelligence-artificielle-utilisee-en-soutien-a-un-leader-politique-ivoirien/,4269|1571,category-only,5,category:4269; body:ouattara; body:gbagbo
2025,27/12/2025,Cote d'Ivoire,Parliamentary,25487,post,28/10/2025,28/10/2025,-60,mésinformation relative aux résultats de la présidentielle ivoirienne 2025,https://dubawa.org/mesinformation-relative-aux-resultats-de-la-presidentielle-ivoirienne-2025/,4269|1571|16,category-only,5,category:4269; body:ouattara; body:cei
2025,27/12/2025,Cote d'Ivoire,Parliamentary,25427,post,26/10/2025,26/10/2025,-62,côte d’ivoire : la présidente du sénat victime de désinformation,https://dubawa.org/cote-divoire-la-presidente-du-senat-victime-de-desinformation/,4269|1571|16,category-only,5,category:4269; body:ouattara; body:rhdp
2025,27/12/2025,Cote d'Ivoire,Parliamentary,25423,post,26/10/2025,26/10/2025,-62,une vidéo sortie de son contexte pour jeter le doute sur la transparence du vote en côte d’ivoire,https://dubawa.org/une-video-sortie-de-son-contexte-pour-jeter-le-doute-sur-la-transparence-du-vote-en-cote-divoire/,4269|1571|16,category-only,4,category:4269; election:élection|vote
2025,27/12/2025,Cote d'Ivoire,Parliamentary,25411,post,25/10/2025,25/10/2025,-63,aucun civil n’a été tué entre dabou et grand lahou,https://dubawa.org/aucun-civil-na-ete-tue-entre-dabou-et-grand-lahou/,4269|1571,category-only,3,category:4269
2025,27/12/2025,Cote d'Ivoire,Parliamentary,25384,post,25/10/2025,25/10/2025,-63,aucune caméra de surveillance publique n’a été détruite en côte d’ivoire,https://dubawa.org/aucune-camera-de-surveillance-publique-na-ete-detruite-en-cote-divoire/,4269|1571|16,category-only,5,category:4269; body:rhdp; body:gbagbo
2025,27/12/2025,Cote d'Ivoire,Parliamentary,25379,post,25/10/2025,25/10/2025,-63,aucun incident ayant conduit à des décès ne s’est produit à la présidence de la république ivoirienne,https://dubawa.org/aucun-incident-ayant-conduit-a-des-deces-ne-sest-produit-a-la-presidence-de-la-republique-ivoirienne/,4269|1571|16,category-only,4,category:4269; body:ouattara
2025,27/12/2025,Cote d'Ivoire,Parliamentary,25363,post,25/10/2025,25/10/2025,-63,faux : le ministre kobenan kouassi adjoumani n’a jamais déclaré son attachement à guillaume soro,https://dubawa.org/faux-le-ministre-kobenan-kouassi-adjoumani-na-jamais-declare-son-attachement-a-guillaume-soro/,4269|1571|16,category-only,5,category:4269; body:ouattara; body:rhdp
2025,27/12/2025,Cote d'Ivoire,Parliamentary,25356,post,24/10/2025,24/10/2025,-64,côte d’ivoire : ces photos ne montrent pas l’axe dimbokro–bocanda,https://dubawa.org/cote-divoire-ces-photos-ne-montrent-pas-laxe-dimbokro-bocanda/,4269|5|1571,category-only,3,category:4269
2025,27/12/2025,Cote d'Ivoire,Parliamentary,25332,post,24/10/2025,24/10/2025,-64,faux : le péage d’attingué en côte d’ivoire n’a pas été incendié par des manifestants,https://dubawa.org/faux-le-peage-dattingue-en-cote-divoire-na-pas-ete-incendie-par-des-manifestants/,4269|1571|16,category-only,5,category:4269; body:abidjan; body:ouattara
2025,27/12/2025,Cote d'Ivoire,Parliamentary,25321,post,24/10/2025,24/10/2025,-64,"non, le directeur général adjoint de la police scientifique ivoirienne n’a pas été assassiné",https://dubawa.org/non-le-directeur-general-adjoint-de-la-police-scientifique-ivoirienne-na-pas-ete-assassine/,4269|1571|16,category-only,8,category:4269; body:abidjan; body:ouattara; body:rhdp; body:gbagbo; body:tidjane thiam
2025,27/12/2025,Cote d'Ivoire,Parliamentary,25295,post,24/10/2025,24/10/2025,-64,des images sorties de leur contexte font croire à une révolution en côte d’ivoire,https://dubawa.org/des-images-sorties-de-leur-contexte-font-croire-a-une-revolution-en-cote-divoire/,4269|1571|16,category-only,5,category:4269; body:ouattara; body:cei
2025,27/12/2025,Cote d'Ivoire,Parliamentary,25277,post,24/10/2025,24/10/2025,-64,l’accès internet est-il interrompu en côte d’ivoire avant la présidentielle du 25 octobre ?,https://dubawa.org/lacces-internet-est-il-interrompu-en-cote-divoire-avant-la-presidentielle-du-25-octobre/,4269|1571|16,category-only,5,category:4269; body:abidjan; body:ouattara
2025,27/12/2025,Cote d'Ivoire,Parliamentary,25166,post,21/10/2025,21/10/2025,-67,fausse information sur un supposé incendie d’une résidence du chef d’état-major de l’armée de terre ivoirienne,https://dubawa.org/fausse-information-sur-un-suppose-incendie-dune-residence-du-chef-detat-major-de-larmee-de-terre-ivoirienne/,4269|1571,category-only,6,category:4269; body:abidjan; body:ouattara; body:gbagbo
2025,27/12/2025,Cote d'Ivoire,Parliamentary,24033,post,20/08/2025,20/08/2025,-129,côte d’ivoire : une vidéo manipulée prête à emmanuel macron des propos hostiles aux ivoiriens,https://dubawa.org/cote-divoire-une-video-manipulee-prete-a-emmanuel-macron-des-propos-hostiles-aux-ivoiriens/,4269,category-only,4,category:4269; body:ouattara
2025,27/12/2025,Cote d'Ivoire,Parliamentary,23314,post,24/06/2025,24/06/2025,-186,burkina faso : une vidéo présentée comme une manifestation à ouagadougou après une tentative de coup d’état est sortie de son contexte,https://dubawa.org/burkina-faso-une-video-presentee-comme-une-manifestation-a-ouagadougou-apres-une-tentative-de-coup-detat-est-sortie-de-son-contexte/,4269,category-only,4,category:4269; election:poll
2025,27/12/2025,Cote d'Ivoire,Parliamentary,23210,post,17/06/2025,17/06/2025,-193,"faux, cette image ne montre pas l’arrivée de familles burkinabè en côte d’ivoire",https://dubawa.org/faux-cette-image-ne-montre-pas-larrivee-de-familles-burkinabe-en-cote-divoire/,4269,category-only,3,category:4269
2025,27/12/2025,Cote d'Ivoire,Parliamentary,23115,post,11/06/2025,11/06/2025,-199,"aucune évasion de terroristes n’a été signalée à la brigade de gendarmerie de téhini, dans le nord-est ivoirien",https://dubawa.org/aucune-evasion-de-terroristes-na-ete-signalee-a-la-brigade-de-gendarmerie-de-tehini-dans-le-nord-est-ivoirien/,4269,category-only,4,category:4269; body:ouattara
2025,27/12/2025,Cote d'Ivoire,Parliamentary,23017,post,04/06/2025,04/06/2025,-206,maroc   espagne : les chiffres évoquant la mort de 700 migrants dans l’enclave espagnole de melilla ne sont pas exacts,https://dubawa.org/maroc-espagne-les-chiffres-evoquant-la-mort-de-700-migrants-dans-lenclave-espagnole-de-melilla-ne-sont-pas-exacts/,4269,category-only,3,category:4269
2025,27/12/2025,Cote d'Ivoire,Parliamentary,22897,post,26/05/2025,26/05/2025,-215,"non, cette image ne montre pas des légionnaires français entrainés en côte d ivoire",https://dubawa.org/non-cette-image-ne-montre-pas-des-legionnaires-francais-entraines-en-cote-divoire/,4269,category-only,4,category:4269; body:abidjan
2025,27/12/2025,Cote d'Ivoire,Parliamentary,22822,post,22/05/2025,22/05/2025,-219,"éducation nationale ivoirienne : les chiffres avancés par donatien robé, candidat déclaré à la présidentielle, sont-ils exacts ?",https://dubawa.org/education-nationale-ivoirienne-les-chiffres-avances-par-donatien-robe-candidat-declare-a-la-presidentielle-sont-ils-exacts/,4269,category-only,4,category:4269; election:élection
2025,27/12/2025,Cote d'Ivoire,Parliamentary,22805,post,21/05/2025,21/05/2025,-220,"le général ivoirien, lassina doumbia, n’est pas mort et son véhicule n’a pas été attaqué",https://dubawa.org/le-general-ivoirien-lassina-doumbia-nest-pas-mort-et-son-vehicule-na-pas-ete-attaque/,4269,category-only,5,category:4269; body:abidjan; body:ouattara
2025,27/12/2025,Cote d'Ivoire,Parliamentary,22541,post,03/05/2025,03/05/2025,-238,"faux, le mali n’a jamais acquis d’avions de chasse russes su-35",https://dubawa.org/faux-le-mali-na-jamais-acquis-davions-de-chasse-russes-su-35/,4269,category-only,3,category:4269
2025,27/12/2025,Cote d'Ivoire,Parliamentary,22378,post,21/04/2025,21/04/2025,-250,les propos anti-français attribués au président ghanéen sont faux,https://dubawa.org/les-propos-anti-francais-attribues-au-president-ghaneen-sont-faux/,4269,category-only,4,category:4269; election:élection
2025,27/12/2025,Cote d'Ivoire,Parliamentary,21983,post,20/03/2025,20/03/2025,-282,la commission électorale indépendante ivoirienne cible d’une fausse annonce,https://dubawa.org/la-commission-electorale-independante-ivoirienne-cible-dune-fausse-annonce/,123|4269,category-only,4,category:4269; body:cei
2025,27/12/2025,Cote d'Ivoire,Parliamentary,21707,post,21/02/2025,21/02/2025,-309,côte d’ivoire : une opération spéciale gratuite permet-elle de déclarer des naissances à tout âge ?,https://dubawa.org/cote-divoire-une-operation-speciale-gratuite-permet-elle-de-declarer-des-naissances-a-tout-age/,4269,category-only,3,category:4269
2025,27/12/2025,Cote d'Ivoire,Parliamentary,21576,post,12/02/2025,12/02/2025,-318,fausse vente aux enchères impliquant les douanes ivoiriennes,https://dubawa.org/fausse-vente-aux-encheres-impliquant-les-douanes-ivoiriennes/,4269,category-only,3,category:4269
2025,27/12/2025,Cote d'Ivoire,Parliamentary,21317,post,20/01/2025,20/01/2025,-341,fermeture de la base militaire française de port-bouët en côte d ivoire : retrait total ou réorganisation ?,https://dubawa.org/fermeture-de-la-base-militaire-francaise-de-port-bouet-en-cote-divoire-retrait-total-ou-reorganisation/,123|4269,category-only,5,category:4269; body:abidjan; body:ouattara
2025,27/12/2025,Cote d'Ivoire,Parliamentary,21295,post,16/01/2025,16/01/2025,-345,des contrevérités secouent le secteur du cacao en côte d’ivoire,https://dubawa.org/des-contreverites-secouent-le-secteur-du-cacao-en-cote-divoire/,4269,category-only,5,category:4269; body:abidjan; body:ouattara
2025,27/12/2025,Cote d'Ivoire,Parliamentary,21044,post,17/12/2024,17/12/2024,-375,le ministère ivoirien des finances et du budget a-t-il lancé un programme d investissement avec des rendements garantis en 2h30 ?,https://dubawa.org/le-ministere-ivoirien-des-finances-et-du-budget-a-t-il-lance-un-programme-dinvestissement-avec-des-rendements-garantis-en-2h30/,4269,category-only,3,category:4269
2025,27/12/2025,Cote d'Ivoire,Parliamentary,20675,post,08/11/2024,08/11/2024,-414,"non, le président ivoirien alassane ouattara n’a pas été nommé au conseil d’administration du fmi",https://dubawa.org/non-le-president-ivoirien-alassane-ouattara-na-pas-ete-nomme-au-conseil-dadministration-du-fmi/,4269,category-only,5,category:4269; title:ouattara
2025,27/12/2025,Cote d'Ivoire,Parliamentary,20664,post,06/11/2024,06/11/2024,-416,stratégie de désinformation contre la côte d ivoire ?,https://dubawa.org/strategie-de-desinformation-contre-la-cote-divoire/,4269,category-only,3,category:4269
2025,28/12/2025,Guinea,Presidential,27439,post,24/01/2026,23/01/2026,27,"applying perfume on your neck does not alter thyroid function, as claimed",https://dubawa.org/applying-perfume-on-your-neck-does-not-alter-thyroid-function-as-claimed/,1571|3812|121|3815,window,1,election:poll
2025,28/12/2025,Guinea,Presidential,27406,post,21/01/2026,25/01/2026,24,did us lawmaker propose nigeria’s division as solution to  christian genocide?,https://dubawa.org/did-us-lawmaker-propose-nigerias-division-as-solution-to-christian-genocide/,1571|3812|3815|123,window,1,election:parliament
2025,28/12/2025,Guinea,Presidential,27395,post,21/01/2026,21/01/2026,24,false! no nigerian agency warned of “extreme air pollution” during harmattan,https://dubawa.org/false-no-nigerian-agency-warned-of-extreme-air-pollution-during-harmattan/,1571|3812|121|3815,window,1,election:poll
2025,28/12/2025,Guinea,Presidential,27370,post,20/01/2026,21/01/2026,23,did kwankwaso say he would agree to be peter obi’s running mate?,https://dubawa.org/did-kwankwaso-say-he-would-agree-to-be-peter-obis-running-mate/,1571|437|3812|3815,window,1,election:election|candidate|presidential
2025,28/12/2025,Guinea,Presidential,27353,post,20/01/2026,20/01/2026,23,"claim greenland parliament bans trump, misleading",https://dubawa.org/claim-greenland-parliament-bans-trump-misleading/,1571|437|3812|3815|123,window,1,election:parliament|legislative
2025,28/12/2025,Guinea,Presidential,27344,post,19/01/2026,19/01/2026,22,"facebook video allegedly showing uganda post-election protest, not recent",https://dubawa.org/facebook-video-allegedly-showing-uganda-post-election-protest-not-recent/,1571|437|3812|3815|123,window,1,election:election|vote
2025,28/12/2025,Guinea,Presidential,27332,post,17/01/2026,17/01/2026,20,le sénégal ne perd-il jamais quand sadio mané marque ?,https://dubawa.org/le-senegal-ne-perd-il-jamais-quand-sadio-mane-marque/,4044|1571,window,1,election:élection
2025,28/12/2025,Guinea,Presidential,27305,post,15/01/2026,15/01/2026,18,"claim over 16,000 people cancelled fifa world cup 26™ tickets because of trump, false",https://dubawa.org/claim-over-16000-people-cancelled-fifa-world-cup-26-tickets-because-of-trump-false/,1571|3812|3815|123,window,1,election:election
2025,28/12/2025,Guinea,Presidential,27288,post,14/01/2026,14/01/2026,17,"elections au bénin : non, ce n’est pas la cour suprême qui donne les résultats définitifs pour les communales",https://dubawa.org/elections-au-benin-non-ce-nest-pas-la-cour-supreme-qui-donne-les-resultats-definitifs-pour-les-communales/,4519|1571,window,1,election:election|élection
2025,28/12/2025,Guinea,Presidential,27272,post,13/01/2026,13/01/2026,16,new irregular migration trends in the gambia fuel tragic loss of lives,https://dubawa.org/new-irregular-migration-trends-in-the-gambia-fuel-tragic-loss-of-lives/,1572|3815|2815,window,2,body:guinea; body:conakry
2025,28/12/2025,Guinea,Presidential,27249,post,12/01/2026,12/01/2026,15,la supposée victoire nationale de ld aux élections législatives au bénin ne repose sur aucune donnée officielle,https://dubawa.org/la-supposee-victoire-nationale-de-ld-aux-elections-legislatives-au-benin-ne-repose-sur-aucune-donnee-officielle/,4519|1571,window,1,election:election|élection|vote
2025,28/12/2025,Guinea,Presidential,27244,post,12/01/2026,12/01/2026,15,de prétendus “résultats généraux” des législatives et municipales du bénin diffusés sur facebook,https://dubawa.org/de-pretendus-resultats-generaux-des-legislatives-et-municipales-du-benin-diffuses-sur-facebook/,4519|1571,window,1,election:élection|vote|legislative
2025,28/12/2025,Guinea,Presidential,27240,post,12/01/2026,12/01/2026,15,elections communales 2026 au bénin : aucune preuve que l’upr a remporté  2 sièges à ouèdo,https://dubawa.org/elections-communales-2026-au-benin-aucune-preuve-que-lupr-a-remporte-2-sieges-a-ouedo/,4519|1571,window,1,election:election|élection|vote
2025,28/12/2025,Guinea,Presidential,27228,post,12/01/2026,12/01/2026,15,déroulement du vote des législatives et municipales du 11 janvier 2026 au bénin,https://dubawa.org/deroulement-du-vote-des-legislatives-et-municipales-du-11-janvier-2026-au-benin/,4519|1572,window,1,election:élection|vote|legislative
2025,28/12/2025,Guinea,Presidential,27216,post,11/01/2026,11/01/2026,14,bénin : des retards d’ouverture de postes de vote signalés lors des législatives et municipales,https://dubawa.org/benin-des-retards-douverture-de-postes-de-vote-signales-lors-des-legislatives-et-municipales/,4519|1571,window,1,election:élection|vote|legislative
2025,28/12/2025,Guinea,Presidential,27209,post,11/01/2026,11/01/2026,14,bénin : un faux taux de participation mis en exergue dans le commentaire d’un internaute,https://dubawa.org/benin-un-faux-taux-de-participation-mis-en-exergue-dans-le-commentaire-dun-internaute/,4519|1571,window,1,election:élection|vote
2025,28/12/2025,Guinea,Presidential,27206,post,11/01/2026,11/01/2026,14,"anthony joshua’s alleged retirement, other top claims fact-checked this week",https://dubawa.org/anthony-joshuas-alleged-retirement-other-top-claims-fact-checked-this-week/,435|1572|4|3812|3815,window,1,election:parliament
2025,28/12/2025,Guinea,Presidential,27201,post,11/01/2026,11/01/2026,14,infox : le coût et la taille de l’ambassade américaine à dakar largement exagérés,https://dubawa.org/infox-le-cout-et-la-taille-de-lambassade-americaine-a-dakar-largement-exageres/,4044|1571,window,1,body:guinée
2025,28/12/2025,Guinea,Presidential,27195,post,11/01/2026,11/01/2026,14,bénin : les frontières terrestres restent ouvertes le jour de vote suite à la modification de la décision du gouvernement,https://dubawa.org/benin-les-frontieres-terrestres-restent-ouvertes-le-jour-de-vote-suite-a-la-modification-de-la-decision-du-gouvernement/,4519|1571,window,1,election:élection|vote|voter
2025,28/12/2025,Guinea,Presidential,27186,post,10/01/2026,10/01/2026,13,absence d’engouement pour les élections législatives et communales au bénin,https://dubawa.org/absence-dengouement-pour-les-elections-legislatives-et-communales-au-benin/,4519|1572,window,1,election:election|élection|vote
2025,28/12/2025,Guinea,Presidential,27180,post,10/01/2026,10/01/2026,13,bénin : le recrutement de 89 686 agents électoraux par la cena fait-il chuter le taux de chômage à 0 % ?,https://dubawa.org/benin-le-recrutement-de-89-686-agents-electoraux-par-la-cena-fait-il-chuter-le-taux-de-chomage-a-0/,4519|1571,window,1,election:élection|vote
2025,28/12/2025,Guinea,Presidential,27168,post,10/01/2026,11/01/2026,13,une vidéo fait croire à une manifestation pour le départ du président du bénin,https://dubawa.org/une-video-fait-croire-a-une-manifestation-pour-le-depart-du-president-du-benin/,1571|4519,window,1,election:élection
2025,28/12/2025,Guinea,Presidential,27149,post,08/01/2026,08/01/2026,11,false! norwegian government doesn’t award nobel peace prize as trump claimed,https://dubawa.org/false-norwegian-government-doesnt-award-nobel-peace-prize-as-trump-claimed/,1571|3812|3815|123|16,window,1,election:election|vote|candidate
2025,28/12/2025,Guinea,Presidential,27144,post,08/01/2026,08/01/2026,11,false! nigeria has not imposed travel ban on us nationals,https://dubawa.org/false-nigeria-has-not-imposed-travel-ban-on-us-nationals/,1571|3812|3815|123,window,1,election:presidential
2025,28/12/2025,Guinea,Presidential,27126,post,07/01/2026,07/01/2026,10,2025: four ridiculous claims on coups in west africa,https://dubawa.org/2025-four-ridiculous-claims-on-coups-in-west-africa/,1572|3812|3815,window,2,body:guinea; election:election
2025,28/12/2025,Guinea,Presidential,27123,post,07/01/2026,07/01/2026,10,ibrahim traore: seven claims about burkina faso leader we fact-cheched in 2025,https://dubawa.org/ibrahim-traore-seven-claims-about-burkina-faso-leader-we-fact-cheched-in-2025/,1572|3812|3815,window,1,election:candidate|presidential|legislative
2025,28/12/2025,Guinea,Presidential,27088,post,06/01/2026,06/01/2026,9,da’awa hudu masu sarkakiya game da juyin  mulki a afurka ta yamma a 2025,https://dubawa.org/daawa-hudu-masu-sarkakiya-game-da-juyin-mulki-a-afurka-ta-yamma-a-2025/,3137|2451,window,1,body:guinea
2025,28/12/2025,Guinea,Presidential,27084,post,05/01/2026,05/01/2026,8,misleading! waec clarifies the status of k-school 2025 wassce result,https://dubawa.org/misleading-waec-clarifies-the-status-of-k-school-2025-wassce-result/,1571|3815|1268,window,1,election:candidate
2025,28/12/2025,Guinea,Presidential,27000,post,05/01/2026,31/12/2025,8,key takeaways from dubawa 2025 in-depth stories,https://dubawa.org/key-takeaways-from-dubawa-2025-in-depth-stories/,1572|1571|3812|3815|123,window,1,election:legislative
2025,28/12/2025,Guinea,Presidential,27009,post,03/01/2026,01/01/2026,6,four ridiculous claims on coups across west africa verified in 2025,https://dubawa.org/4-ridiculous-claims-on-coups-across-west-africa-verified-in-2025/,1572|1571|3812|3815|123,window,2,body:guinea; election:election
2025,28/12/2025,Guinea,Presidential,27047,post,02/01/2026,09/01/2026,5,"images of tinubu’s visit to anthony joshua in the hospital, ai-generated",https://dubawa.org/images-of-tinubus-visit-to-anthony-joshua-in-the-hospital-ai-generated/,1571|3812|3815|123,window,1,election:presidential
2025,28/12/2025,Guinea,Presidential,27006,post,02/01/2026,01/01/2026,5,seven traore-related claims fact-checked in 2025,https://dubawa.org/7-traore-related-claims-fact-checked-in-2025/,1571|3812|3815,window,1,election:candidate|presidential|legislative
2025,28/12/2025,Guinea,Presidential,26996,post,31/12/2025,31/12/2025,3,old footage from côte d ivoire represented as trump s intervention in nigeria,https://dubawa.org/old-footage-from-cote-divoire-represented-as-trumps-intervention-in-nigeria/,437|3812|3815|16,window,1,election:election
2025,28/12/2025,Guinea,Presidential,26992,post,31/12/2025,31/12/2025,3,did new york record the first successful sickle cell anaemia cure?,https://dubawa.org/did-new-york-record-the-first-successful-sickle-cell-anaemia-cure/,121|1571|3812|3815,window,1,election:election
2025,28/12/2025,Guinea,Presidential,26987,post,30/12/2025,30/12/2025,2,false! more nimbaians did not vote in the 2023 presidential run-off election than in the first round,https://dubawa.org/false-more-nimbaians-did-not-vote-in-the-2023-presidential-run-off-election-than-in-the-first-round/,1960|1571|4|3815,window,1,election:election|vote|candidate
2025,28/12/2025,Guinea,Presidential,26978,post,30/12/2025,30/12/2025,2,10 misleading videos recirculated in 2025,https://dubawa.org/10-misleading-videos-recirculated-in-2025/,1572|1571|3812|3815|123,window,1,election:election|poll|presidential
2025,28/12/2025,Guinea,Presidential,26921,post,28/12/2025,28/12/2025,0,des fausses images utilisées pour faire croire à un coup d’état en côte d’ivoire,https://dubawa.org/des-fausses-images-utilisees-pour-faire-croire-a-un-coup-detat-en-cote-divoire/,4269|1571,window,1,body:guinée
2025,28/12/2025,Guinea,Presidential,26901,post,28/12/2025,28/12/2025,0,une vidéo trompeuse accuse la cei de fraude électorale,https://dubawa.org/une-video-trompeuse-accuse-la-cei-de-fraude-electorale/,4269|1571,window,1,election:élection|vote
2025,28/12/2025,Guinea,Presidential,26880,post,27/12/2025,27/12/2025,-1,législatives à marcory : un candidat affirme que des citoyens utilisent des cartes d’électeurs appartenant à d’autres,https://dubawa.org/legislatives-a-marcory-un-candidat-affirme-que-des-citoyens-utilisent-des-cartes-delecteurs-appartenant-a-dautres/,4269|1571,window,1,election:élection|vote|voter
2025,28/12/2025,Guinea,Presidential,26850,post,27/12/2025,27/12/2025,-1,"une fausse déclaration attribuée au ministre ivoirien de la défense, téné birahima ouattara",https://dubawa.org/une-fausse-declaration-attribuee-au-ministre-ivoirien-de-la-defense-tene-birahima-ouattara/,4269|1571,window,1,election:élection
2025,28/12/2025,Guinea,Presidential,26846,post,27/12/2025,27/12/2025,-1,"affirmation sur des bulletins vierges à yopougon : aucune preuve existante, la cei dément",https://dubawa.org/affirmation-sur-des-bulletins-vierges-a-yopougon-aucune-preuve-existante-la-cei-dement/,4269|1571,window,1,election:élection|vote
2025,28/12/2025,Guinea,Presidential,26829,post,27/12/2025,27/12/2025,-1,combien de députés compte l’assemblée nationale de côte d’ivoire et comment sont répartis les sièges ?,https://dubawa.org/combien-de-deputes-compte-lassemblee-nationale-de-cote-divoire-et-comment-sont-repartis-les-sieges/,4269|1572,window,1,election:élection|vote|voter
2025,28/12/2025,Guinea,Presidential,26825,post,27/12/2025,27/12/2025,-1,une vidéo détournée de son contexte pour faire croire à la victoire de simone gbagbo à la présidentielle 2025 en côte d’ivoire,https://dubawa.org/une-video-detournee-de-son-contexte-pour-faire-croire-a-la-victoire-de-simone-gbagbo-a-la-presidentielle-2025-en-cote-divoire/,4269|1571,window,1,election:élection|candidate
2025,28/12/2025,Guinea,Presidential,26822,post,27/12/2025,27/12/2025,-1,comment est élu un député en côte d’ivoire ?,https://dubawa.org/comment-est-elu-un-depute-en-cote-divoire/,4269|1572,window,1,election:élection|vote|voter
2025,28/12/2025,Guinea,Presidential,26818,post,27/12/2025,27/12/2025,-1,une vidéo générée par l’intelligence artificielle tente de faire croire à un coup d’état en côte d’ivoire,https://dubawa.org/une-video-generee-par-lintelligence-artificielle-tente-de-faire-croire-a-un-coup-detat-en-cote-divoire/,4269|1571,window,1,election:élection
2025,28/12/2025,Guinea,Presidential,26814,post,27/12/2025,27/12/2025,-1,législatives 2025 ivoiriennes : des propos du président de la commission électorale indépendante modifiés,https://dubawa.org/legislatives-2025-ivoiriennes-des-propos-du-president-de-la-commission-electorale-independante-modifies/,4269|1571,window,1,election:élection|vote|voter
2025,28/12/2025,Guinea,Presidential,26789,post,26/12/2025,26/12/2025,-2,la cedeao n’a pas annulé le scrutin législatif du 27 décembre en côte d’ivoire,https://dubawa.org/la-cedeao-na-pas-annule-le-scrutin-legislatif-du-27-decembre-en-cote-divoire/,4269|1571,window,1,election:élection
2025,28/12/2025,Guinea,Presidential,26750,post,25/12/2025,25/12/2025,-3,"l’élection des députés en côte d’ivoire, un pilier de la démocratie",https://dubawa.org/lelection-des-deputes-en-cote-divoire-un-pilier-de-la-democratie/,4269|1572,window,1,election:election|élection|vote
2025,28/12/2025,Guinea,Presidential,26747,post,25/12/2025,25/12/2025,-3,élections législatives en côte d’ivoire : un processus juridique et institutionnel en plusieurs étapes,https://dubawa.org/elections-legislatives-en-cote-divoire-un-processus-juridique-et-institutionnel-en-plusieurs-etapes/,4269|1572,window,2,body:référendum; election:election|élection|vote
2025,28/12/2025,Guinea,Presidential,26735,post,25/12/2025,25/12/2025,-3,"no evidence the presidency met with miyetti allah members, as x user claimed",https://dubawa.org/no-evidence-the-presidency-met-with-miyetti-allah-members-as-x-user-claimed/,1571|3812|3815|123,window,1,election:vote|presidential
2025,28/12/2025,Guinea,Presidential,26719,post,24/12/2025,24/12/2025,-4,did ghana secure release of nigerian soldiers detained in burkina faso?,https://dubawa.org/did-ghana-secure-release-of-nigerian-soldiers-detained-in-burkina-faso/,1571|4|3812|3815|123,window,1,election:vote
2025,28/12/2025,Guinea,Presidential,26704,post,23/12/2025,01/01/2026,-5,misleading! us travel ban on sierra leone not permanent,https://dubawa.org/misleading-us-travel-ban-on-sierra-leone-not-permanent/,1571|3815|1268,window,1,election:presidential
2025,28/12/2025,Guinea,Presidential,26667,post,22/12/2025,22/12/2025,-6,"false! kmc has constructed markets, roads, and educational facilities in 8 years",https://dubawa.org/false-kmc-has-constructed-markets-roads-and-educational-facilities-in-8-years/,1571|3815|2815,window,1,election:election
2025,28/12/2025,Guinea,Presidential,26656,post,20/12/2025,20/12/2025,-8,benin foiled coup: can nigerian president deploy military to another country without the senate’s approval?,https://dubawa.org/benin-foiled-coup-can-nigerian-president-deploy-military-to-another-country-without-the-senates-approval/,1571|3812|3815,window,1,election:election|presidential|legislative
2025,28/12/2025,Guinea,Presidential,26636,post,19/12/2025,19/12/2025,-9,was ibrahim traore removed from power?,https://dubawa.org/was-ibrahim-traore-removed-from-power/,1571|3812|3815|123,window,1,election:presidential
2025,28/12/2025,Guinea,Presidential,26582,post,15/12/2025,15/12/2025,-13,did mcc drop 16 countries from benefiting from the 2026 compact?,https://dubawa.org/did-mcc-drop-16-countries-from-benefiting-from-the-2026-compact/,1960|1571|3812|3815,window,1,body:guinea
2025,28/12/2025,Guinea,Presidential,26551,post,15/12/2025,15/12/2025,-13,des images de la tanzanie utilisée pour faire croire à une manifestation à abidjan,https://dubawa.org/des-images-de-la-tanzanie-utilisee-pour-faire-croire-a-une-manifestation-a-abidjan/,4269|1571,window,1,election:élection
2025,28/12/2025,Guinea,Presidential,26491,post,09/12/2025,09/12/2025,-19,how gambia’s most feared alleged jungler got arrested after 9 years,https://dubawa.org/how-gambias-most-feared-alleged-jungler-got-arrested-after-9-years/,123|1572|3815|2815,window,1,election:election|candidate
2025,28/12/2025,Guinea,Presidential,26461,post,05/12/2025,05/12/2025,-23,false! petroleum price increased under boakai’s administration,https://dubawa.org/false-petroleum-price-increased-under-boakais-administration/,1571|4|3815|1960,window,1,election:election|runoff
2025,28/12/2025,Guinea,Presidential,26449,post,05/12/2025,05/12/2025,-23,"does nigeria know its muslim, christian population?",https://dubawa.org/does-nigeria-know-its-muslim-christian-population/,1572|3812|3815|123,window,1,election:presidential
2025,28/12/2025,Guinea,Presidential,26407,post,03/12/2025,03/12/2025,-25,"false! cdc, unity party combined votes during 2023 elections, not 1.4 million",https://dubawa.org/false-cdc-unity-party-combined-votes-during-2023-elections-not-1-4-million/,1571|4|3815|1960,window,1,election:election|vote|runoff
2025,28/12/2025,Guinea,Presidential,26267,post,30/11/2025,25/11/2025,-28,does bee venom eliminate breast cancer cells?,https://dubawa.org/does-bee-venom-eliminate-breast-cancer-cells/,1571|437|3812|121|3815,window,1,election:candidate
2025,28/12/2025,Guinea,Presidential,26366,post,29/11/2025,29/11/2025,-29,false! governance commission 2026 budget is less than $3 million,https://dubawa.org/false-governance-commission-2026-budget-is-less-than-3-million/,1571|3815|1960,window,1,election:candidate|presidential
2025,28/12/2025,Guinea,Presidential,26361,post,29/11/2025,29/11/2025,-29,misleading! electoral district 17 not most populous in liberia,https://dubawa.org/misleading-electoral-district-17-not-most-populous-in-liberia/,1571|5|3815|1960,window,1,election:election
2025,28/12/2025,Guinea,Presidential,26340,post,27/11/2025,28/11/2025,-31,dubawa wraps 2025 kwame karikari fellowship with award ceremony,https://dubawa.org/dubawa-wraps-2025-kwame-karikari-fellowship-with-award-ceremony/,1688|1571|3812|3815,window,1,body:guinea
2025,28/12/2025,Guinea,Presidential,26270,post,25/11/2025,25/11/2025,-33,"false! pablo djab is not detained, but granted bail",https://dubawa.org/false-pablo-djab-is-not-detained-but-granted-bail/,1571|3815|2815,window,1,body:guinea
2025,28/12/2025,Guinea,Presidential,26264,post,25/11/2025,25/11/2025,-33,"viral video claiming bandits  invasion of nigeria, false",https://dubawa.org/viral-video-claiming-bandits-invasion-of-nigeria-false/,1571|437|3812|3815|119,window,1,election:presidential
2025,28/12/2025,Guinea,Presidential,26236,post,24/11/2025,24/11/2025,-34,bissau : une source opaque place fernando dias da costa en tête avec près de 70% des suffrages,https://dubawa.org/bissau-une-source-opaque-place-fernando-dias-da-costa-en-tete-avec-pres-de-70-des-suffrages/,4270|1571,window,2,body:guinée; election:election|élection|vote
2025,28/12/2025,Guinea,Presidential,26216,post,23/11/2025,23/11/2025,-35,"le soutien du paigc, vítor ‘’nado’’ mandinga, arrêté puis libéré environ trois heures plus tard, a pu voté",https://dubawa.org/le-soutien-du-paigc-vitor-nado-mandinga-arrete-puis-libere-environ-trois-heures-plus-tard-a-pu-vote/,1571|4270,window,2,body:guinée; election:élection|vote|voter
2025,28/12/2025,Guinea,Presidential,26211,post,23/11/2025,23/11/2025,-35,sondages non sourcés : une page facebook crédite à la coalition du président sortant 90 à 100 députés,https://dubawa.org/sondages-non-sources-une-page-facebook-credite-a-la-coalition-du-president-sortant-90-a-100-deputes/,1571|4270,window,1,body:guinée
2025,28/12/2025,Guinea,Presidential,26206,post,23/11/2025,23/11/2025,-35,une image utilisée pour faire croire à l’implication d’un juge dans la campagne électorale,https://dubawa.org/une-image-utilisee-pour-faire-croire-a-limplication-dun-juge-dans-la-campagne-electorale/,4270|1571,window,1,body:guinée
2025,28/12/2025,Guinea,Presidential,26198,post,23/11/2025,23/11/2025,-35,de faux procès-verbaux attribués au vote anticipé des militaires de bolama circulent sur facebook,https://dubawa.org/de-faux-proces-verbaux-attribues-au-vote-anticipe-des-militaires-de-bolama-circulent-sur-facebook/,1571|4270,window,2,body:guinée; election:élection|vote
2025,28/12/2025,Guinea,Presidential,26157,post,22/11/2025,22/11/2025,-36,guinée-bissau : une vidéo accuse le proviseur d’un lycée d’envoyer des élèves à un meeting politique,https://dubawa.org/guinee-bissau-une-video-accuse-le-proviseur-dun-lycee-denvoyer-des-eleves-a-un-meeting-politique/,4270|1571|16,window,2,title:guinée
2025,28/12/2025,Guinea,Presidential,26149,post,22/11/2025,22/11/2025,-36,bissau: l’assassinat de nino vieira et de tagme na waié ressurgit et nourrit des propos hostiles,https://dubawa.org/bissau-lassassinat-de-nino-vieira-et-de-tagme-na-waie-ressurgit-et-nourrit-des-propos-hostiles/,1571|4270|16,window,2,body:guinée; election:élection
2025,28/12/2025,Guinea,Presidential,26101,post,21/11/2025,21/11/2025,-37,false! president boakai did not denounce cameroon’s election as “fraudulent mockery”,https://dubawa.org/false-president-boakai-did-not-denounce-cameroons-election-as-fraudulent-mockery/,1960|3815|16,window,1,election:election|vote|presidential
2025,28/12/2025,Guinea,Presidential,26090,post,21/11/2025,21/11/2025,-37,"intrusion au domicile d’un responsable du paigc, parti politique historique bissau-guinéen",https://dubawa.org/intrusion-au-domicile-dun-responsable-du-paigc-parti-politique-historique-bissau-guineen/,4270|1571|16,window,2,title:guinée
2025,28/12/2025,Guinea,Presidential,26079,post,21/11/2025,21/11/2025,-37,has montserrado county senator saah joseph ever presented a legislative bill?,https://dubawa.org/has-montserrado-county-senator-saah-joseph-ever-presented-a-legislative-bill/,123|3815|1960,window,1,election:legislative
2025,28/12/2025,Guinea,Presidential,26018,post,18/11/2025,18/11/2025,-40,false! ministry of finance has not recalled 2026 draft budget,https://dubawa.org/false-ministry-of-finance-has-not-recalled-2026-draft-budget/,1571|3815|1960,window,1,election:vote|legislative
2025,28/12/2025,Guinea,Presidential,25989,post,17/11/2025,17/11/2025,-41,"la femme politique, simone gbagbo, souhaite-t-elle épouser le chef de l’etat ivoirien?",https://dubawa.org/la-femme-politique-simone-gbagbo-souhaite-t-elle-epouser-le-chef-de-letat-ivoirien/,4269|1571|16,window,1,election:élection|candidate
2025,28/12/2025,Guinea,Presidential,25981,post,17/11/2025,17/11/2025,-41,"x user’s video of tinubu dismissing trump’s threat, ai-generated",https://dubawa.org/x-users-video-of-tinubu-dismissing-trumps-threat-ai-generated/,1571|3812|3815|16,window,1,election:vote
2025,28/12/2025,Guinea,Presidential,25967,post,16/11/2025,01/12/2025,-42,did trump call for muslim ban in us?,https://dubawa.org/did-trump-call-for-muslim-ban-in-us/,1571|3812|3815|16,window,1,election:candidate|presidential
2025,28/12/2025,Guinea,Presidential,25964,post,16/11/2025,16/11/2025,-42,wike: are nigerian military officers allowed to weigh in on civilian affairs?,https://dubawa.org/wike-are-nigerian-military-officers-allowed-to-weigh-in-on-civilian-affairs/,1572|3812|3815|16,window,1,election:election|legislative
2025,28/12/2025,Guinea,Presidential,31179,post,18/08/2026,18/08/2026,233,la guinée a-t-elle annoncé la suspension définitive de tiktok ?,https://dubawa.org/la-guinee-a-t-elle-annonce-la-suspension-definitive-de-tiktok/,4482,category-only,5,category:4482; title:guinée
2025,28/12/2025,Guinea,Presidential,30892,post,11/08/2026,11/08/2026,226,guinée : aucun recrutement en cours malgré l’annonce faite dans plusieurs médias,https://dubawa.org/guinee-aucun-recrutement-en-cours-malgre-lannonce-faite-dans-plusieurs-medias/,4482,category-only,5,category:4482; title:guinée
2025,28/12/2025,Guinea,Presidential,30248,post,10/07/2026,13/07/2026,194,que cache réellement la tension entre la guinée et la guinée-bissau ?,https://dubawa.org/que-cache-reellement-la-tension-entre-la-guinee-et-la-guinee-bissau/,4482,category-only,6,category:4482; title:guinée; body:conakry
2025,28/12/2025,Guinea,Presidential,30047,post,30/06/2026,30/06/2026,184,"le port d un t-shirt à l effigie de l’opposant guinéen, cellou dalein diallo, a-t-il conduit à une arrestation ?",https://dubawa.org/le-port-dun-t-shirt-a-leffigie-de-lopposant-guineen-cellou-dalein-diallo-a-t-il-conduit-a-une-arrestation/,4482,category-only,8,category:4482; title:guinée; body:conakry; title:cellou dalein
2025,28/12/2025,Guinea,Presidential,28444,post,03/04/2026,03/04/2026,96,des soldats américains ont-ils été arrêtés en iran ?,https://dubawa.org/des-soldats-americains-ont-ils-ete-arretes-en-iran/,1571|4482,category-only,3,category:4482
2025,28/12/2025,Guinea,Presidential,28154,post,12/03/2026,12/03/2026,74,les célébres artistes guinéens soul bang’s et manamba kanté victimes de fake news,https://dubawa.org/les-celebres-artistes-guineens-soul-bangs-et-manamba-kante-victimes-de-fake-news/,4482,category-only,6,category:4482; title:guinée; body:doumbouya
2025,28/12/2025,Guinea,Presidential,25865,post,11/11/2025,11/11/2025,-47,"désinformation, ia et élections en afrique : entretien avec peter cunliffe-jones",https://dubawa.org/desinformation-ia-et-elections-en-afrique-entretien-avec-peter-cunliffe-jones/,4482|1572,category-only,4,category:4482; election:election|élection|vote
2025,28/12/2025,Guinea,Presidential,25530,post,31/10/2025,31/10/2025,-58,"l’artiste guinéen, élie kamano, a-t-il critiqué le président du burkina faso?",https://dubawa.org/lartiste-guineen-elie-kamano-a-t-il-critique-le-president-du-burkina-faso/,4482|1571,category-only,6,category:4482; title:guinée; body:doumbouya
2025,28/12/2025,Guinea,Presidential,25241,post,22/10/2025,22/10/2025,-67,le secrétaire général de la présidence guinéenne a-t-il repris mot pour mot le discours du président mamadi doumbouya à l’onu ?,https://dubawa.org/le-secretaire-general-de-la-presidence-guineenne-a-t-il-repris-mot-pour-mot-le-discours-du-president-mamadi-doumbouya-a-lonu/,4482|1571|16,category-only,7,category:4482; title:guinée; title:doumbouya
2025,28/12/2025,Guinea,Presidential,25016,post,13/10/2025,13/10/2025,-76,la reconnaissance des langues nationales comme langues officielles ne réduit pas l’analphabétisme en guinée,https://dubawa.org/la-reconnaissance-des-langues-nationales-comme-langues-officielles-ne-reduit-pas-lanalphabetisme-en-guinee/,4482|1571,category-only,7,category:4482; title:guinée; body:doumbouya; body:référendum
2025,28/12/2025,Guinea,Presidential,24862,post,06/10/2025,11/10/2025,-83,le secrétaire général à la présidence guinéenne n’a pas prononcé son discours devant une salle vide à l’onu,https://dubawa.org/le-secretaire-general-a-la-presidence-guineenne-na-pas-prononce-son-discours-devant-une-salle-vide-a-lonu/,4482|1571,category-only,5,category:4482; title:guinée
2025,28/12/2025,Guinea,Presidential,24433,post,15/09/2025,23/09/2025,-104,guinée : une fausse annonce de recrutement du groupement des forces spéciales circule sur facebook,https://dubawa.org/guinee-une-fausse-annonce-de-recrutement-du-groupement-des-forces-speciales-circule-sur-facebook/,1571|4482,category-only,6,category:4482; title:guinée; body:doumbouya
2025,28/12/2025,Guinea,Presidential,24013,post,19/08/2025,20/08/2025,-131,guinée : des chiffres sur la répartition ethnique en 2025 circulent sur facebook sans aucune base officielle,https://dubawa.org/guinee-des-chiffres-sur-la-repartition-ethnique-en-2025-circulent-sur-facebook-sans-aucune-base-officielle/,4482,category-only,5,category:4482; title:guinée
2025,28/12/2025,Guinea,Presidential,23923,post,13/08/2025,13/08/2025,-137,guinée : fausse rumeur sur la réapparition de deux acteurs de la société civile en sierra leone,https://dubawa.org/guinee-fausse-rumeur-sur-la-reapparition-de-deux-acteurs-de-la-societe-civile-en-sierra-leone/,4482,category-only,6,category:4482; title:guinée; body:conakry
2026,11/01/2026,Benin,Parliamentary,27623,post,06/02/2026,06/02/2026,26,video of nigerians begging for rice dates back to 2023,https://dubawa.org/video-of-nigerians-begging-for-rice-dates-back-to-2023/,1571|3812|3815|123,window,1,election:election
2026,11/01/2026,Benin,Parliamentary,27560,post,01/02/2026,01/02/2026,21,false! us honorary citizenship does not give america legal power over kanu’s case,https://dubawa.org/false-us-honorary-citizenship-does-not-give-america-legal-power-over-kanus-case/,1571|3812|3815|16,window,1,election:vote|presidential|legislative
2026,11/01/2026,Benin,Parliamentary,27546,post,31/01/2026,31/01/2026,20,"false! liberia’s 2024 gross international reserve, not $475 million",https://dubawa.org/false-liberias-2024-gross-international-reserve-not-475-million/,1571|120|3815|1960,window,1,election:legislative
2026,11/01/2026,Benin,Parliamentary,27539,post,30/01/2026,30/01/2026,19,cjid trains inec officials ahead of fct area council election,https://dubawa.org/cjid-trains-inec-officials-ahead-of-fct-area-council-election/,1688|5|3812|3815,window,1,election:election|vote|voter
2026,11/01/2026,Benin,Parliamentary,27504,post,27/01/2026,27/01/2026,16,nigeria’s tax laws: where does bank transfer narration stand?,https://dubawa.org/nigerias-tax-laws-where-does-bank-transfer-narration-stand/,1571|120|1572|3812|3815,window,1,election:presidential
2026,11/01/2026,Benin,Parliamentary,27495,post,27/01/2026,27/01/2026,16,"traore’s video addressing african youth after uganda election, ai-generated",https://dubawa.org/traores-video-addressing-african-youth-after-uganda-election-ai-generated/,1571|437|3812|3815|16,window,1,election:election
2026,11/01/2026,Benin,Parliamentary,27463,post,25/01/2026,25/01/2026,14,weekly round-up: top six claims verified this week,https://dubawa.org/weekly-round-up-top-six-claims-verified-this-week/,1572|1571|3812|3815|123,window,1,election:poll
2026,11/01/2026,Benin,Parliamentary,27439,post,24/01/2026,23/01/2026,13,"applying perfume on your neck does not alter thyroid function, as claimed",https://dubawa.org/applying-perfume-on-your-neck-does-not-alter-thyroid-function-as-claimed/,1571|3812|121|3815,window,1,election:poll
2026,11/01/2026,Benin,Parliamentary,27409,post,21/01/2026,21/01/2026,10,la prestation de serment de mamadi doumbouya modifiée par l’intelligence artificielle,https://dubawa.org/la-prestation-de-serment-de-mamadi-doumbouya-modifiee-par-lintelligence-artificielle/,4482|1571,window,1,election:élection
2026,11/01/2026,Benin,Parliamentary,27406,post,21/01/2026,25/01/2026,10,did us lawmaker propose nigeria’s division as solution to  christian genocide?,https://dubawa.org/did-us-lawmaker-propose-nigerias-division-as-solution-to-christian-genocide/,1571|3812|3815|123,window,1,election:parliament
2026,11/01/2026,Benin,Parliamentary,27395,post,21/01/2026,21/01/2026,10,false! no nigerian agency warned of “extreme air pollution” during harmattan,https://dubawa.org/false-no-nigerian-agency-warned-of-extreme-air-pollution-during-harmattan/,1571|3812|121|3815,window,1,election:poll
2026,11/01/2026,Benin,Parliamentary,27370,post,20/01/2026,21/01/2026,9,did kwankwaso say he would agree to be peter obi’s running mate?,https://dubawa.org/did-kwankwaso-say-he-would-agree-to-be-peter-obis-running-mate/,1571|437|3812|3815,window,1,election:election|candidate|presidential
2026,11/01/2026,Benin,Parliamentary,27353,post,20/01/2026,20/01/2026,9,"claim greenland parliament bans trump, misleading",https://dubawa.org/claim-greenland-parliament-bans-trump-misleading/,1571|437|3812|3815|123,window,1,election:parliament|legislative
2026,11/01/2026,Benin,Parliamentary,27344,post,19/01/2026,19/01/2026,8,"facebook video allegedly showing uganda post-election protest, not recent",https://dubawa.org/facebook-video-allegedly-showing-uganda-post-election-protest-not-recent/,1571|437|3812|3815|123,window,1,election:election|vote
2026,11/01/2026,Benin,Parliamentary,27332,post,17/01/2026,17/01/2026,6,le sénégal ne perd-il jamais quand sadio mané marque ?,https://dubawa.org/le-senegal-ne-perd-il-jamais-quand-sadio-mane-marque/,4044|1571,window,1,election:élection
2026,11/01/2026,Benin,Parliamentary,27322,post,16/01/2026,16/01/2026,5,"non, alpha condé et cellou dalein diallo n ont pas félicité l’actuel président de la république de guinée",https://dubawa.org/non-alpha-conde-et-cellou-dalein-diallo-nont-pas-felicite-lactuel-president-de-la-republique-de-guinee/,4482|1571,window,1,election:élection|vote
2026,11/01/2026,Benin,Parliamentary,27305,post,15/01/2026,15/01/2026,4,"claim over 16,000 people cancelled fifa world cup 26™ tickets because of trump, false",https://dubawa.org/claim-over-16000-people-cancelled-fifa-world-cup-26-tickets-because-of-trump-false/,1571|3812|3815|123,window,1,election:election
2026,11/01/2026,Benin,Parliamentary,27206,post,11/01/2026,11/01/2026,0,"anthony joshua’s alleged retirement, other top claims fact-checked this week",https://dubawa.org/anthony-joshuas-alleged-retirement-other-top-claims-fact-checked-this-week/,435|1572|4|3812|3815,window,1,election:parliament
2026,11/01/2026,Benin,Parliamentary,27166,post,10/01/2026,10/01/2026,-1,karya! najeriya ba ta hana matafiya ‘yan asalin amurka shiga kasarta ba,https://dubawa.org/karya-najeriya-ba-ta-hana-matafiya-yan-asalin-amurka-shiga-kasarta-ba/,3137|2451,window,1,body:benin
2026,11/01/2026,Benin,Parliamentary,27149,post,08/01/2026,08/01/2026,-3,false! norwegian government doesn’t award nobel peace prize as trump claimed,https://dubawa.org/false-norwegian-government-doesnt-award-nobel-peace-prize-as-trump-claimed/,1571|3812|3815|123|16,window,1,election:election|vote|candidate
2026,11/01/2026,Benin,Parliamentary,27144,post,08/01/2026,08/01/2026,-3,false! nigeria has not imposed travel ban on us nationals,https://dubawa.org/false-nigeria-has-not-imposed-travel-ban-on-us-nationals/,1571|3812|3815|123,window,2,body:benin; election:presidential
2026,11/01/2026,Benin,Parliamentary,27126,post,07/01/2026,07/01/2026,-4,2025: four ridiculous claims on coups in west africa,https://dubawa.org/2025-four-ridiculous-claims-on-coups-in-west-africa/,1572|3812|3815,window,1,election:election
2026,11/01/2026,Benin,Parliamentary,27123,post,07/01/2026,07/01/2026,-4,ibrahim traore: seven claims about burkina faso leader we fact-cheched in 2025,https://dubawa.org/ibrahim-traore-seven-claims-about-burkina-faso-leader-we-fact-cheched-in-2025/,1572|3812|3815,window,1,election:candidate|presidential|legislative
2026,11/01/2026,Benin,Parliamentary,27084,post,05/01/2026,05/01/2026,-6,misleading! waec clarifies the status of k-school 2025 wassce result,https://dubawa.org/misleading-waec-clarifies-the-status-of-k-school-2025-wassce-result/,1571|3815|1268,window,1,election:candidate
2026,11/01/2026,Benin,Parliamentary,27000,post,05/01/2026,31/12/2025,-6,key takeaways from dubawa 2025 in-depth stories,https://dubawa.org/key-takeaways-from-dubawa-2025-in-depth-stories/,1572|1571|3812|3815|123,window,1,election:legislative
2026,11/01/2026,Benin,Parliamentary,27009,post,03/01/2026,01/01/2026,-8,four ridiculous claims on coups across west africa verified in 2025,https://dubawa.org/4-ridiculous-claims-on-coups-across-west-africa-verified-in-2025/,1572|1571|3812|3815|123,window,1,election:election
2026,11/01/2026,Benin,Parliamentary,27055,post,02/01/2026,02/01/2026,-9,plusieurs vidéos sorties de leurs contextes pour faire croire à des manifestations lors de la présidentielle en guinée,https://dubawa.org/plusieurs-videos-sorties-de-leurs-contextes-pour-faire-croire-a-des-manifestations-lors-de-la-presidentielle-en-guinee/,4482|1571,window,1,election:élection|vote
2026,11/01/2026,Benin,Parliamentary,27047,post,02/01/2026,09/01/2026,-9,"images of tinubu’s visit to anthony joshua in the hospital, ai-generated",https://dubawa.org/images-of-tinubus-visit-to-anthony-joshua-in-the-hospital-ai-generated/,1571|3812|3815|123,window,1,election:presidential
2026,11/01/2026,Benin,Parliamentary,27043,post,02/01/2026,02/01/2026,-9,"de faux chiffres créditent le candidat à la présidentielle guinéenne, abdoulaye yéro baldé, de 53% des voix",https://dubawa.org/de-faux-chiffres-creditent-le-candidat-a-la-presidentielle-guineenne-abdoulaye-yero-balde-de-53-des-voix/,4482|1571,window,1,election:élection|vote
2026,11/01/2026,Benin,Parliamentary,27037,post,02/01/2026,02/01/2026,-9,présidentielle en guinée : le bulletin de vote n’a pas été conçu pour favoriser mamadi doumbouya,https://dubawa.org/presidentielle-en-guinee-le-bulletin-de-vote-na-pas-ete-concu-pour-favoriser-mamadi-doumbouya/,4482|1571,window,1,election:élection|vote|voter
2026,11/01/2026,Benin,Parliamentary,27006,post,02/01/2026,01/01/2026,-9,seven traore-related claims fact-checked in 2025,https://dubawa.org/7-traore-related-claims-fact-checked-in-2025/,1571|3812|3815,window,1,election:candidate|presidential|legislative
2026,11/01/2026,Benin,Parliamentary,26996,post,31/12/2025,31/12/2025,-11,old footage from côte d ivoire represented as trump s intervention in nigeria,https://dubawa.org/old-footage-from-cote-divoire-represented-as-trumps-intervention-in-nigeria/,437|3812|3815|16,window,1,election:election
2026,11/01/2026,Benin,Parliamentary,26992,post,31/12/2025,31/12/2025,-11,did new york record the first successful sickle cell anaemia cure?,https://dubawa.org/did-new-york-record-the-first-successful-sickle-cell-anaemia-cure/,121|1571|3812|3815,window,1,election:election
2026,11/01/2026,Benin,Parliamentary,26981,post,30/12/2025,01/01/2026,-12,six statements falsely attributed to government officials in 2025,https://dubawa.org/6-statements-falsely-attributed-to-government-officials-in-2025/,1571|3812|3815|16,window,1,body:benin
2026,11/01/2026,Benin,Parliamentary,26987,post,30/12/2025,30/12/2025,-12,false! more nimbaians did not vote in the 2023 presidential run-off election than in the first round,https://dubawa.org/false-more-nimbaians-did-not-vote-in-the-2023-presidential-run-off-election-than-in-the-first-round/,1960|1571|4|3815,window,1,election:election|vote|candidate
2026,11/01/2026,Benin,Parliamentary,26978,post,30/12/2025,30/12/2025,-12,10 misleading videos recirculated in 2025,https://dubawa.org/10-misleading-videos-recirculated-in-2025/,1572|1571|3812|3815|123,window,1,election:election|poll|presidential
2026,11/01/2026,Benin,Parliamentary,26969,post,29/12/2025,29/12/2025,-13,des agents de bureaux de vote ont-ils manifesté dans la commune de matoto en guinée?,https://dubawa.org/des-agents-de-bureaux-de-vote-ont-ils-manifeste-dans-la-commune-de-matoto-en-guinee/,4482|1571,window,1,election:élection|vote
2026,11/01/2026,Benin,Parliamentary,26963,post,29/12/2025,29/12/2025,-13,"non, cette vidéo d une altercation dans un bureau de vote n’est pas filmée en guinée",https://dubawa.org/non-cette-video-dune-altercation-dans-un-bureau-de-vote-nest-pas-filmee-en-guinee/,4482|1571,window,1,election:élection|vote
2026,11/01/2026,Benin,Parliamentary,26949,post,29/12/2025,29/12/2025,-13,guinée : une image générée par intelligence artificielle présentée comme un bourrage d’urnes par des militaires le jour du vote,https://dubawa.org/guinee-une-image-generee-par-intelligence-artificielle-presentee-comme-un-bourrage-durnes-par-des-militaires-le-jour-du-vote/,4482|1571,window,1,election:élection|vote
2026,11/01/2026,Benin,Parliamentary,26927,post,28/12/2025,28/12/2025,-14,une vidéo sortie de son contexte présentée comme une manifestation dans un quartier de conakry le jour du scrutin,https://dubawa.org/une-video-sortie-de-son-contexte-presentee-comme-une-manifestation-dans-un-quartier-de-conakry-le-jour-du-scrutin/,4482|1571,window,1,election:élection|vote
2026,11/01/2026,Benin,Parliamentary,26913,post,28/12/2025,28/12/2025,-14,"aucune preuve concernant une démission du président ivoirien, alassane ouattara",https://dubawa.org/aucune-preuve-concernant-une-demission-du-president-ivoirien-alassane-ouattara/,4269|1571,window,1,election:élection
2026,11/01/2026,Benin,Parliamentary,26906,post,28/12/2025,28/12/2025,-14,guinée : aucune preuve d’un déploiement des forces spéciales pour sécuriser l’après-scrutin présidentiel,https://dubawa.org/guinee-aucune-preuve-dun-deploiement-des-forces-speciales-pour-securiser-lapres-scrutin-presidentiel/,4482|1571,window,1,election:élection|vote
2026,11/01/2026,Benin,Parliamentary,26901,post,28/12/2025,28/12/2025,-14,une vidéo trompeuse accuse la cei de fraude électorale,https://dubawa.org/une-video-trompeuse-accuse-la-cei-de-fraude-electorale/,4269|1571,window,1,election:élection|vote
2026,11/01/2026,Benin,Parliamentary,26896,post,28/12/2025,28/12/2025,-14,une vidéo manipulée jette le discrédit sur les mouvements de soutien au président de transition de la guinée,https://dubawa.org/une-video-manipulee-jette-le-discredit-sur-les-mouvements-de-soutien-au-president-de-transition-de-la-guinee/,4482|1571,window,1,election:élection
2026,11/01/2026,Benin,Parliamentary,26890,post,28/12/2025,28/12/2025,-14,des tirs dans la banlieue de conakry provoquent une désinformation sur un coup d’etat,https://dubawa.org/des-tirs-dans-la-banlieue-de-conakry-provoquent-une-desinformation-sur-un-coup-detat/,4482|1571,window,1,election:élection|vote
2026,11/01/2026,Benin,Parliamentary,26885,post,28/12/2025,28/12/2025,-14,en guinée : un soutien du président de transition présenté comme un manipulateur visant sa destitution,https://dubawa.org/en-guinee-un-soutien-du-president-de-transition-presente-comme-un-manipulateur-visant-sa-destitution/,4482|1571,window,1,election:élection
2026,11/01/2026,Benin,Parliamentary,26880,post,27/12/2025,27/12/2025,-15,législatives à marcory : un candidat affirme que des citoyens utilisent des cartes d’électeurs appartenant à d’autres,https://dubawa.org/legislatives-a-marcory-un-candidat-affirme-que-des-citoyens-utilisent-des-cartes-delecteurs-appartenant-a-dautres/,4269|1571,window,1,election:élection|vote|voter
2026,11/01/2026,Benin,Parliamentary,26859,post,27/12/2025,27/12/2025,-15,guinée : une vidéo de gn224 montrant une manifestation pour les leaders du fndc est fausse,https://dubawa.org/guinee-une-video-de-gn224-montrant-une-manifestation-pour-les-leaders-du-fndc-est-fausse/,4482|1571,window,1,election:élection
2026,11/01/2026,Benin,Parliamentary,26850,post,27/12/2025,27/12/2025,-15,"une fausse déclaration attribuée au ministre ivoirien de la défense, téné birahima ouattara",https://dubawa.org/une-fausse-declaration-attribuee-au-ministre-ivoirien-de-la-defense-tene-birahima-ouattara/,4269|1571,window,1,election:élection
2026,11/01/2026,Benin,Parliamentary,26846,post,27/12/2025,27/12/2025,-15,"affirmation sur des bulletins vierges à yopougon : aucune preuve existante, la cei dément",https://dubawa.org/affirmation-sur-des-bulletins-vierges-a-yopougon-aucune-preuve-existante-la-cei-dement/,4269|1571,window,1,election:élection|vote
2026,11/01/2026,Benin,Parliamentary,26840,post,27/12/2025,27/12/2025,-15,aucun électeur n’a voté en haute-guinée 2 jours avant la date initiale de la présidentielle,https://dubawa.org/aucun-electeur-na-vote-en-haute-guinee-2-jours-avant-la-date-initiale-de-la-presidentielle/,4482|1571,window,1,election:élection|vote
2026,11/01/2026,Benin,Parliamentary,26835,post,27/12/2025,27/12/2025,-15,guinée : un discours autocritique faussement attribué au général mamadi doumbouya,https://dubawa.org/guinee-un-discours-autocritique-faussement-attribue-au-general-mamadi-doumbouya/,4482|1571,window,1,election:élection
2026,11/01/2026,Benin,Parliamentary,26829,post,27/12/2025,27/12/2025,-15,combien de députés compte l’assemblée nationale de côte d’ivoire et comment sont répartis les sièges ?,https://dubawa.org/combien-de-deputes-compte-lassemblee-nationale-de-cote-divoire-et-comment-sont-repartis-les-sieges/,4269|1572,window,1,election:élection|vote|voter
2026,11/01/2026,Benin,Parliamentary,26825,post,27/12/2025,27/12/2025,-15,une vidéo détournée de son contexte pour faire croire à la victoire de simone gbagbo à la présidentielle 2025 en côte d’ivoire,https://dubawa.org/une-video-detournee-de-son-contexte-pour-faire-croire-a-la-victoire-de-simone-gbagbo-a-la-presidentielle-2025-en-cote-divoire/,4269|1571,window,1,election:élection|candidate
2026,11/01/2026,Benin,Parliamentary,26822,post,27/12/2025,27/12/2025,-15,comment est élu un député en côte d’ivoire ?,https://dubawa.org/comment-est-elu-un-depute-en-cote-divoire/,4269|1572,window,1,election:élection|vote|voter
2026,11/01/2026,Benin,Parliamentary,26818,post,27/12/2025,27/12/2025,-15,une vidéo générée par l’intelligence artificielle tente de faire croire à un coup d’état en côte d’ivoire,https://dubawa.org/une-video-generee-par-lintelligence-artificielle-tente-de-faire-croire-a-un-coup-detat-en-cote-divoire/,4269|1571,window,1,election:élection
2026,11/01/2026,Benin,Parliamentary,26814,post,27/12/2025,27/12/2025,-15,législatives 2025 ivoiriennes : des propos du président de la commission électorale indépendante modifiés,https://dubawa.org/legislatives-2025-ivoiriennes-des-propos-du-president-de-la-commission-electorale-independante-modifies/,4269|1571,window,1,election:élection|vote|voter
2026,11/01/2026,Benin,Parliamentary,26794,post,26/12/2025,26/12/2025,-16,"présidentielle du 28 décembre 2025, neuf candidats pour clore quatre ans de transition en guinée",https://dubawa.org/presidentielle-du-28-decembre-2025-neuf-candidats-pour-clore-quatre-ans-de-transition-en-guinee/,4482|5,window,1,election:élection|vote|candidate
2026,11/01/2026,Benin,Parliamentary,26789,post,26/12/2025,26/12/2025,-16,la cedeao n’a pas annulé le scrutin législatif du 27 décembre en côte d’ivoire,https://dubawa.org/la-cedeao-na-pas-annule-le-scrutin-legislatif-du-27-decembre-en-cote-divoire/,4269|1571,window,1,election:élection
2026,11/01/2026,Benin,Parliamentary,26750,post,25/12/2025,25/12/2025,-17,"l’élection des députés en côte d’ivoire, un pilier de la démocratie",https://dubawa.org/lelection-des-deputes-en-cote-divoire-un-pilier-de-la-democratie/,4269|1572,window,1,election:election|élection|vote
2026,11/01/2026,Benin,Parliamentary,26747,post,25/12/2025,25/12/2025,-17,élections législatives en côte d’ivoire : un processus juridique et institutionnel en plusieurs étapes,https://dubawa.org/elections-legislatives-en-cote-divoire-un-processus-juridique-et-institutionnel-en-plusieurs-etapes/,4269|1572,window,1,election:election|élection|vote
2026,11/01/2026,Benin,Parliamentary,26744,post,25/12/2025,25/12/2025,-17,guinée : manipulation de l’opinion publique sur les réalisations routières du président de transition,https://dubawa.org/guinee-manipulation-de-lopinion-publique-sur-les-realisations-routieres-du-president-de-transition/,4482|4,window,1,election:élection|vote|voter
2026,11/01/2026,Benin,Parliamentary,26739,post,25/12/2025,25/12/2025,-17,présidentielle 2025 en guinée : l’ufr de sidya touré a-t-elle vraiment levé son mot d’ordre de boycott ?,https://dubawa.org/presidentielle-2025-en-guinee-lufr-de-sidya-toure-a-t-elle-vraiment-leve-son-mot-dordre-de-boycott/,4482|1571,window,1,election:élection|vote|voter
2026,11/01/2026,Benin,Parliamentary,26735,post,25/12/2025,25/12/2025,-17,"no evidence the presidency met with miyetti allah members, as x user claimed",https://dubawa.org/no-evidence-the-presidency-met-with-miyetti-allah-members-as-x-user-claimed/,1571|3812|3815|123,window,1,election:vote|presidential
2026,11/01/2026,Benin,Parliamentary,26730,post,24/12/2025,24/12/2025,-18,sénégal : une publication accuse un chauffeur de l’ambassade de guinée d’avoir fabriqué de fausses cartes consulaires,https://dubawa.org/senegal-une-publication-accuse-un-chauffeur-de-lambassade-de-guinee-davoir-fabrique-de-fausses-cartes-consulaires/,4044|1571,window,1,election:élection
2026,11/01/2026,Benin,Parliamentary,26722,post,24/12/2025,24/12/2025,-18,"guinée : le président de transition, mamadi doumbouya, apprendrait-il à lire?",https://dubawa.org/guinee-le-president-de-transition-mamadi-doumbouya-apprendrait-il-a-lire/,4482,window,1,election:élection
2026,11/01/2026,Benin,Parliamentary,26719,post,24/12/2025,24/12/2025,-18,did ghana secure release of nigerian soldiers detained in burkina faso?,https://dubawa.org/did-ghana-secure-release-of-nigerian-soldiers-detained-in-burkina-faso/,1571|4|3812|3815|123,window,1,election:vote
2026,11/01/2026,Benin,Parliamentary,26704,post,23/12/2025,01/01/2026,-19,misleading! us travel ban on sierra leone not permanent,https://dubawa.org/misleading-us-travel-ban-on-sierra-leone-not-permanent/,1571|3815|1268,window,1,election:presidential
2026,11/01/2026,Benin,Parliamentary,26675,post,22/12/2025,22/12/2025,-20,aucun nouveau coup d état n a eu lieu en guinée en décembre 2025,https://dubawa.org/aucun-nouveau-coup-detat-na-eu-lieu-en-guinee-en-decembre-2025/,4482,window,1,election:élection|vote
2026,11/01/2026,Benin,Parliamentary,26667,post,22/12/2025,22/12/2025,-20,"false! kmc has constructed markets, roads, and educational facilities in 8 years",https://dubawa.org/false-kmc-has-constructed-markets-roads-and-educational-facilities-in-8-years/,1571|3815|2815,window,1,election:election
2026,11/01/2026,Benin,Parliamentary,26636,post,19/12/2025,19/12/2025,-23,was ibrahim traore removed from power?,https://dubawa.org/was-ibrahim-traore-removed-from-power/,1571|3812|3815|123,window,1,election:presidential
2026,11/01/2026,Benin,Parliamentary,26613,post,17/12/2025,17/12/2025,-25,"l’opposant politique guinéen, cellou dalein diallo, a-t-il avoué une malversation à air guinée?",https://dubawa.org/lopposant-politique-guineen-cellou-dalein-diallo-a-t-il-avoue-une-malversation-a-air-guinee/,4482|1571,window,1,election:élection
2026,11/01/2026,Benin,Parliamentary,26595,post,15/12/2025,15/12/2025,-27,"l’ex président de la guinée, alpha condé, aurait-il soutenu un candidat à la présidentielle du 28 décembre 2025?",https://dubawa.org/lex-president-de-la-guinee-alpha-conde-aurait-il-soutenu-un-candidat-a-la-presidentielle-du-28-decembre-2025/,4482|1571,window,1,election:élection
2026,11/01/2026,Benin,Parliamentary,26551,post,15/12/2025,15/12/2025,-27,des images de la tanzanie utilisée pour faire croire à une manifestation à abidjan,https://dubawa.org/des-images-de-la-tanzanie-utilisee-pour-faire-croire-a-une-manifestation-a-abidjan/,4269|1571,window,1,election:élection
2026,11/01/2026,Benin,Parliamentary,26491,post,09/12/2025,09/12/2025,-33,how gambia’s most feared alleged jungler got arrested after 9 years,https://dubawa.org/how-gambias-most-feared-alleged-jungler-got-arrested-after-9-years/,123|1572|3815|2815,window,1,election:election|candidate
2026,11/01/2026,Benin,Parliamentary,26485,post,08/12/2025,08/12/2025,-34,"non, le président de transition de la guinée n a pas déclaré : « ceux qui ne croyaient pas en moi, vous avez compris je ne suis pas homme de parole »",https://dubawa.org/non-le-president-de-transition-de-la-guinee-na-pas-declare-ceux-qui-ne-croyaient-pas-en-moi-vous-avez-compris-je-ne-suis-pas-homme-de-parole/,4482|1571,window,1,election:élection
2026,11/01/2026,Benin,Parliamentary,26480,post,08/12/2025,08/12/2025,-34,la transition bissau-guinéenne durera-t-elle trois ans après le putsch de novembre 2025?,https://dubawa.org/la-transition-bissau-guineenne-durera-t-elle-trois-ans-apres-le-putsch-de-novembre-2025/,1571|4270,window,1,election:élection|vote
2026,11/01/2026,Benin,Parliamentary,26461,post,05/12/2025,05/12/2025,-37,false! petroleum price increased under boakai’s administration,https://dubawa.org/false-petroleum-price-increased-under-boakais-administration/,1571|4|3815|1960,window,1,election:election|runoff
2026,11/01/2026,Benin,Parliamentary,26449,post,05/12/2025,05/12/2025,-37,"does nigeria know its muslim, christian population?",https://dubawa.org/does-nigeria-know-its-muslim-christian-population/,1572|3812|3815|123,window,1,election:presidential
2026,11/01/2026,Benin,Parliamentary,26407,post,03/12/2025,03/12/2025,-39,"false! cdc, unity party combined votes during 2023 elections, not 1.4 million",https://dubawa.org/false-cdc-unity-party-combined-votes-during-2023-elections-not-1-4-million/,1571|4|3815|1960,window,1,election:election|vote|runoff
2026,11/01/2026,Benin,Parliamentary,26267,post,30/11/2025,25/11/2025,-42,does bee venom eliminate breast cancer cells?,https://dubawa.org/does-bee-venom-eliminate-breast-cancer-cells/,1571|437|3812|121|3815,window,1,election:candidate
2026,11/01/2026,Benin,Parliamentary,29803,post,19/06/2026,19/06/2026,159,bénin : fausse information sur l’arrestation de patrice talon,https://dubawa.org/benin-fausse-information-sur-larrestation-de-patrice-talon/,4519|1571,category-only,10,category:4519; title:benin; title:bénin; title:talon; body:wadagni
2026,11/01/2026,Benin,Parliamentary,28621,post,12/04/2026,12/04/2026,91,le candidat à la présidentielle romuald wadagni et sa colistière n ont pas distribué de l argent,https://dubawa.org/le-candidat-a-la-presidentielle-romuald-wadagni-et-sa-colistiere-nont-pas-distribue-de-largent/,4519,category-only,6,category:4519; body:bénin; title:wadagni
2026,12/04/2026,Benin,Presidential,29080,post,09/05/2026,09/05/2026,27,what you need to know about 2026 supplementary voter registration in gambia,https://dubawa.org/what-you-need-to-know-about-2026-supplementary-voter-registration-in-gambia/,1572|2815,window,1,election:election|vote|voter
2026,12/04/2026,Benin,Presidential,29062,post,09/05/2026,09/05/2026,27,"fg ban on “dr” prefix for honorary degree holders, incomplete",https://dubawa.org/fg-ban-on-dr-prefix-for-honorary-degree-holders-incomplete/,1572|122|3812|3815,window,1,body:benin
2026,12/04/2026,Benin,Presidential,29023,post,07/05/2026,07/05/2026,25,"us/israel-iran war: why condoms, safe sex may soon cost more in nigeria",https://dubawa.org/us-israel-iran-war-why-condoms-safe-sex-may-soon-cost-more-in-nigeria/,120|1572|3812|3815,window,1,body:benin
2026,12/04/2026,Benin,Presidential,29011,post,06/05/2026,06/05/2026,24,altered video of python at okomo farm plantation misleads many,https://dubawa.org/altered-video-of-python-at-okomo-farm-plantation-misleads-many/,1571|3812|3815|123,window,1,body:benin
2026,12/04/2026,Benin,Presidential,28950,post,04/05/2026,04/05/2026,22,"viral press release from all people’s congress party, fake",https://dubawa.org/viral-press-release-from-all-peoples-congress-party-fake/,1571|1268,window,1,election:election|presidential
2026,12/04/2026,Benin,Presidential,28940,post,03/05/2026,03/05/2026,21,"electricity subsidy removal, heart disease remedy, other claims fact-checked this week",https://dubawa.org/electricity-subsidy-removal-heart-disease-remedy-other-claims-fact-checked-this-week/,1571|1572|3812|3815|123,window,1,election:election|candidate|presidential
2026,12/04/2026,Benin,Presidential,28918,post,01/05/2026,01/05/2026,19,misleading! liberia’s national legislature’s budget is not more than the country’s security apparatus bill,https://dubawa.org/misleading-liberias-national-legislatures-budget-is-not-more-than-the-countrys-security-apparatus-bill/,437|1960,window,1,election:candidate
2026,12/04/2026,Benin,Presidential,28890,post,28/04/2026,28/04/2026,16,liberia’s house of representatives member expelled over guinea border crisis comment,https://dubawa.org/liberias-house-of-representatives-member-expelled-over-guinea-border-crisis-comment/,1572|1960,window,1,election:election|vote|legislative
2026,12/04/2026,Benin,Presidential,28884,post,28/04/2026,28/04/2026,16,old video of obasanjo reused to suggest criticism of tinubu’s government,https://dubawa.org/old-video-of-obasanjo-reused-to-suggest-criticism-of-tinubus-government/,1571|3812|3815|16,window,1,election:election|candidate|presidential
2026,12/04/2026,Benin,Presidential,28852,post,26/04/2026,26/04/2026,14,claim that lungi bridge was never promised by president bio is misleading,https://dubawa.org/claim-that-lungi-bridge-was-never-promised-by-president-bio-is-misleading/,1268,window,1,election:election
2026,12/04/2026,Benin,Presidential,28849,post,26/04/2026,26/04/2026,14,false! not all projects implemented during the unmil period were quick-impact projects,https://dubawa.org/false-not-all-projects-implemented-during-the-unmil-period-were-quick-impact-projects/,1960|120,window,1,election:presidential|legislative
2026,12/04/2026,Benin,Presidential,28842,post,25/04/2026,25/04/2026,13,false! bio did not announce third-term manifesto for 2028,https://dubawa.org/false-bio-did-not-announce-third-term-manifesto-for-2028/,1268,window,1,election:election|vote|voter
2026,12/04/2026,Benin,Presidential,28839,post,25/04/2026,25/04/2026,13,misinformation analysis: jos palm sunday attack,https://dubawa.org/misinformation-analysis-jos-palm-sunday-attack/,1571|1572|3812|3815|119,window,1,election:referendum
2026,12/04/2026,Benin,Presidential,28836,post,24/04/2026,24/04/2026,12,"false! bio has not ordered 100,000 litres of fuel for distribution across stations",https://dubawa.org/false-bio-has-not-ordered-100000-litres-of-fuel-for-distribution-across-stations/,1268|1571,window,1,election:presidential
2026,12/04/2026,Benin,Presidential,28769,post,21/04/2026,21/04/2026,9,dubawa round-up: top claims fact-checked last week,https://dubawa.org/dubawa-round-up-top-claims-fact-checked-last-week/,3812|1571|3815,window,1,election:vote
2026,12/04/2026,Benin,Presidential,28748,post,19/04/2026,19/04/2026,7,"viral image of  president bio at election rally, ai-generated",https://dubawa.org/viral-image-of-president-bio-at-election-rally-ai-generated/,1571|437|1268,window,1,election:election|candidate
2026,12/04/2026,Benin,Presidential,28707,post,16/04/2026,16/04/2026,4,"sierra leone won’t host 2099 afcon, viral image is ai-generated",https://dubawa.org/sierra-leone-wont-host-2099-afcon-viral-image-is-ai-generated/,437|1571|1268,window,1,election:vote
2026,12/04/2026,Benin,Presidential,28667,post,15/04/2026,14/04/2026,3,‘husband stitch’: the controversial after-birth suture that puts nigerian women at risk,https://dubawa.org/husband-stitch-the-controversial-after-birth-suture-that-puts-nigerian-women-at-risk/,123|4352|1571|3812|121|3815,window,1,election:legislative
2026,12/04/2026,Benin,Presidential,28684,post,14/04/2026,14/04/2026,2,false! samuel et’o was not elected as caf president,https://dubawa.org/false-samuel-eto-was-not-elected-as-caf-president/,1268|1571|3704,window,1,election:election|vote
2026,12/04/2026,Benin,Presidential,28518,post,06/04/2026,06/04/2026,-6,"round-up: jos killings, ai images, and rent law top claims fact-checked this week",https://dubawa.org/round-up-jos-killings-ai-images-and-rent-law-top-claims-fact-checked-this-week/,1571|3812|3815|123,window,1,election:parliament
2026,12/04/2026,Benin,Presidential,28454,post,04/04/2026,04/04/2026,-8,"false! sierra leone’s minimum wage was not le 20,000 during koroma ‘s tenure",https://dubawa.org/false-sierra-leones-minimum-wage-was-not-le-20000-during-koroma-s-tenure/,1268|1571|4|3815,window,1,election:parliament
2026,12/04/2026,Benin,Presidential,28412,post,30/03/2026,30/03/2026,-13,phishing sur whatsapp sur un prétendu appel à candidature dans la fonction publique en guinée,https://dubawa.org/phishing-sur-whatsapp-sur-un-pretendu-appel-a-candidature-dans-la-fonction-publique-en-guinee/,4482,window,1,election:élection
2026,12/04/2026,Benin,Presidential,28357,post,25/03/2026,25/03/2026,-18,false! fifa president did not say brahim diaz ‘intentionally’missed morocco s penalty,https://dubawa.org/false-fifa-president-did-not-say-brahim-diaz-intentionallymissed-moroccos-penalty/,3704|437|1571|3815|1268,window,1,election:presidential
2026,12/04/2026,Benin,Presidential,28330,post,24/03/2026,24/03/2026,-19,understanding key points of the national assembly enquiry into sale of former gambian president  jammeh’s assets,https://dubawa.org/understanding-key-points-of-the-national-assembly-enquiry-into-sale-of-former-gambian-president-jammehs-assets/,1572|435|2815,window,1,election:legislative
2026,12/04/2026,Benin,Presidential,28298,post,21/03/2026,21/03/2026,-22,does sierra leone have prime minister?,https://dubawa.org/does-sierra-leone-have-prime-minister/,1571|3815|1268,window,1,election:presidential
2026,12/04/2026,Benin,Presidential,28293,post,19/03/2026,19/03/2026,-24,call for applications: kwame karikari fact-checking and osint fellowship 2026,https://dubawa.org/call-for-applications-kwame-karikari-fact-checking-and-osint-fellowship-2026/,1688|1571|3812|3815,window,1,election:candidate
2026,12/04/2026,Benin,Presidential,28289,post,19/03/2026,19/03/2026,-24,"video of seyi praising tinubu s administration, not recent",https://dubawa.org/video-of-seyi-praising-tinubus-administration-not-recent/,437|1571|3812|3815|16,window,1,election:election|vote
2026,12/04/2026,Benin,Presidential,28213,post,16/03/2026,16/03/2026,-27,"claim israel’s parliament supports biafra and nnamdi kanu’s release, unfounded",https://dubawa.org/claim-israels-parliament-supports-biafra-and-nnamdi-kanus-release-unfounded/,1571|437|3812|3815|16,window,1,election:parliament
2026,12/04/2026,Benin,Presidential,28204,post,15/03/2026,15/03/2026,-28,"round-up: peter obi, gwoza massacre, biafra, others, top claims fact-checked this week",https://dubawa.org/round-up-peter-obi-gwoza-massacre-biafra-others-top-claims-fact-checked-this-week/,1571|1572|3812|1145,window,1,election:candidate|presidential
2026,12/04/2026,Benin,Presidential,28168,post,13/03/2026,13/03/2026,-30,namecheap: how us-based website harvests personal data of africans without consent,https://dubawa.org/namecheap-how-us-based-website-harvests-personal-data-of-africans-without-consent/,1571|437|3812|3815|123,window,1,election:election
2026,12/04/2026,Benin,Presidential,28180,post,13/03/2026,13/03/2026,-30,"false! no decision reached by president boakai, cabinet to demolish invisible sports park",https://dubawa.org/false-no-decision-reached-by-president-boakai-cabinet-to-demolish-invisible-sports-park/,1960|3815|3704,window,1,election:presidential
2026,12/04/2026,Benin,Presidential,28136,post,11/03/2026,11/03/2026,-32,une ancienne photo de umaro sissoco embaló présentée comme récente,https://dubawa.org/une-ancienne-photo-de-umaro-sissoco-embalo-presentee-comme-recente/,123|4270,window,1,election:vote
2026,12/04/2026,Benin,Presidential,28131,post,10/03/2026,10/03/2026,-33,"burkina faso massacre video falsely linked to terrorists’ attack in gwoza, borno",https://dubawa.org/burkina-faso-massacre-video-falsely-linked-to-terrorists-attack-in-gwoza-borno/,1571|3812|3815|119,window,1,election:vote|ballot
2026,12/04/2026,Benin,Presidential,28126,post,10/03/2026,10/03/2026,-33,false! peter obi did not say high food prices must be maintained to protect farmers,https://dubawa.org/false-peter-obi-did-not-say-high-food-prices-must-be-maintained-to-protect-farmers/,1571|120|3812|3815,window,1,election:election|candidate|presidential
2026,12/04/2026,Benin,Presidential,28103,post,08/03/2026,08/03/2026,-35,false! fewer people voted in nimba’s 2023 elections than registered voters,https://dubawa.org/false-fewer-people-voted-in-nimbas-2023-elections-than-registered-voters/,1571|437|3815|1960,window,1,election:election|vote|voter
2026,12/04/2026,Benin,Presidential,28092,post,06/03/2026,06/03/2026,-37,false! trump did not sign ‘nigeria disintegration bill’,https://dubawa.org/false-trump-did-not-sign-nigeria-disintegration-bill/,1571|437|3812|3815|16,window,1,election:legislative
2026,12/04/2026,Benin,Presidential,28018,post,01/03/2026,01/03/2026,-42,key red flags to recognise ai-assisted ponzi scheme adverts online,https://dubawa.org/key-red-flags-to-recognise-ai-assisted-ponzi-scheme-adverts-online/,1574|120|3812|3815,window,1,election:candidate|presidential
2026,12/04/2026,Benin,Presidential,28015,post,01/03/2026,01/03/2026,-42,"no evidence ribadu named tinubu, akpabio as most corrupt governors",https://dubawa.org/no-evidence-ribadu-named-tinubu-akpabio-as-most-corrupt-governors/,1571|3812|3815|123,window,1,election:legislative
2026,12/04/2026,Benin,Presidential,29803,post,19/06/2026,19/06/2026,68,bénin : fausse information sur l’arrestation de patrice talon,https://dubawa.org/benin-fausse-information-sur-larrestation-de-patrice-talon/,4519|1571,category-only,10,category:4519; title:benin; title:bénin; title:talon; body:wadagni
2026,12/04/2026,Benin,Presidential,27190,post,10/01/2026,10/01/2026,-92,bénin : aucune preuve n’atteste l’implication du président du niger dans la tentative de coup d’etat,https://dubawa.org/benin-aucune-preuve-natteste-limplication-du-president-du-niger-dans-la-tentative-de-coup-detat/,4519|1571,category-only,9,category:4519; title:benin; title:bénin; body:cotonou; body:talon
2026,12/04/2026,Benin,Presidential,26624,post,18/12/2025,06/01/2026,-115,un communiqué attribué à la présidence du faso accorde le statut de réfugié politique au colonel pascal tigri du bénin,https://dubawa.org/un-communique-attribue-a-la-presidence-du-faso-accorde-le-statut-de-refugie-politique-au-colonel-pascal-tigri-du-benin/,4519|1571,category-only,8,category:4519; title:benin; title:bénin; body:talon
2026,12/04/2026,Benin,Presidential,26587,post,15/12/2025,15/12/2025,-118,"non, le colonel pascal tigré n’est pas le nouveau président du bénin",https://dubawa.org/non-le-colonel-pascal-tigre-nest-pas-le-nouveau-president-du-benin/,1571|4519,category-only,8,category:4519; title:benin; title:bénin; body:talon
2026,12/04/2026,Benin,Presidential,26557,post,15/12/2025,15/12/2025,-118,le directeur général de la sécurité extérieure de la france a-t-il évoqué une intervention au bénin suite à la tentative de coup d état?,https://dubawa.org/le-directeur-general-de-la-securite-exterieure-de-la-france-a-t-il-evoque-une-intervention-au-benin-suite-a-la-tentative-de-coup-detat/,1571|4519,category-only,8,category:4519; title:benin; title:bénin; body:talon
2026,31/05/2026,Guinea,Parliamentary,30022,post,27/06/2026,27/06/2026,27,false! 30% of cdc’s candidates in liberia’s 2023 elections were not women,https://dubawa.org/false-30-of-cdcs-candidates-in-liberias-2023-elections-were-not-women/,1960,window,1,election:election|candidate|presidential
2026,31/05/2026,Guinea,Parliamentary,29997,post,26/06/2026,26/06/2026,26,"viral obasanjo’s farewell letter, false",https://dubawa.org/viral-obasanjos-farewell-letter-false/,1571|3812|3815|123,window,1,election:election|vote|candidate
2026,31/05/2026,Guinea,Parliamentary,29994,post,26/06/2026,26/06/2026,26,how alleged killing of yunusa mbye drowned: the gambia in shock and sorrow,https://dubawa.org/how-alleged-killing-of-yunusa-mbye-drowned-the-gambia-in-shock-and-sorrow/,2815,window,1,body:guinea
2026,31/05/2026,Guinea,Parliamentary,29975,post,26/06/2026,26/06/2026,26,did gambian electoral commission issue voter id to senegalese nationals?,https://dubawa.org/did-gambian-electoral-commission-issue-voter-id-to-senegalese-nationals/,1571|3812|3815|16|2815,window,1,election:election|vote|voter
2026,31/05/2026,Guinea,Parliamentary,29948,post,24/06/2026,24/06/2026,24,verifying claims on garri’s health risk,https://dubawa.org/verifying-claims-on-garris-health-risk/,1571|3812|121|3815,window,1,election:poll
2026,31/05/2026,Guinea,Parliamentary,29910,post,23/06/2026,23/06/2026,23,sierra leone launches health travel portal: a digital shield against disease outbreaks,https://dubawa.org/sierra-leone-launches-health-travel-portal-a-digital-shield-against-disease-outbreaks/,1268|1572,window,1,body:guinea
2026,31/05/2026,Guinea,Parliamentary,29886,post,21/06/2026,21/06/2026,21,"#ekitidecides2026: photos of sachet gin used for apc’s campaign, unrelated to election",https://dubawa.org/ekitidecides2026-photos-of-sachet-gin-used-for-apcs-campaign-unrelated-to-election/,1571|3812|3815,window,1,election:election|vote|by-election
2026,31/05/2026,Guinea,Parliamentary,29883,post,21/06/2026,21/06/2026,21,"#ekitidecides2026: claim apc not involved in vote buying, false",https://dubawa.org/ekitidecides2026-claim-apc-not-involved-in-vote-buying-false/,1571|3812|3815|16,window,1,election:election|vote|poll
2026,31/05/2026,Guinea,Parliamentary,29861,post,21/06/2026,20/06/2026,21,"dubawa round-up: late major general’s body, terrorists  jailbreak, other claims fact-checked last week",https://dubawa.org/dubawa-round-up-late-major-generals-body-terrorists-jailbreak-other-claims-fact-checked-last-week/,1572|3812|3815|123,window,1,election:election|candidate|presidential
2026,31/05/2026,Guinea,Parliamentary,29880,post,20/06/2026,20/06/2026,20,"why vote-buying persists in nigeria despite laws, arrests and repeated promises to stop it",https://dubawa.org/why-vote-buying-persists-in-nigeria-despite-laws-arrests-and-repeated-promises-to-stop-it/,1574|5|3812|3815|16,window,1,election:election|vote|voter
2026,31/05/2026,Guinea,Parliamentary,29869,post,20/06/2026,20/06/2026,20,misleading! secka’s claim president barrow’s office spent d1.2bn in 2025,https://dubawa.org/misleading-seckas-claim-president-barrows-office-spent-d1-2bn-in-2025/,2815,window,1,election:candidate|presidential
2026,31/05/2026,Guinea,Parliamentary,29854,post,20/06/2026,20/06/2026,20,"#ekitidecides2026: video showing unrest in isan-ekiti, not election-related",https://dubawa.org/ekitidecides2026-video-showing-unrest-in-isan-ekiti-not-election-related/,1571|5|437|3812|3815,window,1,election:election
2026,31/05/2026,Guinea,Parliamentary,29836,post,20/06/2026,20/06/2026,20,#ekitidecides2026: true! thirteen political parties cleared by inec,https://dubawa.org/ekitidecides2026-true-thirteen-political-parties-cleared-by-inec/,1571|5|437|3812|3815|16,window,1,election:candidate
2026,31/05/2026,Guinea,Parliamentary,29833,post,20/06/2026,20/06/2026,20,#ekitidecides2026: misleading! sdp did not withdraw support for peter obafemi,https://dubawa.org/ekitidecides2026-misleading-sdp-did-not-withdraw-support-for-peter-obafemi/,16|5|437|1571|3812|3815,window,1,election:election|vote|ballot
2026,31/05/2026,Guinea,Parliamentary,29827,post,20/06/2026,20/06/2026,20,"live checks: ekiti governorship election—saturday, june 20, 2026",https://dubawa.org/live-checks-ekiti-governorship-election-saturday-june-20-2026/,5|1571|3812|3815,window,1,election:election|vote|voter
2026,31/05/2026,Guinea,Parliamentary,29825,post,19/06/2026,20/06/2026,19,#ekitidecides2026: 6 ways to fact-check election rumours spread on whatsapp,https://dubawa.org/ekiti-decides-2026-6-ways-to-fact-check-election-rumours-spread-on-whatsapp/,1574|5|3812|3815,window,1,election:election|vote|voter
2026,31/05/2026,Guinea,Parliamentary,29822,post,19/06/2026,20/06/2026,19,#ekitidecides2026: how to authenticate election results,https://dubawa.org/ekiti-decides-2026-how-to-authenticate-election-results/,5|3812|3815|1574,window,1,election:election|vote|voter
2026,31/05/2026,Guinea,Parliamentary,29819,post,19/06/2026,20/06/2026,19,#ekitidecides2026: misleading! ekiti residents not collecting food items ahead guber election,https://dubawa.org/ekiti-2026-decides-misleading-ekiti-residents-not-collecting-food-items-ahead-guber-election/,5|437|1571|3812|3815|16,window,1,election:election
2026,31/05/2026,Guinea,Parliamentary,29814,post,19/06/2026,19/06/2026,19,fact-checking oyebanji’s election broadcast claims,https://dubawa.org/fact-checking-oyebanjis-election-broadcast-claims/,1571|5|3812|3815|16,window,1,election:election|presidential
2026,31/05/2026,Guinea,Parliamentary,29794,post,18/06/2026,20/06/2026,18,"pre-election fact-check: dubawa, nfc monitor mis/disinformation ahead of ekiti 2026 governorship election",https://dubawa.org/pre-election-fact-check-dubawa-nfc-monitor-mis-disinformation-ahead-of-ekiti-2026-governorship-election/,1571|5|3812|3815,window,1,election:election|candidate
2026,31/05/2026,Guinea,Parliamentary,29788,post,18/06/2026,18/06/2026,18,weaving against the flood: can gambian women stitch a living from plastic that drowned their streets?,https://dubawa.org/weaving-against-the-flood-can-gambian-women-stitch-a-living-from-plastic-that-drowned-their-streets/,2815,window,1,election:poll
2026,31/05/2026,Guinea,Parliamentary,29781,post,18/06/2026,18/06/2026,18,ekiti 2026: over one million voters to determine next governor,https://dubawa.org/ekiti-2026-over-one-million-voters-to-determine-next-governor/,1574|3812|3815,window,2,body:ceni; election:election|vote|voter
2026,31/05/2026,Guinea,Parliamentary,29765,post,17/06/2026,17/06/2026,17,"viral video of chris oyakilome’s election prophecy, recycled",https://dubawa.org/viral-video-of-chris-oyakilomes-election-prophecy-recycled/,1571|3812|3815|123,window,1,election:election|poll|candidate
2026,31/05/2026,Guinea,Parliamentary,29749,post,17/06/2026,17/06/2026,17,ekiti 2026: meet the candidates vying to be governor,https://dubawa.org/ekiti-2026-meet-the-candidates-vying-to-be-governor/,16|3812|3815|1574,window,1,election:election|vote|voter
2026,31/05/2026,Guinea,Parliamentary,29689,post,14/06/2026,14/06/2026,14,no evidence liberia’s ambassador to nigeria has been recalled,https://dubawa.org/no-evidence-liberias-ambassador-to-nigeria-has-been-recalled/,1571|1960,window,1,election:presidential
2026,31/05/2026,Guinea,Parliamentary,29655,post,12/06/2026,12/06/2026,12,bénin : le président romuald wadagni en russie ?,https://dubawa.org/benin-le-president-romuald-wadagni-en-russie/,4519,window,1,election:élection
2026,31/05/2026,Guinea,Parliamentary,29603,post,11/06/2026,11/06/2026,11,call for application: empowering northern radio stations to counter disinformation and promote peace,https://dubawa.org/call-for-application-empowering-northern-radio-stations-to-counter-disinformation-and-promote-peace/,1688|1571|3812|3815,window,1,election:election
2026,31/05/2026,Guinea,Parliamentary,29582,post,10/06/2026,10/06/2026,10,"viral video of tinubu, apc members sharing loans, unsubstantiated",https://dubawa.org/viral-video-of-tinubu-apc-members-sharing-loans-unsubstantiated/,1571|120|3812|3815,window,1,election:vote
2026,31/05/2026,Guinea,Parliamentary,29543,post,08/06/2026,08/06/2026,8,block tv gambia recirculates old footage as recent attack on kmc mayor,https://dubawa.org/block-tv-gambia-recirculates-old-footage-as-recent-attack-on-kmc-mayor/,1571|3812|3815|123|2815,window,1,election:election|vote|candidate
2026,31/05/2026,Guinea,Parliamentary,29516,post,05/06/2026,05/06/2026,5,false! cdc did not obtain 37% of the votes in lofa in 2023,https://dubawa.org/false-cdc-did-not-obtain-37-of-the-votes-in-lofa-in-2023/,1571|1960,window,1,election:election|vote|candidate
2026,31/05/2026,Guinea,Parliamentary,29501,post,05/06/2026,05/06/2026,5,embattled gambia’s army chief resigns amidst mounting pressure over alleged scandals,https://dubawa.org/embattled-gambias-army-chief-resigns-amidst-mounting-pressure-over-alleged-scandals/,1572|2815,window,1,election:election|candidate
2026,31/05/2026,Guinea,Parliamentary,29488,post,04/06/2026,04/06/2026,4,viral video of children unrelated to oyo school abduction,https://dubawa.org/viral-video-of-children-unrelated-to-oyo-school-abduction/,1571|437|3812|3815|119,window,1,election:vote
2026,31/05/2026,Guinea,Parliamentary,29467,post,03/06/2026,16/06/2026,3,"image of patient on drip in open vehicle, not from nigeria",https://dubawa.org/image-of-patient-on-drip-in-open-vehicle-not-from-nigeria/,1571|3812|3815|123,window,1,election:election
2026,31/05/2026,Guinea,Parliamentary,29433,post,01/06/2026,01/06/2026,1,duty and profit blur in the gambia’s military leadership,https://dubawa.org/duty-and-profit-blur-in-the-gambias-military-leadership/,2815|1572,window,1,election:election|candidate
2026,31/05/2026,Guinea,Parliamentary,29419,post,31/05/2026,31/05/2026,0,round-up: top six claims we verified this week,https://dubawa.org/round-up-top-six-claims-we-verified-this-week/,1572|3812|3815|123,window,1,election:election|vote|presidential
2026,31/05/2026,Guinea,Parliamentary,29367,post,29/05/2026,29/05/2026,-2,false! ebola not in liberia,https://dubawa.org/false-ebola-not-in-liberia/,1571|437|1960,window,1,body:guinea
2026,31/05/2026,Guinea,Parliamentary,29348,post,29/05/2026,29/05/2026,-2,the truth behind vdm’s purported voice note linked to president tinubu,https://dubawa.org/the-truth-behind-vdms-purported-voice-note-linked-to-president-tinubu/,1572|3812|3815|123|16,window,1,election:election|vote|presidential
2026,31/05/2026,Guinea,Parliamentary,29297,post,28/05/2026,28/05/2026,-3,false! peter obi did not win ndc’s presidential ticket,https://dubawa.org/false-peter-obi-did-not-win-ndcs-presidential-ticket/,1571|3812|3815|16,window,1,election:election|vote|candidate
2026,31/05/2026,Guinea,Parliamentary,29294,post,28/05/2026,28/05/2026,-3,false! paracetamol does not cure scorpion sting venom,https://dubawa.org/false-paracetamol-does-not-cure-scorpion-sting-venom/,1571|3812|121|3815,window,1,election:poll
2026,31/05/2026,Guinea,Parliamentary,29256,post,25/05/2026,25/05/2026,-6,"no flights, big fallout: the impact of air sierra leone’s shutdown",https://dubawa.org/no-flights-big-fallout-the-impact-of-air-sierra-leones-shutdown/,1268|1572,window,1,body:conakry
2026,31/05/2026,Guinea,Parliamentary,29251,post,25/05/2026,25/05/2026,-6,false! senator dillion did not obtain less than 2% votes in 2009 senatorial by-election,https://dubawa.org/false-senator-dillion-did-not-obtain-less-than-2-votes-in-2009-senatorial-by-election/,1571|437|1960,window,1,election:election|vote|ballot
2026,31/05/2026,Guinea,Parliamentary,29230,post,23/05/2026,23/05/2026,-8,"round-up: peter obi’s investment scheme, access bank free surgery, other top claims verified last week",https://dubawa.org/round-up-peter-obis-investment-scheme-access-bank-free-surgery-other-top-claims-verified-last-week/,1571|3812|3815|123,window,1,election:candidate|presidential
2026,31/05/2026,Guinea,Parliamentary,29168,post,18/05/2026,18/05/2026,-13,false! females not more than males in cape verde,https://dubawa.org/false-females-not-more-than-males-in-cape-verde/,1960,window,1,election:parliament
2026,31/05/2026,Guinea,Parliamentary,29158,post,18/05/2026,18/05/2026,-13,false! ernest bai koroma did not bring ebola to sierra leone,https://dubawa.org/false-ernest-bai-koroma-did-not-bring-ebola-to-sierra-leone/,1268,window,1,body:guinea
2026,31/05/2026,Guinea,Parliamentary,29136,post,17/05/2026,17/05/2026,-14,weekly round-up: trending claims dubawa verified this week,https://dubawa.org/weekly-round-up-trending-claims-dubawa-verified-this-week-6/,1572|3812|3815|123,window,1,election:election|presidential
2026,31/05/2026,Guinea,Parliamentary,29130,post,15/05/2026,15/05/2026,-16,false! former president koroma not dead,https://dubawa.org/false-former-president-koroma-not-dead/,1571|3815|1268,window,1,election:parliament
2026,31/05/2026,Guinea,Parliamentary,29127,post,15/05/2026,15/05/2026,-16,"claim tanzania government raised marriage age to 30, false",https://dubawa.org/claim-tanzania-government-raised-marriage-age-to-30-false/,1571|3812|3815|16,window,1,election:election|parliament
2026,31/05/2026,Guinea,Parliamentary,29118,post,13/05/2026,13/05/2026,-18,"from state house to storm centre: njie, jallow battle over power, loyalty and press freedom",https://dubawa.org/from-state-house-to-storm-centre-njie-jallow-battle-over-power-loyalty-and-press-freedom/,1572|2815,window,1,election:parliament|presidential|legislative
2026,31/05/2026,Guinea,Parliamentary,29099,post,13/05/2026,13/05/2026,-18,me ya kamata a sani game da cutar hantavirus bayan barkewar cutar da ta jawo rasa rayuka a jirgin ruwa,https://dubawa.org/what-you-need-to-know-about-hanta-virus-outbreaks-hanta-virus/,3137|2451,window,1,body:ceni
2026,31/05/2026,Guinea,Parliamentary,29085,post,11/05/2026,11/05/2026,-20,misleading! goodluck jonathan has not declared interest in 2027 presidency,https://dubawa.org/misleading-goodluck-jonathan-has-not-declared-interest-in-2027-presidency/,1571|3812|3815|16,window,1,election:election|candidate|presidential
2026,31/05/2026,Guinea,Parliamentary,29080,post,09/05/2026,09/05/2026,-22,what you need to know about 2026 supplementary voter registration in gambia,https://dubawa.org/what-you-need-to-know-about-2026-supplementary-voter-registration-in-gambia/,1572|2815,window,1,election:election|vote|voter
2026,31/05/2026,Guinea,Parliamentary,28950,post,04/05/2026,04/05/2026,-27,"viral press release from all people’s congress party, fake",https://dubawa.org/viral-press-release-from-all-peoples-congress-party-fake/,1571|1268,window,1,election:election|presidential
2026,31/05/2026,Guinea,Parliamentary,28940,post,03/05/2026,03/05/2026,-28,"electricity subsidy removal, heart disease remedy, other claims fact-checked this week",https://dubawa.org/electricity-subsidy-removal-heart-disease-remedy-other-claims-fact-checked-this-week/,1571|1572|3812|3815|123,window,1,election:election|candidate|presidential
2026,31/05/2026,Guinea,Parliamentary,28918,post,01/05/2026,01/05/2026,-30,misleading! liberia’s national legislature’s budget is not more than the country’s security apparatus bill,https://dubawa.org/misleading-liberias-national-legislatures-budget-is-not-more-than-the-countrys-security-apparatus-bill/,437|1960,window,2,body:guinea; election:candidate
2026,31/05/2026,Guinea,Parliamentary,28884,post,28/04/2026,28/04/2026,-33,old video of obasanjo reused to suggest criticism of tinubu’s government,https://dubawa.org/old-video-of-obasanjo-reused-to-suggest-criticism-of-tinubus-government/,1571|3812|3815|16,window,1,election:election|candidate|presidential
2026,31/05/2026,Guinea,Parliamentary,28852,post,26/04/2026,26/04/2026,-35,claim that lungi bridge was never promised by president bio is misleading,https://dubawa.org/claim-that-lungi-bridge-was-never-promised-by-president-bio-is-misleading/,1268,window,1,election:election
2026,31/05/2026,Guinea,Parliamentary,28849,post,26/04/2026,26/04/2026,-35,false! not all projects implemented during the unmil period were quick-impact projects,https://dubawa.org/false-not-all-projects-implemented-during-the-unmil-period-were-quick-impact-projects/,1960|120,window,1,election:presidential|legislative
2026,31/05/2026,Guinea,Parliamentary,28842,post,25/04/2026,25/04/2026,-36,false! bio did not announce third-term manifesto for 2028,https://dubawa.org/false-bio-did-not-announce-third-term-manifesto-for-2028/,1268,window,2,body:referendum; election:election|vote|voter
2026,31/05/2026,Guinea,Parliamentary,28839,post,25/04/2026,25/04/2026,-36,misinformation analysis: jos palm sunday attack,https://dubawa.org/misinformation-analysis-jos-palm-sunday-attack/,1571|1572|3812|3815|119,window,2,body:referendum; election:referendum
2026,31/05/2026,Guinea,Parliamentary,28836,post,24/04/2026,24/04/2026,-37,"false! bio has not ordered 100,000 litres of fuel for distribution across stations",https://dubawa.org/false-bio-has-not-ordered-100000-litres-of-fuel-for-distribution-across-stations/,1268|1571,window,1,election:presidential
2026,31/05/2026,Guinea,Parliamentary,28769,post,21/04/2026,21/04/2026,-40,dubawa round-up: top claims fact-checked last week,https://dubawa.org/dubawa-round-up-top-claims-fact-checked-last-week/,3812|1571|3815,window,1,election:vote
2026,31/05/2026,Guinea,Parliamentary,28748,post,19/04/2026,19/04/2026,-42,"viral image of  president bio at election rally, ai-generated",https://dubawa.org/viral-image-of-president-bio-at-election-rally-ai-generated/,1571|437|1268,window,1,election:election|candidate
2026,31/05/2026,Guinea,Parliamentary,31179,post,18/08/2026,18/08/2026,79,la guinée a-t-elle annoncé la suspension définitive de tiktok ?,https://dubawa.org/la-guinee-a-t-elle-annonce-la-suspension-definitive-de-tiktok/,4482,category-only,5,category:4482; title:guinée
2026,31/05/2026,Guinea,Parliamentary,30892,post,11/08/2026,11/08/2026,72,guinée : aucun recrutement en cours malgré l’annonce faite dans plusieurs médias,https://dubawa.org/guinee-aucun-recrutement-en-cours-malgre-lannonce-faite-dans-plusieurs-medias/,4482,category-only,5,category:4482; title:guinée
2026,31/05/2026,Guinea,Parliamentary,30248,post,10/07/2026,13/07/2026,40,que cache réellement la tension entre la guinée et la guinée-bissau ?,https://dubawa.org/que-cache-reellement-la-tension-entre-la-guinee-et-la-guinee-bissau/,4482,category-only,6,category:4482; title:guinée; body:conakry
2026,31/05/2026,Guinea,Parliamentary,30047,post,30/06/2026,30/06/2026,30,"le port d un t-shirt à l effigie de l’opposant guinéen, cellou dalein diallo, a-t-il conduit à une arrestation ?",https://dubawa.org/le-port-dun-t-shirt-a-leffigie-de-lopposant-guineen-cellou-dalein-diallo-a-t-il-conduit-a-une-arrestation/,4482,category-only,8,category:4482; title:guinée; body:conakry; title:cellou dalein
2026,31/05/2026,Guinea,Parliamentary,28444,post,03/04/2026,03/04/2026,-58,des soldats américains ont-ils été arrêtés en iran ?,https://dubawa.org/des-soldats-americains-ont-ils-ete-arretes-en-iran/,1571|4482,category-only,3,category:4482
2026,31/05/2026,Guinea,Parliamentary,28154,post,12/03/2026,12/03/2026,-80,les célébres artistes guinéens soul bang’s et manamba kanté victimes de fake news,https://dubawa.org/les-celebres-artistes-guineens-soul-bangs-et-manamba-kante-victimes-de-fake-news/,4482,category-only,6,category:4482; title:guinée; body:doumbouya
2026,31/05/2026,Guinea,Parliamentary,26957,post,29/12/2025,29/12/2025,-153,"guinée : attention, le contenu de cette vidéo d’une présentatrice critiquant la transition est un deepfake",https://dubawa.org/guinee-attention-le-contenu-de-cette-video-dune-presentatrice-critiquant-la-transition-est-un-deepfake/,4482|1571,category-only,6,category:4482; title:guinée; body:conakry
2026,31/05/2026,Guinea,Parliamentary,26671,post,22/12/2025,22/12/2025,-160,"guinée : non, 80 % de la population guinéenne ne parle pas le soussou",https://dubawa.org/guinee-non-80-de-la-population-guineenne-ne-parle-pas-le-soussou/,4482,category-only,5,category:4482; title:guinée
2026,31/05/2026,Guinea,Parliamentary,25865,post,11/11/2025,11/11/2025,-201,"désinformation, ia et élections en afrique : entretien avec peter cunliffe-jones",https://dubawa.org/desinformation-ia-et-elections-en-afrique-entretien-avec-peter-cunliffe-jones/,4482|1572,category-only,4,category:4482; election:election|élection|vote
2026,31/05/2026,Guinea,Parliamentary,25530,post,31/10/2025,31/10/2025,-212,"l’artiste guinéen, élie kamano, a-t-il critiqué le président du burkina faso?",https://dubawa.org/lartiste-guineen-elie-kamano-a-t-il-critique-le-president-du-burkina-faso/,4482|1571,category-only,6,category:4482; title:guinée; body:doumbouya
2026,31/05/2026,Guinea,Parliamentary,25241,post,22/10/2025,22/10/2025,-221,le secrétaire général de la présidence guinéenne a-t-il repris mot pour mot le discours du président mamadi doumbouya à l’onu ?,https://dubawa.org/le-secretaire-general-de-la-presidence-guineenne-a-t-il-repris-mot-pour-mot-le-discours-du-president-mamadi-doumbouya-a-lonu/,4482|1571|16,category-only,7,category:4482; title:guinée; title:doumbouya
2026,31/05/2026,Guinea,Parliamentary,25016,post,13/10/2025,13/10/2025,-230,la reconnaissance des langues nationales comme langues officielles ne réduit pas l’analphabétisme en guinée,https://dubawa.org/la-reconnaissance-des-langues-nationales-comme-langues-officielles-ne-reduit-pas-lanalphabetisme-en-guinee/,4482|1571,category-only,7,category:4482; title:guinée; body:doumbouya; body:référendum
2026,31/05/2026,Guinea,Parliamentary,24862,post,06/10/2025,11/10/2025,-237,le secrétaire général à la présidence guinéenne n’a pas prononcé son discours devant une salle vide à l’onu,https://dubawa.org/le-secretaire-general-a-la-presidence-guineenne-na-pas-prononce-son-discours-devant-une-salle-vide-a-lonu/,4482|1571,category-only,5,category:4482; title:guinée
2026,31/05/2026,Guinea,Parliamentary,24433,post,15/09/2025,23/09/2025,-258,guinée : une fausse annonce de recrutement du groupement des forces spéciales circule sur facebook,https://dubawa.org/guinee-une-fausse-annonce-de-recrutement-du-groupement-des-forces-speciales-circule-sur-facebook/,1571|4482,category-only,6,category:4482; title:guinée; body:doumbouya
2026,31/05/2026,Guinea,Parliamentary,24013,post,19/08/2025,20/08/2025,-285,guinée : des chiffres sur la répartition ethnique en 2025 circulent sur facebook sans aucune base officielle,https://dubawa.org/guinee-des-chiffres-sur-la-repartition-ethnique-en-2025-circulent-sur-facebook-sans-aucune-base-officielle/,4482,category-only,5,category:4482; title:guinée
2026,31/05/2026,Guinea,Parliamentary,23923,post,13/08/2025,13/08/2025,-291,guinée : fausse rumeur sur la réapparition de deux acteurs de la société civile en sierra leone,https://dubawa.org/guinee-fausse-rumeur-sur-la-reapparition-de-deux-acteurs-de-la-societe-civile-en-sierra-leone/,4482,category-only,6,category:4482; title:guinée; body:conakry